INFO 2026-05-20 10:20:13.742 t_record.py:325 Human-in-loop recording is enabled. Press 'i' to toggle takeover. Press 's' to mark success and end, 'f' to mark failure and end. Recorded `action` is the executed action. Policy output (when policy is enabled) is stored in `complementary_info.policy_action`. Collector source is stored in `complementary_info.collector_policy_id`. ACP inference: enable=False use_cfg=False cfg_beta=1.000.
INFO 2026-05-20 10:20:13.743 t_record.py:343 {'acp_inference': {'cfg_beta': 1.0, 'enable': False, 'use_cfg': False},
 'collector_policy_id_human': 'human',
 'collector_policy_id_policy': 'package_scan_model',
 'communication_retry_interval_s': 0.1,
 'communication_retry_timeout_s': 2.0,
 'dataset': {'episode_time_s': 60,
             'fps': 30,
             'num_episodes': 300,
             'num_image_writer_processes': 0,
             'num_image_writer_threads_per_camera': 4,
             'private': False,
             'push_to_hub': False,
             'rename_map': {},
             'repo_id': 'mmisrunning/package_scan',
             'reset_time_s': 5,
             'root': '/home/ghr/mm/dataset_next_round',
             'single_task': 'Grab the package and place it on the pallet.',
             'tags': None,
             'vcodec': 'libsvtav1',
             'video': True,
             'video_encoding_batch_size': 1},
 'default_episode_success': 'failure',
 'display_compressed_images': False,
 'display_data': False,
 'display_ip': None,
 'display_port': None,
 'enable_collector_policy_id': True,
 'enable_episode_outcome_labeling': True,
 'episode_failure_key': 'f',
 'episode_success_key': 's',
 'intervention_state_machine_enabled': True,
 'intervention_toggle_key': 'i',
 'play_sounds': True,
 'policy': {'action_expert_variant': 'gemma_300m',
            'chunk_size': 50,
            'compile_mode': 'max-autotune',
            'compile_model': False,
            'device': 'cuda',
            'dtype': 'bfloat16',
            'empty_cameras': 1,
            'freeze_vision_encoder': True,
            'gradient_checkpointing': True,
            'image_resolution': (224, 224),
            'input_features': {'observation.images.empty_camera_0': {'shape': (3,
                                                                               224,
                                                                               224),
                                                                     'type': <FeatureType.VISUAL: 'VISUAL'>},
                               'observation.images.top': {'shape': (3,
                                                                    480,
                                                                    640),
                                                          'type': <FeatureType.VISUAL: 'VISUAL'>},
                               'observation.images.wrist': {'shape': (3,
                                                                      480,
                                                                      640),
                                                            'type': <FeatureType.VISUAL: 'VISUAL'>},
                               'observation.state': {'shape': (7,),
                                                     'type': <FeatureType.STATE: 'STATE'>}},
            'license': None,
            'max_action_dim': 32,
            'max_period': 4.0,
            'max_state_dim': 32,
            'min_period': 0.004,
            'n_action_steps': 50,
            'n_obs_steps': 1,
            'normalization_mapping': {'ACTION': <NormalizationMode.QUANTILES: 'QUANTILES'>,
                                      'STATE': <NormalizationMode.QUANTILES: 'QUANTILES'>,
                                      'VISUAL': <NormalizationMode.IDENTITY: 'IDENTITY'>},
            'num_inference_steps': 10,
            'optimizer_betas': (0.9, 0.95),
            'optimizer_eps': 1e-08,
            'optimizer_grad_clip_norm': 1.0,
            'optimizer_lr': 2.5e-05,
            'optimizer_weight_decay': 0.01,
            'output_features': {'action': {'shape': (7,),
                                           'type': <FeatureType.ACTION: 'ACTION'>}},
            'paligemma_variant': 'gemma_2b',
            'pretrained_path': '/home/ghr/mm/package_scan_model',
            'private': None,
            'push_to_hub': False,
            'repo_id': None,
            'rtc_config': None,
            'scheduler_decay_lr': 2.5e-06,
            'scheduler_decay_steps': 20000,
            'scheduler_warmup_steps': 1000,
            'tags': None,
            'time_sampling_beta_alpha': 1.5,
            'time_sampling_beta_beta': 1.0,
            'time_sampling_offset': 0.001,
            'time_sampling_scale': 0.999,
            'tokenizer_max_length': 200,
            'train_expert_only': False,
            'use_amp': False,
            'use_peft': False},
 'policy_sync_parallel': True,
 'policy_sync_to_teleop': True,
 'require_episode_success_label': False,
 'resume': False,
 'robot': {'calibration_dir': None,
           'calibration_scale': 1000,
           'cameras': {'top': {'backend': <Cv2Backends.ANY: 0>,
                               'color_mode': <ColorMode.RGB: 'rgb'>,
                               'fourcc': None,
                               'fps': 30,
                               'height': 480,
                               'index_or_path': 6,
                               'rotation': <Cv2Rotation.NO_ROTATION: 0>,
                               'warmup_s': 1,
                               'width': 640},
                       'wrist': {'backend': <Cv2Backends.ANY: 0>,
                                 'color_mode': <ColorMode.RGB: 'rgb'>,
                                 'fourcc': None,
                                 'fps': 30,
                                 'height': 480,
                                 'index_or_path': 14,
                                 'rotation': <Cv2Rotation.NO_ROTATION: 0>,
                                 'warmup_s': 1,
                                 'width': 640}},
           'can_auto_init': True,
           'disable_on_disconnect': False,
           'enable_on_connect': True,
           'enable_timeout_s': 3.0,
           'gripper_effort_default': 1000,
           'gripper_status_code': 1,
           'high_follow': True,
           'id': 'my_piper_follower',
           'judge_flag': False,
           'log_level': 'WARNING',
           'mode_refresh_interval_s': 1.0,
           'port': 'can1',
           'require_calibration': True,
           'speed_ratio': 5,
           'startup_sleep_s': 0.1,
           'sync_gripper': True},
 'teleop': {'calibration_dir': None,
            'calibration_scale': 1000,
            'can_auto_init': True,
            'command_high_follow': True,
            'command_speed_ratio': 5,
            'disable_on_disconnect': False,
            'enable_timeout_s': 3.0,
            'fallback_to_feedback': True,
            'gravity_comp_base_rpy_deg': (0.0, 0.0, 0.0),
            'gravity_comp_control_hz': 200.0,
            'gravity_comp_mit_kd': 0.0,
            'gravity_comp_mit_kp': 0.0,
            'gravity_comp_torque_limit': 8.0,
            'gravity_comp_tx_ratio': (0.2, 0.2, 0.2, 0.2, 0.2, 0.2),
            'gripper_effort_default': 1000,
            'gripper_status_code': 1,
            'id': 'my_piper_leader',
            'judge_flag': False,
            'log_level': 'WARNING',
            'manual_control': True,
            'mode_refresh_interval_s': 1.0,
            'port': 'can0',
            'prefer_ctrl_messages': True,
            'require_calibration': True,
            'startup_sleep_s': 0.1,
            'sync_gripper': True}}
INFO 2026-05-20 10:20:13.752 t_record.py:371 dataset_features: {'action': {'dtype': 'float32', 'names': ['joint_1.pos', 'joint_2.pos', 'joint_3.pos', 'joint_4.pos', 'joint_5.pos', 'joint_6.pos', 'gripper.pos'], 'shape': (7,)}, 'observation.state': {'dtype': 'float32', 'names': ['joint_1.pos', 'joint_2.pos', 'joint_3.pos', 'joint_4.pos', 'joint_5.pos', 'joint_6.pos', 'gripper.pos'], 'shape': (7,)}, 'observation.images.wrist': {'dtype': 'video', 'shape': (480, 640, 3), 'names': ['height', 'width', 'channels']}, 'observation.images.top': {'dtype': 'video', 'shape': (480, 640, 3), 'names': ['height', 'width', 'channels']}}
INFO 2026-05-20 10:20:13.752 t_record.py:382 dataset_features: {'action': {'dtype': 'float32', 'names': ['joint_1.pos', 'joint_2.pos', 'joint_3.pos', 'joint_4.pos', 'joint_5.pos', 'joint_6.pos', 'gripper.pos'], 'shape': (7,)}, 'observation.state': {'dtype': 'float32', 'names': ['joint_1.pos', 'joint_2.pos', 'joint_3.pos', 'joint_4.pos', 'joint_5.pos', 'joint_6.pos', 'gripper.pos'], 'shape': (7,)}, 'observation.images.wrist': {'dtype': 'video', 'shape': (480, 640, 3), 'names': ['height', 'width', 'channels']}, 'observation.images.top': {'dtype': 'video', 'shape': (480, 640, 3), 'names': ['height', 'width', 'channels']}, 'complementary_info.policy_action': {'dtype': 'float32', 'shape': (7,), 'names': ['joint_1.pos', 'joint_2.pos', 'joint_3.pos', 'joint_4.pos', 'joint_5.pos', 'joint_6.pos', 'gripper.pos']}, 'complementary_info.is_intervention': {'dtype': 'float32', 'shape': (1,), 'names': ['is_intervention']}, 'complementary_info.state': {'dtype': 'float32', 'shape': (1,), 'names': ['state']}, 'complementary_info.collector_policy_id': {'dtype': 'string', 'shape': (1,), 'names': ['collector_policy_id']}}
INFO 2026-05-20 10:20:13.752 ls/utils.py:227 Stop recording
INFO 2026-05-20 10:20:15.009 ls/utils.py:227 Exiting
INFO 2026-05-20 10:21:17.888 t_record.py:325 Human-in-loop recording is enabled. Press 'i' to toggle takeover. Press 's' to mark success and end, 'f' to mark failure and end. Recorded `action` is the executed action. Policy output (when policy is enabled) is stored in `complementary_info.policy_action`. Collector source is stored in `complementary_info.collector_policy_id`. ACP inference: enable=False use_cfg=False cfg_beta=1.000.
INFO 2026-05-20 10:21:17.889 t_record.py:343 {'acp_inference': {'cfg_beta': 1.0, 'enable': False, 'use_cfg': False},
 'collector_policy_id_human': 'human',
 'collector_policy_id_policy': 'package_scan_model',
 'communication_retry_interval_s': 0.1,
 'communication_retry_timeout_s': 2.0,
 'dataset': {'episode_time_s': 60,
             'fps': 30,
             'num_episodes': 300,
             'num_image_writer_processes': 0,
             'num_image_writer_threads_per_camera': 4,
             'private': False,
             'push_to_hub': False,
             'rename_map': {},
             'repo_id': 'mmisrunning/package_scan',
             'reset_time_s': 5,
             'root': '/home/ghr/mm/dataset_next_round1',
             'single_task': 'Grab the package and place it on the pallet.',
             'tags': None,
             'vcodec': 'libsvtav1',
             'video': True,
             'video_encoding_batch_size': 1},
 'default_episode_success': 'failure',
 'display_compressed_images': False,
 'display_data': False,
 'display_ip': None,
 'display_port': None,
 'enable_collector_policy_id': True,
 'enable_episode_outcome_labeling': True,
 'episode_failure_key': 'f',
 'episode_success_key': 's',
 'intervention_state_machine_enabled': True,
 'intervention_toggle_key': 'i',
 'play_sounds': True,
 'policy': {'action_expert_variant': 'gemma_300m',
            'chunk_size': 50,
            'compile_mode': 'max-autotune',
            'compile_model': False,
            'device': 'cuda',
            'dtype': 'bfloat16',
            'empty_cameras': 1,
            'freeze_vision_encoder': True,
            'gradient_checkpointing': True,
            'image_resolution': (224, 224),
            'input_features': {'observation.images.empty_camera_0': {'shape': (3,
                                                                               224,
                                                                               224),
                                                                     'type': <FeatureType.VISUAL: 'VISUAL'>},
                               'observation.images.top': {'shape': (3,
                                                                    480,
                                                                    640),
                                                          'type': <FeatureType.VISUAL: 'VISUAL'>},
                               'observation.images.wrist': {'shape': (3,
                                                                      480,
                                                                      640),
                                                            'type': <FeatureType.VISUAL: 'VISUAL'>},
                               'observation.state': {'shape': (7,),
                                                     'type': <FeatureType.STATE: 'STATE'>}},
            'license': None,
            'max_action_dim': 32,
            'max_period': 4.0,
            'max_state_dim': 32,
            'min_period': 0.004,
            'n_action_steps': 50,
            'n_obs_steps': 1,
            'normalization_mapping': {'ACTION': <NormalizationMode.QUANTILES: 'QUANTILES'>,
                                      'STATE': <NormalizationMode.QUANTILES: 'QUANTILES'>,
                                      'VISUAL': <NormalizationMode.IDENTITY: 'IDENTITY'>},
            'num_inference_steps': 10,
            'optimizer_betas': (0.9, 0.95),
            'optimizer_eps': 1e-08,
            'optimizer_grad_clip_norm': 1.0,
            'optimizer_lr': 2.5e-05,
            'optimizer_weight_decay': 0.01,
            'output_features': {'action': {'shape': (7,),
                                           'type': <FeatureType.ACTION: 'ACTION'>}},
            'paligemma_variant': 'gemma_2b',
            'pretrained_path': '/home/ghr/mm/package_scan_model',
            'private': None,
            'push_to_hub': False,
            'repo_id': None,
            'rtc_config': None,
            'scheduler_decay_lr': 2.5e-06,
            'scheduler_decay_steps': 20000,
            'scheduler_warmup_steps': 1000,
            'tags': None,
            'time_sampling_beta_alpha': 1.5,
            'time_sampling_beta_beta': 1.0,
            'time_sampling_offset': 0.001,
            'time_sampling_scale': 0.999,
            'tokenizer_max_length': 200,
            'train_expert_only': False,
            'use_amp': False,
            'use_peft': False},
 'policy_sync_parallel': True,
 'policy_sync_to_teleop': True,
 'require_episode_success_label': False,
 'resume': False,
 'robot': {'calibration_dir': None,
           'calibration_scale': 1000,
           'cameras': {'top': {'backend': <Cv2Backends.ANY: 0>,
                               'color_mode': <ColorMode.RGB: 'rgb'>,
                               'fourcc': None,
                               'fps': 30,
                               'height': 480,
                               'index_or_path': 6,
                               'rotation': <Cv2Rotation.NO_ROTATION: 0>,
                               'warmup_s': 1,
                               'width': 640},
                       'wrist': {'backend': <Cv2Backends.ANY: 0>,
                                 'color_mode': <ColorMode.RGB: 'rgb'>,
                                 'fourcc': None,
                                 'fps': 30,
                                 'height': 480,
                                 'index_or_path': 14,
                                 'rotation': <Cv2Rotation.NO_ROTATION: 0>,
                                 'warmup_s': 1,
                                 'width': 640}},
           'can_auto_init': True,
           'disable_on_disconnect': False,
           'enable_on_connect': True,
           'enable_timeout_s': 3.0,
           'gripper_effort_default': 1000,
           'gripper_status_code': 1,
           'high_follow': True,
           'id': 'my_piper_follower',
           'judge_flag': False,
           'log_level': 'WARNING',
           'mode_refresh_interval_s': 1.0,
           'port': 'can1',
           'require_calibration': True,
           'speed_ratio': 5,
           'startup_sleep_s': 0.1,
           'sync_gripper': True},
 'teleop': {'calibration_dir': None,
            'calibration_scale': 1000,
            'can_auto_init': True,
            'command_high_follow': True,
            'command_speed_ratio': 5,
            'disable_on_disconnect': False,
            'enable_timeout_s': 3.0,
            'fallback_to_feedback': True,
            'gravity_comp_base_rpy_deg': (0.0, 0.0, 0.0),
            'gravity_comp_control_hz': 200.0,
            'gravity_comp_mit_kd': 0.0,
            'gravity_comp_mit_kp': 0.0,
            'gravity_comp_torque_limit': 8.0,
            'gravity_comp_tx_ratio': (0.2, 0.2, 0.2, 0.2, 0.2, 0.2),
            'gripper_effort_default': 1000,
            'gripper_status_code': 1,
            'id': 'my_piper_leader',
            'judge_flag': False,
            'log_level': 'WARNING',
            'manual_control': True,
            'mode_refresh_interval_s': 1.0,
            'port': 'can0',
            'prefer_ctrl_messages': True,
            'require_calibration': True,
            'startup_sleep_s': 0.1,
            'sync_gripper': True}}
INFO 2026-05-20 10:21:17.898 t_record.py:371 dataset_features: {'action': {'dtype': 'float32', 'names': ['joint_1.pos', 'joint_2.pos', 'joint_3.pos', 'joint_4.pos', 'joint_5.pos', 'joint_6.pos', 'gripper.pos'], 'shape': (7,)}, 'observation.state': {'dtype': 'float32', 'names': ['joint_1.pos', 'joint_2.pos', 'joint_3.pos', 'joint_4.pos', 'joint_5.pos', 'joint_6.pos', 'gripper.pos'], 'shape': (7,)}, 'observation.images.wrist': {'dtype': 'video', 'shape': (480, 640, 3), 'names': ['height', 'width', 'channels']}, 'observation.images.top': {'dtype': 'video', 'shape': (480, 640, 3), 'names': ['height', 'width', 'channels']}}
INFO 2026-05-20 10:21:17.898 t_record.py:382 dataset_features: {'action': {'dtype': 'float32', 'names': ['joint_1.pos', 'joint_2.pos', 'joint_3.pos', 'joint_4.pos', 'joint_5.pos', 'joint_6.pos', 'gripper.pos'], 'shape': (7,)}, 'observation.state': {'dtype': 'float32', 'names': ['joint_1.pos', 'joint_2.pos', 'joint_3.pos', 'joint_4.pos', 'joint_5.pos', 'joint_6.pos', 'gripper.pos'], 'shape': (7,)}, 'observation.images.wrist': {'dtype': 'video', 'shape': (480, 640, 3), 'names': ['height', 'width', 'channels']}, 'observation.images.top': {'dtype': 'video', 'shape': (480, 640, 3), 'names': ['height', 'width', 'channels']}, 'complementary_info.policy_action': {'dtype': 'float32', 'shape': (7,), 'names': ['joint_1.pos', 'joint_2.pos', 'joint_3.pos', 'joint_4.pos', 'joint_5.pos', 'joint_6.pos', 'gripper.pos']}, 'complementary_info.is_intervention': {'dtype': 'float32', 'shape': (1,), 'names': ['is_intervention']}, 'complementary_info.state': {'dtype': 'float32', 'shape': (1,), 'names': ['state']}, 'complementary_info.collector_policy_id': {'dtype': 'string', 'shape': (1,), 'names': ['collector_policy_id']}}
INFO 2026-05-20 10:21:39.179 ing_pi05.py:592 Enabled gradient checkpointing for PI05Pytorch model
WARNING 2026-05-20 10:21:39.808 ng_pi05.py:1098 Vision embedding key might need handling: model.paligemma_with_expert.paligemma.model.vision_tower.vision_model.embeddings.patch_embedding.bias
WARNING 2026-05-20 10:21:39.808 ng_pi05.py:1098 Vision embedding key might need handling: model.paligemma_with_expert.paligemma.model.vision_tower.vision_model.embeddings.patch_embedding.weight
INFO 2026-05-20 10:21:42.119 a_opencv.py:179 OpenCVCamera(14) connected.
INFO 2026-05-20 10:21:43.338 a_opencv.py:179 OpenCVCamera(6) connected.
INFO 2026-05-20 10:21:43.338 follower.py:139 my_piper_follower PiperFollower connected.
INFO 2026-05-20 10:21:44.406 r_leader.py:130 my_piper_leader PiperLeader connected.
INFO 2026-05-20 10:21:44.407 t_record.py:446 robot and teleop all conected
INFO 2026-05-20 10:21:44.408 op_record.py:77 Loaded failure_reset_pose from /home/ghr/.cache/huggingface/lerobot/failure_reset_pose/piper_follower_my_piper_follower.json
INFO 2026-05-20 10:21:44.437 rol_utils.py:66 pynput unavailable; using headless controls instead: this platform is not supported: ('failed to acquire X connection: Bad display name ""', DisplayNameError(''))

Try one of the following resolutions:

 * Please make sure that you have an X server running, and that the DISPLAY environment variable is set correctly
WARNING 2026-05-20 10:21:44.437 ol_utils.py:320 Headless environment detected. Using terminal keyboard controls over the current TTY; on-screen camera display remains unavailable.
INFO 2026-05-20 10:21:44.437 ls/utils.py:227 Recording episode 0
INFO 2026-05-20 10:21:44.770 follower.py:295 follower [-336, 980, 408, -596, 18625, -99]
INFO 2026-05-20 10:21:44.783 follower.py:295 follower [-254, 992, 408, -671, 18597, -126]
INFO 2026-05-20 10:21:44.837 follower.py:295 follower [-466, 708, 408, -794, 18548, -144]
INFO 2026-05-20 10:21:44.895 follower.py:295 follower [-380, 864, 408, -694, 18649, -405]
INFO 2026-05-20 10:21:44.936 follower.py:295 follower [29, 342, 408, -765, 18650, -54]
INFO 2026-05-20 10:21:44.999 follower.py:295 follower [-224, 502, 408, -788, 18510, -241]
INFO 2026-05-20 10:21:45.030 follower.py:295 follower [-277, 295, 408, -684, 18542, -11]
INFO 2026-05-20 10:21:45.103 follower.py:295 follower [-277, 639, 408, -796, 18417, -137]
INFO 2026-05-20 10:21:45.130 follower.py:295 follower [-173, 765, 408, -775, 18453, -134]
INFO 2026-05-20 10:21:45.204 follower.py:295 follower [-3, 1443, 408, -676, 18357, -112]
INFO 2026-05-20 10:21:45.230 follower.py:295 follower [-259, 1355, 408, -622, 18415, -149]
INFO 2026-05-20 10:21:45.304 follower.py:295 follower [-197, 1569, 408, -780, 18308, -126]
INFO 2026-05-20 10:21:45.332 follower.py:295 follower [-261, 2479, 408, -679, 18223, 21]
INFO 2026-05-20 10:21:45.412 follower.py:295 follower [-68, 2831, -29, -414, 18243, 103]
INFO 2026-05-20 10:21:45.429 follower.py:295 follower [-239, 4058, -640, -904, 18035, 181]
INFO 2026-05-20 10:21:45.500 follower.py:295 follower [-242, 5210, -1317, -878, 18107, 128]
INFO 2026-05-20 10:21:45.535 follower.py:295 follower [-293, 6590, -2130, -963, 18095, 235]
INFO 2026-05-20 10:21:45.592 follower.py:295 follower [-514, 8933, -3493, -845, 18050, -8]
INFO 2026-05-20 10:21:45.650 follower.py:295 follower [-849, 10380, -5044, -1044, 18081, 273]
INFO 2026-05-20 10:21:45.687 follower.py:295 follower [-1309, 12550, -6207, -1004, 18125, 216]
INFO 2026-05-20 10:21:45.754 follower.py:295 follower [-1432, 14620, -7539, -1390, 18127, 386]
INFO 2026-05-20 10:21:45.788 follower.py:295 follower [-1447, 16624, -8715, -1262, 18148, 50]
INFO 2026-05-20 10:21:45.854 follower.py:295 follower [-1706, 18523, -10263, -1574, 18310, 215]
INFO 2026-05-20 10:21:45.884 follower.py:295 follower [-2089, 21320, -11552, -1280, 18488, 80]
INFO 2026-05-20 10:21:45.949 follower.py:295 follower [-2247, 22995, -13546, -1575, 18419, 183]
INFO 2026-05-20 10:21:45.990 follower.py:295 follower [-2532, 25388, -15470, -1652, 18527, 402]
INFO 2026-05-20 10:21:46.059 follower.py:295 follower [-3010, 28469, -16743, -1546, 18448, 388]
INFO 2026-05-20 10:21:46.080 follower.py:295 follower [-3599, 30984, -18926, -1361, 18383, 246]
INFO 2026-05-20 10:21:46.130 follower.py:295 follower [-4300, 33002, -20253, -1591, 18622, 368]
INFO 2026-05-20 10:21:46.181 follower.py:295 follower [-4978, 35223, -21723, -1795, 18600, 313]
INFO 2026-05-20 10:21:46.238 follower.py:295 follower [-5626, 37710, -23500, -1308, 18620, 104]
INFO 2026-05-20 10:21:46.313 follower.py:295 follower [-6466, 40099, -24957, -1546, 18567, 393]
INFO 2026-05-20 10:21:46.330 follower.py:295 follower [-7153, 42390, -26874, -1796, 18571, 282]
INFO 2026-05-20 10:21:46.385 follower.py:295 follower [-8009, 44398, -28853, -1441, 18677, 118]
INFO 2026-05-20 10:21:46.444 follower.py:295 follower [-8339, 46426, -30162, -1413, 18717, 202]
INFO 2026-05-20 10:21:46.493 follower.py:295 follower [-8961, 48517, -31387, -1558, 18736, 301]
INFO 2026-05-20 10:21:46.558 follower.py:295 follower [-9665, 51106, -33296, -1671, 18754, 163]
INFO 2026-05-20 10:21:46.580 follower.py:295 follower [-10355, 53005, -34902, -1099, 18799, 359]
INFO 2026-05-20 10:21:46.640 follower.py:295 follower [-10759, 55194, -36192, -1498, 18883, 359]
INFO 2026-05-20 10:21:46.713 follower.py:295 follower [-11258, 57169, -38257, -1274, 18950, 129]
INFO 2026-05-20 10:21:46.733 follower.py:295 follower [-11850, 58932, -39692, -1451, 18899, 251]
INFO 2026-05-20 10:21:46.805 follower.py:295 follower [-12076, 61290, -41514, -1224, 18959, 424]
INFO 2026-05-20 10:21:46.836 follower.py:295 follower [-12273, 63635, -43757, -1109, 19031, 432]
INFO 2026-05-20 10:21:46.909 follower.py:295 follower [-12461, 65835, -45131, -1111, 19046, 471]
INFO 2026-05-20 10:21:46.935 follower.py:295 follower [-12648, 67879, -46682, -944, 19221, 545]
INFO 2026-05-20 10:21:46.992 follower.py:295 follower [-12640, 69546, -48387, -1007, 19289, 604]
INFO 2026-05-20 10:21:47.058 follower.py:295 follower [-12836, 71806, -49724, -1030, 19330, 614]
INFO 2026-05-20 10:21:47.088 follower.py:295 follower [-12796, 74060, -51857, -856, 19486, 676]
INFO 2026-05-20 10:21:47.155 follower.py:295 follower [-12753, 75617, -53140, -815, 19691, 658]
INFO 2026-05-20 10:21:47.189 follower.py:295 follower [-12965, 77779, -54440, -996, 19800, 917]
INFO 2026-05-20 10:21:47.381 follower.py:295 follower [-143, 1078, -1, -527, 18486, -587]
INFO 2026-05-20 10:21:47.395 follower.py:295 follower [-439, 1218, 99, -415, 18503, -475]
INFO 2026-05-20 10:21:47.460 follower.py:295 follower [-397, 1276, 78, -640, 18354, -440]
INFO 2026-05-20 10:21:47.489 follower.py:295 follower [-461, 1580, 408, -311, 18468, -524]
INFO 2026-05-20 10:21:47.548 follower.py:295 follower [-401, 1238, 408, -522, 18206, -520]
INFO 2026-05-20 10:21:47.601 follower.py:295 follower [-386, 1061, 14, -722, 18365, -93]
INFO 2026-05-20 10:21:47.651 follower.py:295 follower [-236, 1325, 408, -429, 18389, -366]
INFO 2026-05-20 10:21:47.709 follower.py:295 follower [-376, 1194, 74, -436, 18298, -362]
INFO 2026-05-20 10:21:47.748 follower.py:295 follower [-609, 1607, 80, -231, 18303, -223]
INFO 2026-05-20 10:21:47.816 follower.py:295 follower [-219, 2114, -116, -710, 18344, -396]
INFO 2026-05-20 10:21:47.840 follower.py:295 follower [-220, 1927, -13, -613, 18257, -46]
INFO 2026-05-20 10:21:47.898 follower.py:295 follower [-411, 2845, -706, -170, 18374, -225]
INFO 2026-05-20 10:21:47.954 follower.py:295 follower [-517, 2838, -291, -550, 18336, -381]
INFO 2026-05-20 10:21:48.004 follower.py:295 follower [-586, 4311, -938, -861, 18217, -179]
INFO 2026-05-20 10:21:48.059 follower.py:295 follower [-338, 5465, -1763, -666, 18404, -156]
INFO 2026-05-20 10:21:48.100 follower.py:295 follower [-424, 6217, -2125, -910, 18568, 263]
INFO 2026-05-20 10:21:48.155 follower.py:295 follower [-238, 7730, -3440, -410, 18652, 373]
INFO 2026-05-20 10:21:48.200 follower.py:295 follower [-570, 9293, -4054, -1177, 18841, -47]
INFO 2026-05-20 10:21:48.257 follower.py:295 follower [-1019, 10920, -5167, -1302, 18822, -293]
INFO 2026-05-20 10:21:48.304 follower.py:295 follower [-512, 12325, -5938, -1510, 18842, 208]
INFO 2026-05-20 10:21:48.350 follower.py:295 follower [-902, 13657, -7439, -1762, 18891, -127]
INFO 2026-05-20 10:21:48.408 follower.py:295 follower [-722, 15706, -8263, -1809, 18857, -74]
INFO 2026-05-20 10:21:48.453 follower.py:295 follower [-957, 17667, -10019, -1808, 18963, 35]
INFO 2026-05-20 10:21:48.505 follower.py:295 follower [-742, 19543, -10860, -1906, 19031, -93]
INFO 2026-05-20 10:21:48.556 follower.py:295 follower [-965, 21610, -12331, -2210, 19146, -52]
INFO 2026-05-20 10:21:48.596 follower.py:295 follower [-1310, 23816, -14011, -2126, 19104, -214]
INFO 2026-05-20 10:21:48.683 follower.py:295 follower [-1397, 26138, -15294, -1962, 19214, 126]
INFO 2026-05-20 10:21:48.696 follower.py:295 follower [-1570, 28474, -16649, -2417, 19190, 85]
INFO 2026-05-20 10:21:48.765 follower.py:295 follower [-1828, 30841, -18424, -2171, 19314, 43]
INFO 2026-05-20 10:21:48.791 follower.py:295 follower [-1954, 32870, -19927, -2308, 19404, 65]
INFO 2026-05-20 10:21:48.867 follower.py:295 follower [-2105, 35438, -21385, -2552, 19359, -206]
INFO 2026-05-20 10:21:48.893 follower.py:295 follower [-2662, 37712, -23496, -2466, 19530, -73]
INFO 2026-05-20 10:21:48.968 follower.py:295 follower [-2817, 39749, -25104, -2546, 19386, -123]
INFO 2026-05-20 10:21:48.992 follower.py:295 follower [-3256, 42338, -26709, -2953, 19462, 97]
INFO 2026-05-20 10:21:49.054 follower.py:295 follower [-3720, 44713, -28481, -2476, 19568, 30]
INFO 2026-05-20 10:21:49.099 follower.py:295 follower [-3925, 46724, -29979, -2458, 19570, -4]
INFO 2026-05-20 10:21:49.169 follower.py:295 follower [-4633, 49022, -31413, -2551, 19703, 135]
INFO 2026-05-20 10:21:49.191 follower.py:295 follower [-4681, 50954, -32823, -2605, 19543, 13]
INFO 2026-05-20 10:21:49.268 follower.py:295 follower [-4793, 53748, -34878, -2483, 19685, 1]
INFO 2026-05-20 10:21:49.291 follower.py:295 follower [-5157, 55795, -36522, -2684, 19839, 56]
INFO 2026-05-20 10:21:49.353 follower.py:295 follower [-5646, 58493, -37880, -2594, 19936, 38]
INFO 2026-05-20 10:21:49.418 follower.py:295 follower [-5583, 60281, -39790, -2764, 20236, -53]
INFO 2026-05-20 10:21:49.445 follower.py:295 follower [-5956, 62073, -41355, -2679, 20229, 27]
INFO 2026-05-20 10:21:49.520 follower.py:295 follower [-6162, 64196, -43146, -2599, 20553, 67]
INFO 2026-05-20 10:21:49.544 follower.py:295 follower [-6140, 66755, -44386, -2638, 20879, 163]
INFO 2026-05-20 10:21:49.560 ls/utils.py:227 Stop recording
INFO 2026-05-20 10:21:50.824 a_opencv.py:592 OpenCVCamera(14) disconnected.
INFO 2026-05-20 10:21:50.843 a_opencv.py:592 OpenCVCamera(6) disconnected.
INFO 2026-05-20 10:21:50.843 follower.py:340 my_piper_follower PiperFollower disconnected.
INFO 2026-05-20 10:21:50.844 r_leader.py:468 my_piper_leader PiperLeader disconnected.
INFO 2026-05-20 10:21:50.871 ls/utils.py:227 Exiting
INFO 2026-05-20 11:17:18.702 t_record.py:325 Human-in-loop recording is enabled. Press 'i' to toggle takeover. Press 's' to mark success and end, 'f' to mark failure and end. Recorded `action` is the executed action. Policy output (when policy is enabled) is stored in `complementary_info.policy_action`. Collector source is stored in `complementary_info.collector_policy_id`. ACP inference: enable=False use_cfg=False cfg_beta=1.000.
INFO 2026-05-20 11:17:18.703 t_record.py:343 {'acp_inference': {'cfg_beta': 1.0, 'enable': False, 'use_cfg': False},
 'collector_policy_id_human': 'human',
 'collector_policy_id_policy': 'package_scan_model',
 'communication_retry_interval_s': 0.1,
 'communication_retry_timeout_s': 2.0,
 'dataset': {'episode_time_s': 60,
             'fps': 30,
             'num_episodes': 300,
             'num_image_writer_processes': 0,
             'num_image_writer_threads_per_camera': 4,
             'private': False,
             'push_to_hub': False,
             'rename_map': {},
             'repo_id': 'mmisrunning/package_scan',
             'reset_time_s': 5,
             'root': '/home/ghr/mm/dataset_next_round1',
             'single_task': 'Grab the package and place it on the pallet.',
             'tags': None,
             'vcodec': 'libsvtav1',
             'video': True,
             'video_encoding_batch_size': 1},
 'default_episode_success': 'failure',
 'display_compressed_images': False,
 'display_data': False,
 'display_ip': None,
 'display_port': None,
 'enable_collector_policy_id': True,
 'enable_episode_outcome_labeling': True,
 'episode_failure_key': 'f',
 'episode_success_key': 's',
 'intervention_state_machine_enabled': True,
 'intervention_toggle_key': 'i',
 'play_sounds': True,
 'policy': {'action_expert_variant': 'gemma_300m',
            'chunk_size': 50,
            'compile_mode': 'max-autotune',
            'compile_model': False,
            'device': 'cuda',
            'dtype': 'bfloat16',
            'empty_cameras': 1,
            'freeze_vision_encoder': True,
            'gradient_checkpointing': True,
            'image_resolution': (224, 224),
            'input_features': {'observation.images.empty_camera_0': {'shape': (3,
                                                                               224,
                                                                               224),
                                                                     'type': <FeatureType.VISUAL: 'VISUAL'>},
                               'observation.images.top': {'shape': (3,
                                                                    480,
                                                                    640),
                                                          'type': <FeatureType.VISUAL: 'VISUAL'>},
                               'observation.images.wrist': {'shape': (3,
                                                                      480,
                                                                      640),
                                                            'type': <FeatureType.VISUAL: 'VISUAL'>},
                               'observation.state': {'shape': (7,),
                                                     'type': <FeatureType.STATE: 'STATE'>}},
            'license': None,
            'max_action_dim': 32,
            'max_period': 4.0,
            'max_state_dim': 32,
            'min_period': 0.004,
            'n_action_steps': 50,
            'n_obs_steps': 1,
            'normalization_mapping': {'ACTION': <NormalizationMode.QUANTILES: 'QUANTILES'>,
                                      'STATE': <NormalizationMode.QUANTILES: 'QUANTILES'>,
                                      'VISUAL': <NormalizationMode.IDENTITY: 'IDENTITY'>},
            'num_inference_steps': 10,
            'optimizer_betas': (0.9, 0.95),
            'optimizer_eps': 1e-08,
            'optimizer_grad_clip_norm': 1.0,
            'optimizer_lr': 2.5e-05,
            'optimizer_weight_decay': 0.01,
            'output_features': {'action': {'shape': (7,),
                                           'type': <FeatureType.ACTION: 'ACTION'>}},
            'paligemma_variant': 'gemma_2b',
            'pretrained_path': '/home/ghr/mm/package_scan_model',
            'private': None,
            'push_to_hub': False,
            'repo_id': None,
            'rtc_config': None,
            'scheduler_decay_lr': 2.5e-06,
            'scheduler_decay_steps': 20000,
            'scheduler_warmup_steps': 1000,
            'tags': None,
            'time_sampling_beta_alpha': 1.5,
            'time_sampling_beta_beta': 1.0,
            'time_sampling_offset': 0.001,
            'time_sampling_scale': 0.999,
            'tokenizer_max_length': 200,
            'train_expert_only': False,
            'use_amp': False,
            'use_peft': False},
 'policy_sync_parallel': True,
 'policy_sync_to_teleop': True,
 'require_episode_success_label': False,
 'resume': False,
 'robot': {'calibration_dir': None,
           'calibration_scale': 1000,
           'cameras': {'top': {'backend': <Cv2Backends.ANY: 0>,
                               'color_mode': <ColorMode.RGB: 'rgb'>,
                               'fourcc': None,
                               'fps': 30,
                               'height': 480,
                               'index_or_path': 6,
                               'rotation': <Cv2Rotation.NO_ROTATION: 0>,
                               'warmup_s': 1,
                               'width': 640},
                       'wrist': {'backend': <Cv2Backends.ANY: 0>,
                                 'color_mode': <ColorMode.RGB: 'rgb'>,
                                 'fourcc': None,
                                 'fps': 30,
                                 'height': 480,
                                 'index_or_path': 14,
                                 'rotation': <Cv2Rotation.NO_ROTATION: 0>,
                                 'warmup_s': 1,
                                 'width': 640}},
           'can_auto_init': True,
           'disable_on_disconnect': False,
           'enable_on_connect': True,
           'enable_timeout_s': 3.0,
           'gripper_effort_default': 1000,
           'gripper_status_code': 1,
           'high_follow': True,
           'id': 'my_piper_follower',
           'judge_flag': False,
           'log_level': 'WARNING',
           'mode_refresh_interval_s': 1.0,
           'port': 'can1',
           'require_calibration': True,
           'speed_ratio': 5,
           'startup_sleep_s': 0.1,
           'sync_gripper': True},
 'teleop': {'calibration_dir': None,
            'calibration_scale': 1000,
            'can_auto_init': True,
            'command_high_follow': True,
            'command_speed_ratio': 5,
            'disable_on_disconnect': False,
            'enable_timeout_s': 3.0,
            'fallback_to_feedback': True,
            'gravity_comp_base_rpy_deg': (0.0, 0.0, 0.0),
            'gravity_comp_control_hz': 200.0,
            'gravity_comp_mit_kd': 0.0,
            'gravity_comp_mit_kp': 0.0,
            'gravity_comp_torque_limit': 8.0,
            'gravity_comp_tx_ratio': (0.2, 0.2, 0.2, 0.2, 0.2, 0.2),
            'gripper_effort_default': 1000,
            'gripper_status_code': 1,
            'id': 'my_piper_leader',
            'judge_flag': False,
            'log_level': 'WARNING',
            'manual_control': True,
            'mode_refresh_interval_s': 1.0,
            'port': 'can0',
            'prefer_ctrl_messages': True,
            'require_calibration': True,
            'startup_sleep_s': 0.1,
            'sync_gripper': True}}
INFO 2026-05-20 11:17:18.712 t_record.py:371 dataset_features: {'action': {'dtype': 'float32', 'names': ['joint_1.pos', 'joint_2.pos', 'joint_3.pos', 'joint_4.pos', 'joint_5.pos', 'joint_6.pos', 'gripper.pos'], 'shape': (7,)}, 'observation.state': {'dtype': 'float32', 'names': ['joint_1.pos', 'joint_2.pos', 'joint_3.pos', 'joint_4.pos', 'joint_5.pos', 'joint_6.pos', 'gripper.pos'], 'shape': (7,)}, 'observation.images.wrist': {'dtype': 'video', 'shape': (480, 640, 3), 'names': ['height', 'width', 'channels']}, 'observation.images.top': {'dtype': 'video', 'shape': (480, 640, 3), 'names': ['height', 'width', 'channels']}}
INFO 2026-05-20 11:17:18.712 t_record.py:382 dataset_features: {'action': {'dtype': 'float32', 'names': ['joint_1.pos', 'joint_2.pos', 'joint_3.pos', 'joint_4.pos', 'joint_5.pos', 'joint_6.pos', 'gripper.pos'], 'shape': (7,)}, 'observation.state': {'dtype': 'float32', 'names': ['joint_1.pos', 'joint_2.pos', 'joint_3.pos', 'joint_4.pos', 'joint_5.pos', 'joint_6.pos', 'gripper.pos'], 'shape': (7,)}, 'observation.images.wrist': {'dtype': 'video', 'shape': (480, 640, 3), 'names': ['height', 'width', 'channels']}, 'observation.images.top': {'dtype': 'video', 'shape': (480, 640, 3), 'names': ['height', 'width', 'channels']}, 'complementary_info.policy_action': {'dtype': 'float32', 'shape': (7,), 'names': ['joint_1.pos', 'joint_2.pos', 'joint_3.pos', 'joint_4.pos', 'joint_5.pos', 'joint_6.pos', 'gripper.pos']}, 'complementary_info.is_intervention': {'dtype': 'float32', 'shape': (1,), 'names': ['is_intervention']}, 'complementary_info.state': {'dtype': 'float32', 'shape': (1,), 'names': ['state']}, 'complementary_info.collector_policy_id': {'dtype': 'string', 'shape': (1,), 'names': ['collector_policy_id']}}
INFO 2026-05-20 11:17:18.712 ls/utils.py:227 Stop recording
INFO 2026-05-20 11:17:19.967 ls/utils.py:227 Exiting
INFO 2026-05-20 11:18:03.999 t_record.py:325 Human-in-loop recording is enabled. Press 'i' to toggle takeover. Press 's' to mark success and end, 'f' to mark failure and end. Recorded `action` is the executed action. Policy output (when policy is enabled) is stored in `complementary_info.policy_action`. Collector source is stored in `complementary_info.collector_policy_id`. ACP inference: enable=False use_cfg=False cfg_beta=1.000.
INFO 2026-05-20 11:18:04.000 t_record.py:343 {'acp_inference': {'cfg_beta': 1.0, 'enable': False, 'use_cfg': False},
 'collector_policy_id_human': 'human',
 'collector_policy_id_policy': 'package_scan_model',
 'communication_retry_interval_s': 0.1,
 'communication_retry_timeout_s': 2.0,
 'dataset': {'episode_time_s': 60,
             'fps': 30,
             'num_episodes': 300,
             'num_image_writer_processes': 0,
             'num_image_writer_threads_per_camera': 4,
             'private': False,
             'push_to_hub': False,
             'rename_map': {},
             'repo_id': 'mmisrunning/package_scan',
             'reset_time_s': 5,
             'root': '/home/ghr/mm/dataset_next_round1',
             'single_task': 'Grab the package and place it on the pallet.',
             'tags': None,
             'vcodec': 'libsvtav1',
             'video': True,
             'video_encoding_batch_size': 1},
 'default_episode_success': 'failure',
 'display_compressed_images': False,
 'display_data': False,
 'display_ip': None,
 'display_port': None,
 'enable_collector_policy_id': True,
 'enable_episode_outcome_labeling': True,
 'episode_failure_key': 'f',
 'episode_success_key': 's',
 'intervention_state_machine_enabled': True,
 'intervention_toggle_key': 'i',
 'play_sounds': True,
 'policy': {'action_expert_variant': 'gemma_300m',
            'chunk_size': 50,
            'compile_mode': 'max-autotune',
            'compile_model': False,
            'device': 'cuda',
            'dtype': 'bfloat16',
            'empty_cameras': 1,
            'freeze_vision_encoder': True,
            'gradient_checkpointing': True,
            'image_resolution': (224, 224),
            'input_features': {'observation.images.empty_camera_0': {'shape': (3,
                                                                               224,
                                                                               224),
                                                                     'type': <FeatureType.VISUAL: 'VISUAL'>},
                               'observation.images.top': {'shape': (3,
                                                                    480,
                                                                    640),
                                                          'type': <FeatureType.VISUAL: 'VISUAL'>},
                               'observation.images.wrist': {'shape': (3,
                                                                      480,
                                                                      640),
                                                            'type': <FeatureType.VISUAL: 'VISUAL'>},
                               'observation.state': {'shape': (7,),
                                                     'type': <FeatureType.STATE: 'STATE'>}},
            'license': None,
            'max_action_dim': 32,
            'max_period': 4.0,
            'max_state_dim': 32,
            'min_period': 0.004,
            'n_action_steps': 50,
            'n_obs_steps': 1,
            'normalization_mapping': {'ACTION': <NormalizationMode.QUANTILES: 'QUANTILES'>,
                                      'STATE': <NormalizationMode.QUANTILES: 'QUANTILES'>,
                                      'VISUAL': <NormalizationMode.IDENTITY: 'IDENTITY'>},
            'num_inference_steps': 10,
            'optimizer_betas': (0.9, 0.95),
            'optimizer_eps': 1e-08,
            'optimizer_grad_clip_norm': 1.0,
            'optimizer_lr': 2.5e-05,
            'optimizer_weight_decay': 0.01,
            'output_features': {'action': {'shape': (7,),
                                           'type': <FeatureType.ACTION: 'ACTION'>}},
            'paligemma_variant': 'gemma_2b',
            'pretrained_path': '/home/ghr/mm/package_scan_model',
            'private': None,
            'push_to_hub': False,
            'repo_id': None,
            'rtc_config': None,
            'scheduler_decay_lr': 2.5e-06,
            'scheduler_decay_steps': 20000,
            'scheduler_warmup_steps': 1000,
            'tags': None,
            'time_sampling_beta_alpha': 1.5,
            'time_sampling_beta_beta': 1.0,
            'time_sampling_offset': 0.001,
            'time_sampling_scale': 0.999,
            'tokenizer_max_length': 200,
            'train_expert_only': False,
            'use_amp': False,
            'use_peft': False},
 'policy_sync_parallel': True,
 'policy_sync_to_teleop': True,
 'require_episode_success_label': False,
 'resume': False,
 'robot': {'calibration_dir': None,
           'calibration_scale': 1000,
           'cameras': {'top': {'backend': <Cv2Backends.ANY: 0>,
                               'color_mode': <ColorMode.RGB: 'rgb'>,
                               'fourcc': None,
                               'fps': 30,
                               'height': 480,
                               'index_or_path': 6,
                               'rotation': <Cv2Rotation.NO_ROTATION: 0>,
                               'warmup_s': 1,
                               'width': 640},
                       'wrist': {'backend': <Cv2Backends.ANY: 0>,
                                 'color_mode': <ColorMode.RGB: 'rgb'>,
                                 'fourcc': None,
                                 'fps': 30,
                                 'height': 480,
                                 'index_or_path': 14,
                                 'rotation': <Cv2Rotation.NO_ROTATION: 0>,
                                 'warmup_s': 1,
                                 'width': 640}},
           'can_auto_init': True,
           'disable_on_disconnect': False,
           'enable_on_connect': True,
           'enable_timeout_s': 3.0,
           'gripper_effort_default': 1000,
           'gripper_status_code': 1,
           'high_follow': True,
           'id': 'my_piper_follower',
           'judge_flag': False,
           'log_level': 'WARNING',
           'mode_refresh_interval_s': 1.0,
           'port': 'can1',
           'require_calibration': True,
           'speed_ratio': 5,
           'startup_sleep_s': 0.1,
           'sync_gripper': True},
 'teleop': {'calibration_dir': None,
            'calibration_scale': 1000,
            'can_auto_init': True,
            'command_high_follow': True,
            'command_speed_ratio': 5,
            'disable_on_disconnect': False,
            'enable_timeout_s': 3.0,
            'fallback_to_feedback': True,
            'gravity_comp_base_rpy_deg': (0.0, 0.0, 0.0),
            'gravity_comp_control_hz': 200.0,
            'gravity_comp_mit_kd': 0.0,
            'gravity_comp_mit_kp': 0.0,
            'gravity_comp_torque_limit': 8.0,
            'gravity_comp_tx_ratio': (0.2, 0.2, 0.2, 0.2, 0.2, 0.2),
            'gripper_effort_default': 1000,
            'gripper_status_code': 1,
            'id': 'my_piper_leader',
            'judge_flag': False,
            'log_level': 'WARNING',
            'manual_control': True,
            'mode_refresh_interval_s': 1.0,
            'port': 'can0',
            'prefer_ctrl_messages': True,
            'require_calibration': True,
            'startup_sleep_s': 0.1,
            'sync_gripper': True}}
INFO 2026-05-20 11:18:04.009 t_record.py:371 dataset_features: {'action': {'dtype': 'float32', 'names': ['joint_1.pos', 'joint_2.pos', 'joint_3.pos', 'joint_4.pos', 'joint_5.pos', 'joint_6.pos', 'gripper.pos'], 'shape': (7,)}, 'observation.state': {'dtype': 'float32', 'names': ['joint_1.pos', 'joint_2.pos', 'joint_3.pos', 'joint_4.pos', 'joint_5.pos', 'joint_6.pos', 'gripper.pos'], 'shape': (7,)}, 'observation.images.wrist': {'dtype': 'video', 'shape': (480, 640, 3), 'names': ['height', 'width', 'channels']}, 'observation.images.top': {'dtype': 'video', 'shape': (480, 640, 3), 'names': ['height', 'width', 'channels']}}
INFO 2026-05-20 11:18:04.010 t_record.py:382 dataset_features: {'action': {'dtype': 'float32', 'names': ['joint_1.pos', 'joint_2.pos', 'joint_3.pos', 'joint_4.pos', 'joint_5.pos', 'joint_6.pos', 'gripper.pos'], 'shape': (7,)}, 'observation.state': {'dtype': 'float32', 'names': ['joint_1.pos', 'joint_2.pos', 'joint_3.pos', 'joint_4.pos', 'joint_5.pos', 'joint_6.pos', 'gripper.pos'], 'shape': (7,)}, 'observation.images.wrist': {'dtype': 'video', 'shape': (480, 640, 3), 'names': ['height', 'width', 'channels']}, 'observation.images.top': {'dtype': 'video', 'shape': (480, 640, 3), 'names': ['height', 'width', 'channels']}, 'complementary_info.policy_action': {'dtype': 'float32', 'shape': (7,), 'names': ['joint_1.pos', 'joint_2.pos', 'joint_3.pos', 'joint_4.pos', 'joint_5.pos', 'joint_6.pos', 'gripper.pos']}, 'complementary_info.is_intervention': {'dtype': 'float32', 'shape': (1,), 'names': ['is_intervention']}, 'complementary_info.state': {'dtype': 'float32', 'shape': (1,), 'names': ['state']}, 'complementary_info.collector_policy_id': {'dtype': 'string', 'shape': (1,), 'names': ['collector_policy_id']}}
INFO 2026-05-20 11:18:25.472 ing_pi05.py:592 Enabled gradient checkpointing for PI05Pytorch model
WARNING 2026-05-20 11:18:26.142 ng_pi05.py:1098 Vision embedding key might need handling: model.paligemma_with_expert.paligemma.model.vision_tower.vision_model.embeddings.patch_embedding.bias
WARNING 2026-05-20 11:18:26.142 ng_pi05.py:1098 Vision embedding key might need handling: model.paligemma_with_expert.paligemma.model.vision_tower.vision_model.embeddings.patch_embedding.weight
INFO 2026-05-20 11:18:28.475 a_opencv.py:179 OpenCVCamera(14) connected.
INFO 2026-05-20 11:18:29.688 a_opencv.py:179 OpenCVCamera(6) connected.
INFO 2026-05-20 11:18:29.688 follower.py:139 my_piper_follower PiperFollower connected.
INFO 2026-05-20 11:18:30.512 r_leader.py:130 my_piper_leader PiperLeader connected.
INFO 2026-05-20 11:18:30.512 t_record.py:446 robot and teleop all conected
INFO 2026-05-20 11:18:30.514 op_record.py:77 Loaded failure_reset_pose from /home/ghr/.cache/huggingface/lerobot/failure_reset_pose/piper_follower_my_piper_follower.json
INFO 2026-05-20 11:18:30.543 rol_utils.py:66 pynput unavailable; using headless controls instead: this platform is not supported: ('failed to acquire X connection: Bad display name ""', DisplayNameError(''))

Try one of the following resolutions:

 * Please make sure that you have an X server running, and that the DISPLAY environment variable is set correctly
WARNING 2026-05-20 11:18:30.543 ol_utils.py:320 Headless environment detected. Using terminal keyboard controls over the current TTY; on-screen camera display remains unavailable.
INFO 2026-05-20 11:18:30.543 ls/utils.py:227 Recording episode 0
INFO 2026-05-20 11:18:30.931 follower.py:295 follower [-661, 1041, -443, 893, 11200, 212]
INFO 2026-05-20 11:18:30.940 follower.py:295 follower [-565, 1387, -226, 924, 11337, 253]
INFO 2026-05-20 11:18:30.988 follower.py:295 follower [-475, 1483, -115, 937, 11387, 279]
INFO 2026-05-20 11:18:31.039 follower.py:295 follower [-522, 1187, -402, 896, 11339, 418]
INFO 2026-05-20 11:18:31.087 follower.py:295 follower [-765, 1507, -284, 1011, 11428, 389]
INFO 2026-05-20 11:18:31.138 follower.py:295 follower [-663, 1896, -373, 1159, 11376, 628]
INFO 2026-05-20 11:18:31.189 follower.py:295 follower [-551, 1310, -543, 1037, 11558, 514]
INFO 2026-05-20 11:18:31.238 follower.py:295 follower [-696, 1592, -504, 840, 11404, 323]
INFO 2026-05-20 11:18:31.288 follower.py:295 follower [-620, 1774, -42, 1140, 11519, 508]
INFO 2026-05-20 11:18:31.338 follower.py:295 follower [-752, 1273, -251, 1189, 11466, 586]
INFO 2026-05-20 11:18:31.389 follower.py:295 follower [-614, 1803, -64, 1192, 11419, 407]
INFO 2026-05-20 11:18:31.439 follower.py:295 follower [-588, 1383, -82, 1161, 11402, 577]
INFO 2026-05-20 11:18:31.491 follower.py:295 follower [-706, 976, -462, 941, 11358, 566]
INFO 2026-05-20 11:18:31.539 follower.py:295 follower [-726, 1511, -88, 1221, 11424, 518]
INFO 2026-05-20 11:18:31.590 follower.py:295 follower [-604, 1557, -294, 1162, 11506, 309]
INFO 2026-05-20 11:18:31.641 follower.py:295 follower [-784, 1778, 79, 1380, 11357, 433]
INFO 2026-05-20 11:18:31.689 follower.py:295 follower [-689, 1638, -98, 1101, 11431, 464]
INFO 2026-05-20 11:18:31.740 follower.py:295 follower [-878, 1301, 1, 873, 11429, 270]
INFO 2026-05-20 11:18:31.789 follower.py:295 follower [-920, 1533, -152, 1103, 11402, 295]
INFO 2026-05-20 11:18:31.839 follower.py:295 follower [-799, 1194, -114, 988, 11247, 454]
INFO 2026-05-20 11:18:31.888 follower.py:295 follower [-634, 1948, -251, 1245, 11260, 678]
INFO 2026-05-20 11:18:31.938 follower.py:295 follower [-1014, 2025, -36, 1153, 11140, 419]
INFO 2026-05-20 11:18:31.988 follower.py:295 follower [-782, 1692, -243, 1193, 11022, 162]
INFO 2026-05-20 11:18:32.039 follower.py:295 follower [-904, 2513, -199, 998, 10842, 340]
INFO 2026-05-20 11:18:32.088 follower.py:295 follower [-635, 2576, -392, 986, 10740, 473]
INFO 2026-05-20 11:18:32.139 follower.py:295 follower [-810, 3154, -537, 994, 10675, 351]
INFO 2026-05-20 11:18:32.189 follower.py:295 follower [-738, 3594, -1110, 952, 10600, 473]
INFO 2026-05-20 11:18:32.239 follower.py:295 follower [-771, 4455, -1376, 1329, 10558, 356]
INFO 2026-05-20 11:18:32.290 follower.py:295 follower [-887, 4938, -2329, 1087, 10525, 211]
INFO 2026-05-20 11:18:32.340 follower.py:295 follower [-912, 5701, -2793, 637, 10513, 389]
INFO 2026-05-20 11:18:32.394 follower.py:295 follower [-946, 7083, -3088, 759, 10452, 509]
INFO 2026-05-20 11:18:32.443 follower.py:295 follower [-1152, 8643, -4269, 712, 10476, 504]
INFO 2026-05-20 11:18:32.492 follower.py:295 follower [-1219, 10500, -5848, 490, 10568, 396]
INFO 2026-05-20 11:18:32.543 follower.py:295 follower [-1215, 12137, -6553, 62, 10611, 495]
INFO 2026-05-20 11:18:32.591 follower.py:295 follower [-1313, 14842, -8442, 81, 10727, 382]
INFO 2026-05-20 11:18:32.642 follower.py:295 follower [-1463, 17078, -9839, 12, 10737, 312]
INFO 2026-05-20 11:18:32.692 follower.py:295 follower [-1629, 19491, -11307, -274, 10758, 477]
INFO 2026-05-20 11:18:32.742 follower.py:295 follower [-1825, 22505, -13116, -266, 10802, 175]
INFO 2026-05-20 11:18:32.793 follower.py:295 follower [-2059, 25719, -15296, -533, 10910, 210]
INFO 2026-05-20 11:18:32.841 follower.py:295 follower [-2366, 27965, -17051, -716, 10903, 177]
INFO 2026-05-20 11:18:32.891 follower.py:295 follower [-2538, 30994, -18778, -832, 10935, 192]
INFO 2026-05-20 11:18:32.942 follower.py:295 follower [-2891, 33451, -21015, -838, 11023, 321]
INFO 2026-05-20 11:18:32.993 follower.py:295 follower [-3329, 36223, -22693, -914, 11171, 135]
INFO 2026-05-20 11:18:33.043 follower.py:295 follower [-3789, 38594, -24364, -891, 11163, 296]
INFO 2026-05-20 11:18:33.089 follower.py:295 follower [-4549, 42023, -26415, -942, 11350, 185]
INFO 2026-05-20 11:18:33.142 follower.py:295 follower [-5049, 44139, -28359, -1208, 11450, 393]
INFO 2026-05-20 11:18:33.190 follower.py:295 follower [-5841, 46810, -30250, -1014, 11487, 412]
INFO 2026-05-20 11:18:33.240 follower.py:295 follower [-6657, 49616, -32401, -1120, 11620, 408]
INFO 2026-05-20 11:18:33.291 follower.py:295 follower [-7770, 52096, -34219, -1184, 11726, 215]
INFO 2026-05-20 11:18:33.340 follower.py:295 follower [-8509, 54464, -35836, -705, 11817, 509]
INFO 2026-05-20 11:18:33.524 follower.py:295 follower [-1453, 44, -1124, 1507, 11134, -386]
INFO 2026-05-20 11:18:33.529 follower.py:295 follower [-1038, 156, -805, 1783, 11350, -777]
INFO 2026-05-20 11:18:33.579 follower.py:295 follower [-1250, 634, -1241, 1801, 11065, -599]
INFO 2026-05-20 11:18:33.629 follower.py:295 follower [-1182, 878, -629, 1759, 11148, -573]
INFO 2026-05-20 11:18:33.679 follower.py:295 follower [-1174, 415, -482, 1923, 11333, -767]
INFO 2026-05-20 11:18:33.729 follower.py:295 follower [-1528, -17, -592, 1188, 11249, -522]
INFO 2026-05-20 11:18:33.780 follower.py:295 follower [-1437, 381, -919, 1366, 11156, -315]
INFO 2026-05-20 11:18:33.830 follower.py:295 follower [-1168, 405, -980, 1531, 11238, -663]
INFO 2026-05-20 11:18:33.880 follower.py:295 follower [-1558, 1016, -1097, 1624, 11205, -654]
INFO 2026-05-20 11:18:33.930 follower.py:295 follower [-1304, 260, -519, 1367, 11234, -649]
INFO 2026-05-20 11:18:33.980 follower.py:295 follower [-1377, 672, -621, 1691, 11290, -558]
INFO 2026-05-20 11:18:34.033 follower.py:295 follower [-1235, -42, -594, 1206, 11344, -370]
INFO 2026-05-20 11:18:34.082 follower.py:295 follower [-1313, -208, -956, 1474, 11380, -441]
INFO 2026-05-20 11:18:34.130 follower.py:295 follower [-1257, 1266, -785, 1494, 11131, -622]
INFO 2026-05-20 11:18:34.180 follower.py:295 follower [-1221, -46, -810, 1725, 11222, -528]
INFO 2026-05-20 11:18:34.230 follower.py:295 follower [-1340, 188, -147, 1868, 11252, -761]
INFO 2026-05-20 11:18:34.281 follower.py:295 follower [-1179, 503, -510, 1858, 11309, -807]
INFO 2026-05-20 11:18:34.330 follower.py:295 follower [-1167, 123, -501, 1837, 11169, -611]
INFO 2026-05-20 11:18:34.380 follower.py:295 follower [-1484, 979, -425, 1705, 11265, -786]
INFO 2026-05-20 11:18:34.430 follower.py:295 follower [-1425, 155, -606, 1877, 11249, -741]
INFO 2026-05-20 11:18:34.480 follower.py:295 follower [-1328, 153, -580, 1718, 11178, -791]
INFO 2026-05-20 11:18:34.530 follower.py:295 follower [-1326, 910, -1144, 1344, 11193, -755]
INFO 2026-05-20 11:18:34.580 follower.py:295 follower [-1210, 901, -620, 1891, 11189, -513]
INFO 2026-05-20 11:18:34.630 follower.py:295 follower [-1271, 574, 82, 1608, 10952, -671]
INFO 2026-05-20 11:18:34.681 follower.py:295 follower [-1459, 130, -374, 2445, 11005, -607]
INFO 2026-05-20 11:18:34.731 follower.py:295 follower [-1154, 475, -962, 1821, 11053, -368]
INFO 2026-05-20 11:18:34.781 follower.py:295 follower [-1294, 919, -521, 1909, 10939, -490]
INFO 2026-05-20 11:18:34.833 follower.py:295 follower [-1184, 817, -437, 1753, 10892, -403]
INFO 2026-05-20 11:18:34.881 follower.py:295 follower [-1417, 898, -510, 1754, 10889, -446]
INFO 2026-05-20 11:18:34.932 follower.py:295 follower [-1271, 1015, -676, 1972, 10838, -236]
INFO 2026-05-20 11:18:34.982 follower.py:295 follower [-1442, 894, -680, 1832, 10636, -360]
INFO 2026-05-20 11:18:35.032 follower.py:295 follower [-1740, 1394, -1210, 1708, 10659, -314]
INFO 2026-05-20 11:18:35.081 follower.py:295 follower [-1569, 1494, -1515, 1989, 10636, -597]
INFO 2026-05-20 11:18:35.131 follower.py:295 follower [-1450, 2558, -1950, 2167, 10628, -436]
INFO 2026-05-20 11:18:35.185 follower.py:295 follower [-1698, 3123, -2175, 2111, 10595, -449]
INFO 2026-05-20 11:18:35.232 follower.py:295 follower [-1976, 3913, -2927, 1571, 10640, -487]
INFO 2026-05-20 11:18:35.286 follower.py:295 follower [-1866, 4629, -3233, 1955, 10609, -711]
INFO 2026-05-20 11:18:35.333 follower.py:295 follower [-1892, 6632, -5431, 2031, 10603, -989]
INFO 2026-05-20 11:18:35.382 follower.py:295 follower [-1893, 7747, -6155, 1714, 10660, -915]
INFO 2026-05-20 11:18:35.434 follower.py:295 follower [-2048, 8886, -6799, 2137, 10827, -1148]
INFO 2026-05-20 11:18:35.485 follower.py:295 follower [-1726, 10237, -7846, 2049, 10880, -778]
INFO 2026-05-20 11:18:35.534 follower.py:295 follower [-1952, 11921, -9500, 2058, 10912, -2047]
INFO 2026-05-20 11:18:35.583 follower.py:295 follower [-1896, 13951, -10617, 2085, 10939, -2444]
INFO 2026-05-20 11:18:35.633 follower.py:295 follower [-2210, 16054, -11787, 1792, 11020, -3354]
INFO 2026-05-20 11:18:35.683 follower.py:295 follower [-1756, 18209, -12880, 1682, 11159, -4199]
INFO 2026-05-20 11:18:35.734 follower.py:295 follower [-2171, 20792, -15525, 1799, 11252, -4976]
INFO 2026-05-20 11:18:35.785 follower.py:295 follower [-2142, 22150, -16324, 1316, 11160, -5105]
INFO 2026-05-20 11:18:35.834 follower.py:295 follower [-2206, 24137, -17674, 995, 11256, -5828]
INFO 2026-05-20 11:18:35.883 follower.py:295 follower [-2396, 27294, -19033, 875, 11486, -6334]
INFO 2026-05-20 11:18:35.933 follower.py:295 follower [-2331, 29056, -21323, 410, 11553, -6611]
INFO 2026-05-20 11:18:36.108 follower.py:295 follower [-1175, -269, 408, 1038, 10365, -1146]
INFO 2026-05-20 11:18:36.114 follower.py:295 follower [-1099, -269, 408, 949, 10262, -1061]
INFO 2026-05-20 11:18:36.164 follower.py:295 follower [-1112, -269, 408, 1185, 10469, -793]
INFO 2026-05-20 11:18:36.213 follower.py:295 follower [-1212, -269, 408, 987, 10560, -950]
INFO 2026-05-20 11:18:36.264 follower.py:295 follower [-1216, -269, 408, 1352, 10522, -1057]
INFO 2026-05-20 11:18:36.314 follower.py:295 follower [-1364, -269, 408, 1181, 10671, -876]
INFO 2026-05-20 11:18:36.363 follower.py:295 follower [-1313, -23, 408, 1808, 10571, -824]
INFO 2026-05-20 11:18:36.413 follower.py:295 follower [-1073, -269, 408, 1143, 10511, -922]
INFO 2026-05-20 11:18:36.463 follower.py:295 follower [-1349, -163, 408, 1173, 10422, -819]
INFO 2026-05-20 11:18:36.513 follower.py:295 follower [-1362, -65, 408, 1252, 10417, -342]
INFO 2026-05-20 11:18:36.564 follower.py:295 follower [-1264, -242, 408, 1206, 10439, -702]
INFO 2026-05-20 11:18:36.615 follower.py:295 follower [-1151, -12, 408, 1194, 10593, -599]
INFO 2026-05-20 11:18:36.668 follower.py:295 follower [-1260, 633, 408, 1366, 10547, -611]
INFO 2026-05-20 11:18:36.715 follower.py:295 follower [-1645, 144, 408, 1372, 10403, -536]
INFO 2026-05-20 11:18:36.773 follower.py:295 follower [-1467, 877, 408, 1371, 10410, -785]
INFO 2026-05-20 11:18:36.817 follower.py:295 follower [-1661, 362, 14, 1395, 10465, -718]
INFO 2026-05-20 11:18:36.864 follower.py:295 follower [-1837, 1870, -290, 1412, 10314, -543]
INFO 2026-05-20 11:18:36.917 follower.py:295 follower [-2203, 1966, -578, 1467, 10286, -814]
INFO 2026-05-20 11:18:36.967 follower.py:295 follower [-2199, 4023, -1517, 1349, 10418, -1095]
INFO 2026-05-20 11:18:37.017 follower.py:295 follower [-2041, 4674, -2444, 1173, 10377, -880]
INFO 2026-05-20 11:18:37.067 follower.py:295 follower [-2140, 6128, -3269, 1155, 10487, -890]
INFO 2026-05-20 11:18:37.117 follower.py:295 follower [-2189, 7590, -3461, 864, 10458, -873]
INFO 2026-05-20 11:18:37.165 follower.py:295 follower [-2064, 9162, -4913, 806, 10528, -912]
INFO 2026-05-20 11:18:37.215 follower.py:295 follower [-2070, 11827, -6200, 888, 10548, -1341]
INFO 2026-05-20 11:18:37.267 follower.py:295 follower [-2191, 12651, -7061, 333, 10714, -855]
INFO 2026-05-20 11:18:37.315 follower.py:295 follower [-2264, 14507, -8875, 373, 10684, -1203]
INFO 2026-05-20 11:18:37.366 follower.py:295 follower [-2327, 17087, -10429, 556, 10647, -1545]
INFO 2026-05-20 11:18:37.424 follower.py:295 follower [-2290, 18882, -11635, 67, 10696, -1641]
INFO 2026-05-20 11:18:37.465 follower.py:295 follower [-2120, 20987, -12815, 270, 10736, -1855]
INFO 2026-05-20 11:18:37.515 follower.py:295 follower [-2450, 23403, -14624, -52, 10685, -1940]
INFO 2026-05-20 11:18:37.565 follower.py:295 follower [-2228, 26111, -16937, -255, 10826, -1836]
INFO 2026-05-20 11:18:37.616 follower.py:295 follower [-2367, 28114, -18904, -425, 10912, -1818]
INFO 2026-05-20 11:18:37.665 follower.py:295 follower [-2226, 30837, -20081, -365, 10971, -1930]
INFO 2026-05-20 11:18:37.716 follower.py:295 follower [-2361, 33010, -22066, -879, 11169, -1874]
INFO 2026-05-20 11:18:37.765 follower.py:295 follower [-2597, 35765, -23723, -1045, 11303, -2063]
INFO 2026-05-20 11:18:37.816 follower.py:295 follower [-2583, 37837, -25634, -1222, 11735, -2355]
INFO 2026-05-20 11:18:37.865 follower.py:295 follower [-2654, 39923, -27578, -1186, 12036, -1898]
INFO 2026-05-20 11:18:37.916 follower.py:295 follower [-2939, 42833, -29646, -1313, 12397, -2324]
INFO 2026-05-20 11:18:37.966 follower.py:295 follower [-2839, 45192, -31632, -1468, 12656, -2049]
INFO 2026-05-20 11:18:38.018 follower.py:295 follower [-3043, 47143, -32588, -1850, 13026, -2000]
INFO 2026-05-20 11:18:38.068 follower.py:295 follower [-3495, 49303, -34214, -1815, 13442, -2435]
INFO 2026-05-20 11:18:38.118 follower.py:295 follower [-3553, 51125, -35950, -1804, 14124, -2420]
INFO 2026-05-20 11:18:38.166 follower.py:295 follower [-3391, 52879, -37179, -2109, 14998, -2497]
INFO 2026-05-20 11:18:38.217 follower.py:295 follower [-3388, 54894, -38864, -1880, 15764, -2389]
INFO 2026-05-20 11:18:38.268 follower.py:295 follower [-3583, 57079, -40454, -1952, 16656, -2375]
INFO 2026-05-20 11:18:38.318 follower.py:295 follower [-4029, 59336, -42168, -2041, 17448, -2674]
INFO 2026-05-20 11:18:38.368 follower.py:295 follower [-3910, 61127, -44252, -2214, 18375, -2790]
INFO 2026-05-20 11:18:38.417 follower.py:295 follower [-4094, 63574, -46129, -1773, 19418, -2550]
INFO 2026-05-20 11:18:38.467 follower.py:295 follower [-3703, 65068, -48777, -2424, 20495, -2806]
INFO 2026-05-20 11:18:38.518 follower.py:295 follower [-4109, 67445, -50090, -2284, 21080, -2669]
INFO 2026-05-20 11:18:38.695 follower.py:295 follower [-1126, -269, 408, 463, 12282, -384]
INFO 2026-05-20 11:18:38.700 follower.py:295 follower [-952, -269, 408, 277, 12254, -328]
INFO 2026-05-20 11:18:38.751 follower.py:295 follower [-946, -269, 408, 447, 12197, -448]
INFO 2026-05-20 11:18:38.801 follower.py:295 follower [-1079, -269, 408, 434, 12200, -355]
INFO 2026-05-20 11:18:38.852 follower.py:295 follower [-1203, -269, 408, 737, 12001, -543]
INFO 2026-05-20 11:18:38.902 follower.py:295 follower [-1319, -167, 364, 263, 12076, -296]
INFO 2026-05-20 11:18:38.952 follower.py:295 follower [-1351, -269, 110, 782, 12073, -295]
INFO 2026-05-20 11:18:39.003 follower.py:295 follower [-1244, -269, 156, 489, 12154, -474]
INFO 2026-05-20 11:18:39.055 follower.py:295 follower [-1233, -269, 335, 911, 12053, -511]
INFO 2026-05-20 11:18:39.102 follower.py:295 follower [-1414, -269, 296, 822, 11995, -503]
INFO 2026-05-20 11:18:39.152 follower.py:295 follower [-1066, -269, 170, 645, 12001, -535]
INFO 2026-05-20 11:18:39.203 follower.py:295 follower [-1069, -269, 408, 827, 11996, -458]
INFO 2026-05-20 11:18:39.253 follower.py:295 follower [-1147, -269, 109, 625, 12106, -366]
INFO 2026-05-20 11:18:39.303 follower.py:295 follower [-1283, -269, -52, 775, 11990, -373]
INFO 2026-05-20 11:18:39.352 follower.py:295 follower [-1375, -269, 408, 1027, 12049, -297]
INFO 2026-05-20 11:18:39.402 follower.py:295 follower [-1013, -269, -262, 979, 12049, -90]
INFO 2026-05-20 11:18:39.452 follower.py:295 follower [-1390, -269, -204, 1358, 12053, -367]
INFO 2026-05-20 11:18:39.502 follower.py:295 follower [-1593, 107, -596, 1063, 12010, -534]
INFO 2026-05-20 11:18:39.553 follower.py:295 follower [-1371, 284, -522, 666, 11993, -658]
INFO 2026-05-20 11:18:39.603 follower.py:295 follower [-1324, 592, -571, 1202, 12052, -197]
INFO 2026-05-20 11:18:39.653 follower.py:295 follower [-1405, 1112, -991, 1152, 11801, -482]
INFO 2026-05-20 11:18:39.703 follower.py:295 follower [-1440, 1749, -1327, 1246, 11752, -271]
INFO 2026-05-20 11:18:39.753 follower.py:295 follower [-1454, 2961, -1937, 902, 11710, -428]
INFO 2026-05-20 11:18:39.803 follower.py:295 follower [-1673, 4325, -2769, 1161, 11705, -337]
INFO 2026-05-20 11:18:39.853 follower.py:295 follower [-1813, 5290, -3967, 1104, 11727, -436]
INFO 2026-05-20 11:18:39.903 follower.py:295 follower [-2011, 7342, -4919, 899, 11752, -688]
INFO 2026-05-20 11:18:39.953 follower.py:295 follower [-2107, 8743, -5630, 814, 11829, -599]
INFO 2026-05-20 11:18:40.003 follower.py:295 follower [-2350, 10722, -7325, 643, 11825, -790]
INFO 2026-05-20 11:18:40.054 follower.py:295 follower [-2399, 12160, -7954, 606, 11862, -949]
INFO 2026-05-20 11:18:40.104 follower.py:295 follower [-2175, 13783, -9283, 593, 12022, -1152]
INFO 2026-05-20 11:18:40.153 follower.py:295 follower [-2043, 16132, -10952, 372, 12010, -1246]
INFO 2026-05-20 11:18:40.206 follower.py:295 follower [-1999, 17738, -11641, 408, 11914, -1423]
INFO 2026-05-20 11:18:40.254 follower.py:295 follower [-2202, 19727, -13258, 6, 12031, -1324]
INFO 2026-05-20 11:18:40.304 follower.py:295 follower [-2008, 21398, -15291, 379, 12080, -1464]
INFO 2026-05-20 11:18:40.354 follower.py:295 follower [-2088, 23694, -16394, 180, 12178, -1432]
INFO 2026-05-20 11:18:40.410 follower.py:295 follower [-2270, 25174, -17912, -131, 12349, -1292]
INFO 2026-05-20 11:18:40.454 follower.py:295 follower [-2781, 27572, -18679, -142, 12283, -1587]
INFO 2026-05-20 11:18:40.504 follower.py:295 follower [-2784, 28924, -20603, -245, 12293, -1445]
INFO 2026-05-20 11:18:40.554 follower.py:295 follower [-2870, 31017, -22232, -235, 12457, -1390]
INFO 2026-05-20 11:18:40.604 follower.py:295 follower [-3504, 33634, -23482, -412, 12531, -1316]
INFO 2026-05-20 11:18:40.654 follower.py:295 follower [-4098, 36180, -25307, -95, 12512, -1539]
INFO 2026-05-20 11:18:40.704 follower.py:295 follower [-4787, 37845, -26508, -713, 12685, -1468]
INFO 2026-05-20 11:18:40.754 follower.py:295 follower [-5086, 40356, -28088, -362, 12580, -1587]
INFO 2026-05-20 11:18:40.804 follower.py:295 follower [-5511, 41953, -29853, -430, 12657, -1495]
INFO 2026-05-20 11:18:40.854 follower.py:295 follower [-6232, 44581, -31146, -446, 12812, -1400]
INFO 2026-05-20 11:18:40.906 follower.py:295 follower [-7045, 46700, -32652, -654, 12849, -1472]
INFO 2026-05-20 11:18:40.954 follower.py:295 follower [-7400, 49048, -34786, -710, 12898, -1371]
INFO 2026-05-20 11:18:41.004 follower.py:295 follower [-8207, 51688, -36450, -556, 13105, -1630]
INFO 2026-05-20 11:18:41.054 follower.py:295 follower [-8480, 54572, -38676, -704, 13227, -1580]
INFO 2026-05-20 11:18:41.105 follower.py:295 follower [-8873, 56794, -40231, -666, 13459, -1444]
INFO 2026-05-20 11:18:41.279 follower.py:295 follower [-966, -269, -671, 608, 12241, 69]
INFO 2026-05-20 11:18:41.284 follower.py:295 follower [-877, -269, -340, 570, 12233, -139]
INFO 2026-05-20 11:18:41.334 follower.py:295 follower [-954, -269, -659, 166, 11943, -47]
INFO 2026-05-20 11:18:41.384 follower.py:295 follower [-842, 45, -887, 427, 11880, 531]
INFO 2026-05-20 11:18:41.434 follower.py:295 follower [-1014, 553, -1169, 552, 11989, -41]
INFO 2026-05-20 11:18:41.485 follower.py:295 follower [-944, 344, -1745, 758, 11868, -115]
INFO 2026-05-20 11:18:41.535 follower.py:295 follower [-1051, 1221, -1457, 345, 11915, 322]
INFO 2026-05-20 11:18:41.585 follower.py:295 follower [-1048, 1363, -2195, 389, 11681, 244]
INFO 2026-05-20 11:18:41.635 follower.py:295 follower [-1045, 2797, -2663, 249, 11756, -7]
INFO 2026-05-20 11:18:41.685 follower.py:295 follower [-1036, 3544, -2929, 402, 11656, 137]
INFO 2026-05-20 11:18:41.736 follower.py:295 follower [-1565, 4245, -3211, 29, 11622, 160]
INFO 2026-05-20 11:18:41.788 follower.py:295 follower [-1193, 6155, -4143, 608, 11480, 81]
INFO 2026-05-20 11:18:41.838 follower.py:295 follower [-949, 7600, -4944, 379, 11211, -177]
INFO 2026-05-20 11:18:41.886 follower.py:295 follower [-1267, 9330, -5927, 210, 11386, 66]
INFO 2026-05-20 11:18:41.936 follower.py:295 follower [-1317, 10042, -7132, -107, 11169, -289]
INFO 2026-05-20 11:18:41.986 follower.py:295 follower [-1215, 11628, -7642, 128, 11164, -350]
INFO 2026-05-20 11:18:42.036 follower.py:295 follower [-1249, 13471, -8607, 148, 11347, -546]
INFO 2026-05-20 11:18:42.087 follower.py:295 follower [-1179, 14461, -9467, -464, 11315, -960]
INFO 2026-05-20 11:18:42.136 follower.py:295 follower [-1241, 16742, -10414, -437, 11348, -1044]
INFO 2026-05-20 11:18:42.188 follower.py:295 follower [-1434, 18404, -12236, -374, 11245, -2056]
INFO 2026-05-20 11:18:42.237 follower.py:295 follower [-1490, 20142, -12832, -522, 11202, -2688]
INFO 2026-05-20 11:18:42.288 follower.py:295 follower [-1538, 21899, -13502, -700, 11136, -3090]
INFO 2026-05-20 11:18:42.338 follower.py:295 follower [-1524, 24046, -15264, -821, 11192, -3941]
INFO 2026-05-20 11:18:42.388 follower.py:295 follower [-1668, 26393, -16045, -627, 11358, -4125]
INFO 2026-05-20 11:18:42.437 follower.py:295 follower [-1845, 28373, -17972, -1095, 11335, -3852]
INFO 2026-05-20 11:18:42.493 follower.py:295 follower [-1507, 30388, -19039, -966, 11372, -3826]
INFO 2026-05-20 11:18:42.539 follower.py:295 follower [-1944, 32268, -20720, -963, 11300, -3638]
INFO 2026-05-20 11:18:42.586 follower.py:295 follower [-1612, 34687, -22419, -1223, 11459, -3623]
INFO 2026-05-20 11:18:42.637 follower.py:295 follower [-2033, 37515, -23362, -1583, 11473, -3343]
INFO 2026-05-20 11:18:42.688 follower.py:295 follower [-2017, 39787, -25782, -1412, 11587, -3312]
INFO 2026-05-20 11:18:42.738 follower.py:295 follower [-2121, 42147, -27538, -1351, 11632, -3517]
INFO 2026-05-20 11:18:42.788 follower.py:295 follower [-2137, 44167, -29135, -1152, 11738, -3393]
INFO 2026-05-20 11:18:42.838 follower.py:295 follower [-2572, 46809, -31025, -1578, 11895, -3274]
INFO 2026-05-20 11:18:42.888 follower.py:295 follower [-2307, 48991, -32846, -1309, 12008, -3549]
INFO 2026-05-20 11:18:42.938 follower.py:295 follower [-2545, 51826, -35054, -1622, 11850, -3092]
INFO 2026-05-20 11:18:42.988 follower.py:295 follower [-2668, 53485, -36557, -1148, 12110, -3170]
INFO 2026-05-20 11:18:43.038 follower.py:295 follower [-3114, 55868, -38270, -1802, 12321, -3204]
INFO 2026-05-20 11:18:43.088 follower.py:295 follower [-3685, 57863, -39923, -1846, 12614, -3153]
INFO 2026-05-20 11:18:43.138 follower.py:295 follower [-3927, 59867, -41857, -1865, 13149, -3333]
INFO 2026-05-20 11:18:43.189 follower.py:295 follower [-4292, 61648, -43849, -1791, 13742, -3342]
INFO 2026-05-20 11:18:43.241 follower.py:295 follower [-4947, 64061, -45825, -1621, 14600, -2856]
INFO 2026-05-20 11:18:43.289 follower.py:295 follower [-5185, 65080, -47337, -1784, 15600, -2940]
INFO 2026-05-20 11:18:43.340 follower.py:295 follower [-6283, 67939, -48778, -1354, 16864, -3032]
INFO 2026-05-20 11:18:43.391 follower.py:295 follower [-6607, 69854, -51118, -1565, 18256, -2808]
INFO 2026-05-20 11:18:43.440 follower.py:295 follower [-7121, 71089, -52859, -1376, 20166, -2395]
INFO 2026-05-20 11:18:43.489 follower.py:295 follower [-7714, 73067, -54580, -1538, 21917, -2078]
INFO 2026-05-20 11:18:43.540 follower.py:295 follower [-8169, 75101, -56778, -1585, 24172, -1525]
INFO 2026-05-20 11:18:43.589 follower.py:295 follower [-8758, 76883, -58397, -1862, 25991, -472]
INFO 2026-05-20 11:18:43.639 follower.py:295 follower [-8793, 78987, -60841, -1997, 28358, 222]
INFO 2026-05-20 11:18:43.689 follower.py:295 follower [-9342, 81015, -62785, -2261, 29810, 1054]
INFO 2026-05-20 11:18:43.868 follower.py:295 follower [-1037, -269, 225, 732, 12129, -957]
INFO 2026-05-20 11:18:43.874 follower.py:295 follower [-873, -269, 396, 663, 12229, -1142]
INFO 2026-05-20 11:18:43.923 follower.py:295 follower [-998, -269, 321, 1043, 12152, -1014]
INFO 2026-05-20 11:18:43.973 follower.py:295 follower [-1224, -269, -29, 914, 12051, -1139]
INFO 2026-05-20 11:18:44.027 follower.py:295 follower [-1073, -269, 408, 568, 12171, -1463]
INFO 2026-05-20 11:18:44.076 follower.py:295 follower [-974, -269, 408, 852, 12017, -1298]
INFO 2026-05-20 11:18:44.125 follower.py:295 follower [-907, -269, 328, 991, 12157, -1044]
INFO 2026-05-20 11:18:44.174 follower.py:295 follower [-1130, -269, -7, 1134, 12160, -1632]
INFO 2026-05-20 11:18:44.224 follower.py:295 follower [-1010, -269, 133, 1002, 12111, -1167]
INFO 2026-05-20 11:18:44.274 follower.py:295 follower [-995, -269, 249, 821, 11982, -1026]
INFO 2026-05-20 11:18:44.325 follower.py:295 follower [-1214, -269, -252, 882, 11931, -766]
INFO 2026-05-20 11:18:44.375 follower.py:295 follower [-927, 342, -56, 1072, 11951, -1190]
INFO 2026-05-20 11:18:44.424 follower.py:295 follower [-992, -269, -666, 1021, 12030, -1105]
INFO 2026-05-20 11:18:44.474 follower.py:295 follower [-1243, 174, -124, 798, 12007, -1257]
INFO 2026-05-20 11:18:44.524 follower.py:295 follower [-1183, 234, -595, 1016, 11757, -1114]
INFO 2026-05-20 11:18:44.574 follower.py:295 follower [-1231, 321, -1002, 1173, 11882, -1074]
INFO 2026-05-20 11:18:44.624 follower.py:295 follower [-812, 1313, -811, 1104, 11830, -1244]
INFO 2026-05-20 11:18:44.675 follower.py:295 follower [-803, 1793, -1451, 900, 11792, -1207]
INFO 2026-05-20 11:18:44.725 follower.py:295 follower [-1062, 1934, -1776, 1110, 11874, -1249]
INFO 2026-05-20 11:18:44.775 follower.py:295 follower [-946, 2563, -2665, 734, 11944, -1466]
INFO 2026-05-20 11:18:44.825 follower.py:295 follower [-768, 3416, -2858, 452, 11817, -1485]
INFO 2026-05-20 11:18:44.875 follower.py:295 follower [-929, 4628, -3958, 394, 11948, -1062]
INFO 2026-05-20 11:18:44.925 follower.py:295 follower [-760, 5528, -4877, 709, 11970, -1285]
INFO 2026-05-20 11:18:44.977 follower.py:295 follower [-1140, 7163, -5261, 190, 12093, -1854]
INFO 2026-05-20 11:18:45.026 follower.py:295 follower [-818, 8226, -6524, 386, 12123, -1422]
INFO 2026-05-20 11:18:45.076 follower.py:295 follower [-929, 8933, -7584, 193, 12087, -1571]
INFO 2026-05-20 11:18:45.126 follower.py:295 follower [-908, 11028, -8475, 333, 12166, -1507]
INFO 2026-05-20 11:18:45.179 follower.py:295 follower [-1134, 12541, -9134, 170, 12186, -1635]
INFO 2026-05-20 11:18:45.227 follower.py:295 follower [-996, 14090, -10388, 179, 12186, -1852]
INFO 2026-05-20 11:18:45.278 follower.py:295 follower [-1216, 16060, -10707, 249, 12268, -2182]
INFO 2026-05-20 11:18:45.328 follower.py:295 follower [-733, 17692, -12107, 4, 12279, -2547]
INFO 2026-05-20 11:18:45.378 follower.py:295 follower [-857, 19403, -13421, 355, 12335, -3150]
INFO 2026-05-20 11:18:45.428 follower.py:295 follower [-1022, 21604, -14835, 205, 12454, -3634]
INFO 2026-05-20 11:18:45.479 follower.py:295 follower [-1196, 22842, -16136, -90, 12471, -3484]
INFO 2026-05-20 11:18:45.528 follower.py:295 follower [-1385, 24982, -16452, 16, 12473, -3622]
INFO 2026-05-20 11:18:45.578 follower.py:295 follower [-1850, 26201, -17963, 34, 12686, -3289]
INFO 2026-05-20 11:18:45.628 follower.py:295 follower [-2533, 27379, -18587, -297, 12793, -3023]
INFO 2026-05-20 11:18:45.678 follower.py:295 follower [-3063, 28950, -19110, -365, 12935, -3123]
INFO 2026-05-20 11:18:45.729 follower.py:295 follower [-3754, 30781, -19821, -151, 13031, -2925]
INFO 2026-05-20 11:18:45.779 follower.py:295 follower [-4402, 31934, -21149, -256, 13165, -3213]
INFO 2026-05-20 11:18:45.829 follower.py:295 follower [-5155, 33847, -22961, -30, 13232, -3794]
INFO 2026-05-20 11:18:45.879 follower.py:295 follower [-6044, 35700, -24148, 155, 13501, -3803]
INFO 2026-05-20 11:18:45.931 follower.py:295 follower [-6648, 37447, -25054, 200, 13594, -3591]
INFO 2026-05-20 11:18:45.980 follower.py:295 follower [-7095, 39393, -26654, -91, 13788, -3395]
INFO 2026-05-20 11:18:46.028 follower.py:295 follower [-7391, 42247, -28585, -376, 13770, -3383]
INFO 2026-05-20 11:18:46.078 follower.py:295 follower [-7935, 43873, -29704, -508, 13898, -2820]
INFO 2026-05-20 11:18:46.128 follower.py:295 follower [-8360, 46162, -31652, -534, 13943, -3301]
INFO 2026-05-20 11:18:46.179 follower.py:295 follower [-8670, 47705, -32963, -666, 14235, -3372]
INFO 2026-05-20 11:18:46.231 follower.py:295 follower [-8822, 49925, -34418, -875, 14392, -2910]
INFO 2026-05-20 11:18:46.279 follower.py:295 follower [-9006, 51842, -35539, -195, 14887, -2840]
INFO 2026-05-20 11:18:46.476 follower.py:295 follower [-125, -269, -2304, -989, 10950, -24]
INFO 2026-05-20 11:18:46.482 follower.py:295 follower [-229, 86, -2335, -656, 10991, -212]
INFO 2026-05-20 11:18:46.533 follower.py:295 follower [-273, 508, -2396, -1113, 10766, 215]
INFO 2026-05-20 11:18:46.583 follower.py:295 follower [-253, 411, -3147, -911, 10983, 24]
INFO 2026-05-20 11:18:46.633 follower.py:295 follower [-107, 861, -2889, -1001, 11008, 25]
INFO 2026-05-20 11:18:46.684 follower.py:295 follower [-108, 1865, -3495, -1211, 10939, 290]
INFO 2026-05-20 11:18:46.733 follower.py:295 follower [-159, 1779, -3424, -967, 10935, 257]
INFO 2026-05-20 11:18:46.783 follower.py:295 follower [-359, 2705, -4011, -830, 11102, -134]
INFO 2026-05-20 11:18:46.832 follower.py:295 follower [-195, 2487, -4357, -657, 11210, -108]
INFO 2026-05-20 11:18:46.883 follower.py:295 follower [4, 3743, -4878, -871, 11051, 269]
INFO 2026-05-20 11:18:46.932 follower.py:295 follower [-45, 4964, -5732, -1005, 11233, -145]
INFO 2026-05-20 11:18:46.982 follower.py:295 follower [-175, 5616, -6510, -1059, 11375, -99]
INFO 2026-05-20 11:18:47.035 follower.py:295 follower [-146, 6520, -6793, -1182, 11269, -205]
INFO 2026-05-20 11:18:47.083 follower.py:295 follower [-274, 7402, -7521, -1090, 11359, -647]
INFO 2026-05-20 11:18:47.135 follower.py:295 follower [-235, 8760, -8378, -1307, 11461, -441]
INFO 2026-05-20 11:18:47.185 follower.py:295 follower [264, 9993, -9242, -1127, 11411, -119]
INFO 2026-05-20 11:18:47.238 follower.py:295 follower [-341, 12465, -10091, -601, 11360, -868]
INFO 2026-05-20 11:18:47.283 follower.py:295 follower [-217, 13346, -11251, -1228, 11316, -1475]
INFO 2026-05-20 11:18:47.333 follower.py:295 follower [-131, 14837, -11997, -864, 11491, -1056]
INFO 2026-05-20 11:18:47.384 follower.py:295 follower [-286, 17236, -13103, -864, 11547, -1654]
INFO 2026-05-20 11:18:47.433 follower.py:295 follower [-152, 19353, -14449, -1124, 11513, -1927]
INFO 2026-05-20 11:18:47.485 follower.py:295 follower [-232, 22435, -15274, -1130, 11507, -2739]
INFO 2026-05-20 11:18:47.536 follower.py:295 follower [-412, 23877, -17334, -1205, 11663, -3129]
INFO 2026-05-20 11:18:47.583 follower.py:295 follower [63, 26519, -18259, -1016, 11654, -3419]
INFO 2026-05-20 11:18:47.636 follower.py:295 follower [-187, 28195, -19728, -953, 11791, -3852]
INFO 2026-05-20 11:18:47.685 follower.py:295 follower [-506, 30580, -20853, -1210, 11728, -3896]
INFO 2026-05-20 11:18:47.735 follower.py:295 follower [-147, 33122, -22244, -1186, 11637, -3498]
INFO 2026-05-20 11:18:47.783 follower.py:295 follower [-637, 35582, -23595, -1401, 11903, -3710]
INFO 2026-05-20 11:18:47.833 follower.py:295 follower [-423, 37828, -25274, -1612, 11809, -3525]
INFO 2026-05-20 11:18:47.883 follower.py:295 follower [-616, 40096, -27439, -1828, 12106, -3570]
INFO 2026-05-20 11:18:47.933 follower.py:295 follower [-1159, 43175, -28609, -1866, 12235, -3437]
INFO 2026-05-20 11:18:47.984 follower.py:295 follower [-1482, 45309, -30668, -1665, 12343, -3081]
INFO 2026-05-20 11:18:48.038 follower.py:295 follower [-1669, 48034, -32305, -1996, 12622, -3122]
INFO 2026-05-20 11:18:48.084 follower.py:295 follower [-2319, 50010, -33561, -2036, 12841, -3122]
INFO 2026-05-20 11:18:48.134 follower.py:295 follower [-2615, 52229, -34923, -2465, 13029, -2868]
INFO 2026-05-20 11:18:48.184 follower.py:295 follower [-3148, 54225, -37034, -2403, 13340, -2924]
INFO 2026-05-20 11:18:48.235 follower.py:295 follower [-3699, 56329, -38791, -2644, 13559, -2602]
INFO 2026-05-20 11:18:48.285 follower.py:295 follower [-4635, 58414, -40767, -2710, 14319, -2860]
INFO 2026-05-20 11:18:48.334 follower.py:295 follower [-4873, 60497, -42526, -2376, 14619, -2380]
INFO 2026-05-20 11:18:48.385 follower.py:295 follower [-5537, 63326, -44076, -2785, 15320, -2215]
INFO 2026-05-20 11:18:48.435 follower.py:295 follower [-5936, 64749, -45655, -2635, 16229, -1797]
INFO 2026-05-20 11:18:48.485 follower.py:295 follower [-6617, 67113, -47390, -2988, 17079, -1843]
INFO 2026-05-20 11:18:48.535 follower.py:295 follower [-7131, 68940, -49151, -3184, 18985, -1118]
INFO 2026-05-20 11:18:48.585 follower.py:295 follower [-7493, 70381, -50738, -3377, 20279, -1195]
INFO 2026-05-20 11:18:48.636 follower.py:295 follower [-7888, 73245, -53056, -3531, 21905, -1215]
INFO 2026-05-20 11:18:48.685 follower.py:295 follower [-8149, 74435, -54552, -3328, 23102, -1397]
INFO 2026-05-20 11:18:48.737 follower.py:295 follower [-8148, 76939, -56451, -3388, 23955, -1316]
INFO 2026-05-20 11:18:48.786 follower.py:295 follower [-8254, 79263, -58525, -3367, 24786, -1079]
INFO 2026-05-20 11:18:48.837 follower.py:295 follower [-8343, 81634, -60432, -3539, 25154, -657]
INFO 2026-05-20 11:18:48.886 follower.py:295 follower [-8544, 83095, -62006, -3859, 25623, -724]
INFO 2026-05-20 11:18:49.062 follower.py:295 follower [-797, 540, -816, -180, 13654, -204]
INFO 2026-05-20 11:18:49.068 follower.py:295 follower [-607, 671, -1154, -284, 13562, -445]
INFO 2026-05-20 11:18:49.118 follower.py:295 follower [-702, 786, -1190, -29, 13493, -164]
INFO 2026-05-20 11:18:49.169 follower.py:295 follower [-574, 1030, -1578, -346, 13420, -214]
INFO 2026-05-20 11:18:49.218 follower.py:295 follower [-824, 900, -1409, 120, 13368, -334]
INFO 2026-05-20 11:18:49.268 follower.py:295 follower [-860, 1226, -1007, -46, 13496, -29]
INFO 2026-05-20 11:18:49.318 follower.py:295 follower [-887, 1330, -1225, -219, 13545, -195]
INFO 2026-05-20 11:18:49.368 follower.py:295 follower [-654, 1082, -1080, 45, 13490, -174]
INFO 2026-05-20 11:18:49.418 follower.py:295 follower [-893, 1184, -1165, -259, 13554, -148]
INFO 2026-05-20 11:18:49.469 follower.py:295 follower [-892, 1164, -1576, -100, 13407, -154]
INFO 2026-05-20 11:18:49.519 follower.py:295 follower [-605, 1509, -1495, 241, 13372, -188]
INFO 2026-05-20 11:18:49.569 follower.py:295 follower [-742, 1926, -1247, 157, 13291, -90]
INFO 2026-05-20 11:18:49.619 follower.py:295 follower [-1050, 1592, -1237, 263, 13384, -37]
INFO 2026-05-20 11:18:49.669 follower.py:295 follower [-1214, 1559, -1299, -195, 13353, 77]
INFO 2026-05-20 11:18:49.719 follower.py:295 follower [-565, 1625, -1476, 122, 13381, 163]
INFO 2026-05-20 11:18:49.769 follower.py:295 follower [-746, 1699, -2195, -247, 13244, 257]
INFO 2026-05-20 11:18:49.819 follower.py:295 follower [-975, 2217, -2080, 132, 13175, -87]
INFO 2026-05-20 11:18:49.869 follower.py:295 follower [-771, 2658, -2258, 158, 13193, 121]
INFO 2026-05-20 11:18:49.919 follower.py:295 follower [-831, 2815, -2393, -21, 13223, 120]
INFO 2026-05-20 11:18:49.969 follower.py:295 follower [-867, 3132, -3014, 291, 13171, 100]
INFO 2026-05-20 11:18:50.019 follower.py:295 follower [-769, 4433, -4391, 64, 13030, 158]
INFO 2026-05-20 11:18:50.069 follower.py:295 follower [-871, 5076, -3930, -29, 12942, 127]
INFO 2026-05-20 11:18:50.119 follower.py:295 follower [-987, 6213, -5064, 78, 12977, -75]
INFO 2026-05-20 11:18:50.169 follower.py:295 follower [-949, 7268, -6253, 134, 12925, -2]
INFO 2026-05-20 11:18:50.219 follower.py:295 follower [-1038, 9199, -7296, -92, 12842, -58]
INFO 2026-05-20 11:18:50.270 follower.py:295 follower [-1014, 9829, -8706, 160, 12807, -174]
INFO 2026-05-20 11:18:50.320 follower.py:295 follower [-1021, 11590, -10119, -12, 12812, 32]
INFO 2026-05-20 11:18:50.370 follower.py:295 follower [-1042, 12679, -11231, 33, 12828, 21]
INFO 2026-05-20 11:18:50.420 follower.py:295 follower [-770, 14659, -12050, 231, 12736, 65]
INFO 2026-05-20 11:18:50.470 follower.py:295 follower [-945, 16293, -13760, -90, 12782, -142]
INFO 2026-05-20 11:18:50.519 follower.py:295 follower [-946, 17983, -14815, -351, 12799, -311]
INFO 2026-05-20 11:18:50.569 follower.py:295 follower [-897, 20257, -16048, -244, 12814, -424]
INFO 2026-05-20 11:18:50.620 follower.py:295 follower [-1077, 22299, -17824, -315, 12692, -342]
INFO 2026-05-20 11:18:50.670 follower.py:295 follower [-1082, 24706, -19089, -582, 12827, -791]
INFO 2026-05-20 11:18:50.720 follower.py:295 follower [-952, 27417, -20599, -444, 12950, -1191]
INFO 2026-05-20 11:18:50.771 follower.py:295 follower [-1089, 29593, -22410, -571, 12888, -1427]
INFO 2026-05-20 11:18:50.821 follower.py:295 follower [-934, 32278, -23966, -347, 12924, -1536]
INFO 2026-05-20 11:18:50.871 follower.py:295 follower [-1057, 34693, -25396, -861, 12899, -1787]
INFO 2026-05-20 11:18:50.922 follower.py:295 follower [-1138, 36956, -26581, -931, 12876, -2190]
INFO 2026-05-20 11:18:50.971 follower.py:295 follower [-1032, 39453, -28449, -983, 13059, -2479]
INFO 2026-05-20 11:18:51.021 follower.py:295 follower [-1226, 41527, -29794, -1175, 13090, -2818]
INFO 2026-05-20 11:18:51.071 follower.py:295 follower [-1609, 44127, -31290, -1047, 13074, -3234]
INFO 2026-05-20 11:18:51.122 follower.py:295 follower [-1637, 46677, -32773, -942, 13292, -3572]
INFO 2026-05-20 11:18:51.172 follower.py:295 follower [-2389, 48976, -34398, -920, 13401, -3927]
INFO 2026-05-20 11:18:51.222 follower.py:295 follower [-2830, 51894, -36281, -807, 13528, -4118]
INFO 2026-05-20 11:18:51.272 follower.py:295 follower [-3617, 54075, -37629, -967, 13708, -4090]
INFO 2026-05-20 11:18:51.322 follower.py:295 follower [-4466, 55943, -39193, -1008, 13813, -4039]
INFO 2026-05-20 11:18:51.372 follower.py:295 follower [-5290, 57806, -40054, -1115, 14000, -3920]
INFO 2026-05-20 11:18:51.422 follower.py:295 follower [-5860, 60593, -42128, -1407, 14310, -3601]
INFO 2026-05-20 11:18:51.472 follower.py:295 follower [-6320, 62298, -43509, -1484, 14569, -3538]
INFO 2026-05-20 11:18:51.649 follower.py:295 follower [177, 1410, -1564, 1094, 11473, -1105]
INFO 2026-05-20 11:18:51.654 follower.py:295 follower [-122, 1082, -1533, 1113, 11432, -992]
INFO 2026-05-20 11:18:51.704 follower.py:295 follower [-14, 1758, -1192, 1311, 11313, -1192]
INFO 2026-05-20 11:18:51.754 follower.py:295 follower [394, 1569, -1457, 1055, 11502, -1105]
INFO 2026-05-20 11:18:51.804 follower.py:295 follower [77, 1758, -1118, 873, 11318, -828]
INFO 2026-05-20 11:18:51.854 follower.py:295 follower [36, 2516, -1329, 955, 11402, -1035]
INFO 2026-05-20 11:18:51.904 follower.py:295 follower [92, 2376, -1624, 970, 11420, -775]
INFO 2026-05-20 11:18:51.954 follower.py:295 follower [-48, 2918, -1847, 1186, 11497, -641]
INFO 2026-05-20 11:18:52.004 follower.py:295 follower [-93, 3736, -1911, 1051, 11349, -749]
INFO 2026-05-20 11:18:52.055 follower.py:295 follower [179, 3555, -2011, 1492, 11582, -445]
INFO 2026-05-20 11:18:52.107 follower.py:295 follower [-96, 4407, -1838, 1235, 11363, -880]
INFO 2026-05-20 11:18:52.158 follower.py:295 follower [195, 4875, -2195, 1640, 11450, -494]
INFO 2026-05-20 11:18:52.205 follower.py:295 follower [-23, 6474, -2948, 1268, 11528, -696]
INFO 2026-05-20 11:18:52.256 follower.py:295 follower [-16, 7879, -3598, 969, 11428, -694]
INFO 2026-05-20 11:18:52.305 follower.py:295 follower [-141, 9412, -5183, 1223, 11379, -682]
INFO 2026-05-20 11:18:52.355 follower.py:295 follower [-358, 10698, -6044, 846, 11479, -305]
INFO 2026-05-20 11:18:52.406 follower.py:295 follower [-749, 13748, -7439, 524, 11417, -147]
INFO 2026-05-20 11:18:52.455 follower.py:295 follower [-1472, 15137, -8915, 185, 11405, -163]
INFO 2026-05-20 11:18:52.506 follower.py:295 follower [-2199, 17631, -10914, 215, 11477, -153]
INFO 2026-05-20 11:18:52.556 follower.py:295 follower [-2746, 20278, -12039, -278, 11423, 81]
INFO 2026-05-20 11:18:52.606 follower.py:295 follower [-3593, 22358, -13681, -697, 11559, 100]
INFO 2026-05-20 11:18:52.656 follower.py:295 follower [-4527, 25187, -15436, -469, 11557, 288]
INFO 2026-05-20 11:18:52.706 follower.py:295 follower [-5371, 27819, -16978, -783, 11589, 607]
INFO 2026-05-20 11:18:52.756 follower.py:295 follower [-6295, 30052, -19093, -1160, 11569, 763]
INFO 2026-05-20 11:18:52.806 follower.py:295 follower [-6990, 32044, -20940, -1156, 11676, 1142]
INFO 2026-05-20 11:18:52.858 follower.py:295 follower [-7713, 34034, -22504, -1396, 11589, 1351]
INFO 2026-05-20 11:18:52.909 follower.py:295 follower [-8357, 36654, -24225, -1469, 11582, 1505]
INFO 2026-05-20 11:18:52.956 follower.py:295 follower [-8687, 38861, -25791, -1713, 11618, 1517]
INFO 2026-05-20 11:18:53.006 follower.py:295 follower [-9426, 41195, -27897, -1985, 11607, 1807]
INFO 2026-05-20 11:18:53.056 follower.py:295 follower [-9946, 43797, -29772, -1707, 11553, 1601]
INFO 2026-05-20 11:18:53.106 follower.py:295 follower [-10151, 46541, -31966, -1560, 11682, 1685]
INFO 2026-05-20 11:18:53.156 follower.py:295 follower [-10322, 48941, -33169, -1875, 11670, 1789]
INFO 2026-05-20 11:18:53.207 follower.py:295 follower [-10769, 51601, -35441, -1747, 11663, 1713]
INFO 2026-05-20 11:18:53.257 follower.py:295 follower [-11114, 53540, -37249, -2118, 11760, 1883]
INFO 2026-05-20 11:18:53.307 follower.py:295 follower [-11224, 56262, -38873, -2050, 12025, 2059]
INFO 2026-05-20 11:18:53.357 follower.py:295 follower [-11398, 58095, -40849, -2091, 12485, 1981]
INFO 2026-05-20 11:18:53.409 follower.py:295 follower [-11743, 60671, -43083, -2037, 13340, 1968]
INFO 2026-05-20 11:18:53.458 follower.py:295 follower [-11803, 62840, -45446, -2138, 14242, 2369]
INFO 2026-05-20 11:18:53.509 follower.py:295 follower [-11972, 65245, -47189, -1980, 15386, 2156]
INFO 2026-05-20 11:18:53.558 follower.py:295 follower [-12170, 67759, -48924, -2167, 16626, 2341]
INFO 2026-05-20 11:18:53.608 follower.py:295 follower [-12565, 69993, -51441, -1900, 17618, 2183]
INFO 2026-05-20 11:18:53.658 follower.py:295 follower [-12905, 72168, -53128, -1857, 18515, 2214]
INFO 2026-05-20 11:18:53.708 follower.py:295 follower [-13035, 74162, -55161, -2067, 19503, 2331]
INFO 2026-05-20 11:18:53.758 follower.py:295 follower [-13177, 76384, -56529, -2004, 20260, 2164]
INFO 2026-05-20 11:18:53.808 follower.py:295 follower [-13286, 78957, -58987, -2047, 21338, 2485]
INFO 2026-05-20 11:18:53.858 follower.py:295 follower [-13590, 80831, -61090, -1953, 22314, 2426]
INFO 2026-05-20 11:18:53.909 follower.py:295 follower [-13576, 83267, -62784, -1827, 23444, 2404]
INFO 2026-05-20 11:18:53.958 follower.py:295 follower [-13722, 84933, -64779, -2180, 24656, 2354]
INFO 2026-05-20 11:18:54.010 follower.py:295 follower [-13803, 87631, -66656, -1948, 25701, 2476]
INFO 2026-05-20 11:18:54.060 follower.py:295 follower [-13918, 89669, -68655, -1857, 26690, 2519]
INFO 2026-05-20 11:18:54.245 follower.py:295 follower [-829, -269, 250, 937, 11709, 23]
INFO 2026-05-20 11:18:54.258 follower.py:295 follower [-386, -269, 403, 1137, 11640, -114]
INFO 2026-05-20 11:18:54.304 follower.py:295 follower [-716, -269, 408, 797, 11657, -152]
INFO 2026-05-20 11:18:54.351 follower.py:295 follower [-549, -269, 408, 1120, 11720, -131]
INFO 2026-05-20 11:18:54.400 follower.py:295 follower [-719, -269, 408, 919, 11724, -68]
INFO 2026-05-20 11:18:54.451 follower.py:295 follower [-663, -269, 408, 1072, 11764, 28]
INFO 2026-05-20 11:18:54.501 follower.py:295 follower [-813, -269, 408, 971, 11677, 50]
INFO 2026-05-20 11:18:54.551 follower.py:295 follower [-904, -269, 190, 1075, 11864, 29]
INFO 2026-05-20 11:18:54.601 follower.py:295 follower [-740, -269, -120, 1382, 11839, 27]
INFO 2026-05-20 11:18:54.651 follower.py:295 follower [-1049, -269, 141, 1143, 11858, 58]
INFO 2026-05-20 11:18:54.701 follower.py:295 follower [-806, -269, 41, 1034, 11659, 55]
INFO 2026-05-20 11:18:54.753 follower.py:295 follower [-654, -229, 2, 924, 11788, 137]
INFO 2026-05-20 11:18:54.803 follower.py:295 follower [-885, -246, 350, 1093, 11764, 9]
INFO 2026-05-20 11:18:54.852 follower.py:295 follower [-904, -269, 408, 1125, 11706, -33]
INFO 2026-05-20 11:18:54.903 follower.py:295 follower [-706, -129, -10, 963, 11875, 115]
INFO 2026-05-20 11:18:54.953 follower.py:295 follower [-800, -269, 365, 1053, 11796, 184]
INFO 2026-05-20 11:18:55.003 follower.py:295 follower [-820, -269, 408, 1286, 11886, 80]
INFO 2026-05-20 11:18:55.053 follower.py:295 follower [-920, -269, 408, 1148, 11954, -38]
INFO 2026-05-20 11:18:55.103 follower.py:295 follower [-594, -269, 221, 1087, 11983, 211]
INFO 2026-05-20 11:18:55.153 follower.py:295 follower [-715, 299, 408, 1490, 11943, 135]
INFO 2026-05-20 11:18:55.203 follower.py:295 follower [-828, -269, 408, 1148, 11838, 255]
INFO 2026-05-20 11:18:55.253 follower.py:295 follower [-1060, -149, 408, 1171, 11846, 168]
INFO 2026-05-20 11:18:55.304 follower.py:295 follower [-905, -145, 408, 1088, 11831, 1]
INFO 2026-05-20 11:18:55.354 follower.py:295 follower [-790, 158, 246, 1427, 11843, 255]
INFO 2026-05-20 11:18:55.403 follower.py:295 follower [-1036, 651, 246, 845, 11681, 300]
INFO 2026-05-20 11:18:55.455 follower.py:295 follower [-842, 1275, 339, 1322, 11794, 333]
INFO 2026-05-20 11:18:55.505 follower.py:295 follower [-1036, 1481, 67, 1275, 11628, 128]
INFO 2026-05-20 11:18:55.554 follower.py:295 follower [-1112, 2152, -394, 1287, 11701, 18]
INFO 2026-05-20 11:18:55.603 follower.py:295 follower [-1049, 3758, -1170, 1678, 11625, 80]
INFO 2026-05-20 11:18:55.653 follower.py:295 follower [-1087, 4838, -1984, 1426, 11652, 172]
INFO 2026-05-20 11:18:55.704 follower.py:295 follower [-1178, 6586, -2851, 1237, 11613, -19]
INFO 2026-05-20 11:18:55.754 follower.py:295 follower [-1182, 8038, -3993, 1619, 11693, 337]
INFO 2026-05-20 11:18:55.804 follower.py:295 follower [-953, 9468, -5247, 1438, 11680, -53]
INFO 2026-05-20 11:18:55.854 follower.py:295 follower [-1498, 10817, -6324, 1331, 11679, -235]
INFO 2026-05-20 11:18:55.904 follower.py:295 follower [-1072, 12481, -7672, 1434, 11706, -70]
INFO 2026-05-20 11:18:55.953 follower.py:295 follower [-1135, 14959, -9302, 1121, 11721, 16]
INFO 2026-05-20 11:18:56.010 follower.py:295 follower [-1129, 16487, -10322, 833, 11769, 50]
INFO 2026-05-20 11:18:56.055 follower.py:295 follower [-1313, 18720, -12004, 1075, 11776, -213]
INFO 2026-05-20 11:18:56.106 follower.py:295 follower [-1493, 21365, -13630, 823, 11961, -277]
INFO 2026-05-20 11:18:56.155 follower.py:295 follower [-991, 24185, -15990, 923, 12011, -485]
INFO 2026-05-20 11:18:56.205 follower.py:295 follower [-1323, 26145, -17376, 659, 11999, -57]
INFO 2026-05-20 11:18:56.255 follower.py:295 follower [-1165, 28130, -18981, 386, 12173, -405]
INFO 2026-05-20 11:18:56.304 follower.py:295 follower [-1419, 30204, -20650, 542, 12135, -250]
INFO 2026-05-20 11:18:56.355 follower.py:295 follower [-1774, 32519, -21792, 480, 12237, -114]
INFO 2026-05-20 11:18:56.404 follower.py:295 follower [-1659, 35254, -23664, 429, 12364, -534]
INFO 2026-05-20 11:18:56.455 follower.py:295 follower [-1591, 37687, -25711, 241, 12369, -284]
INFO 2026-05-20 11:18:56.505 follower.py:295 follower [-1853, 39812, -27150, 314, 12497, -436]
INFO 2026-05-20 11:18:56.555 follower.py:295 follower [-2148, 42419, -29482, -3, 12757, -279]
INFO 2026-05-20 11:18:56.605 follower.py:295 follower [-2751, 45267, -30741, -325, 12899, -359]
INFO 2026-05-20 11:18:56.656 follower.py:295 follower [-3095, 47708, -32706, -228, 13205, -248]
INFO 2026-05-20 11:18:56.850 follower.py:295 follower [-497, 1477, -1528, 911, 13163, -496]
INFO 2026-05-20 11:18:56.859 follower.py:295 follower [-262, 1315, -1808, 630, 13086, -491]
INFO 2026-05-20 11:18:56.905 follower.py:295 follower [-549, 2230, -2423, 757, 13045, -569]
INFO 2026-05-20 11:18:56.956 follower.py:295 follower [-668, 2066, -2650, 551, 12951, -732]
INFO 2026-05-20 11:18:57.005 follower.py:295 follower [-534, 2988, -2989, 605, 12745, -624]
INFO 2026-05-20 11:18:57.060 follower.py:295 follower [-608, 4280, -3814, 564, 12948, -735]
INFO 2026-05-20 11:18:57.107 follower.py:295 follower [-432, 5719, -5403, 446, 13052, -487]
INFO 2026-05-20 11:18:57.158 follower.py:295 follower [-413, 7051, -5576, 933, 12883, -775]
INFO 2026-05-20 11:18:57.206 follower.py:295 follower [-599, 8845, -7422, 683, 13002, -595]
INFO 2026-05-20 11:18:57.256 follower.py:295 follower [-556, 10469, -8072, 577, 13025, -881]
INFO 2026-05-20 11:18:57.306 follower.py:295 follower [-907, 12204, -9502, 228, 13168, -688]
INFO 2026-05-20 11:18:57.356 follower.py:295 follower [-950, 13898, -10388, 592, 13153, -1050]
INFO 2026-05-20 11:18:57.406 follower.py:295 follower [-874, 16215, -11941, 506, 13214, -1381]
INFO 2026-05-20 11:18:57.456 follower.py:295 follower [-929, 17303, -12972, 445, 13314, -1165]
INFO 2026-05-20 11:18:57.506 follower.py:295 follower [-936, 19069, -13709, 456, 13275, -1162]
INFO 2026-05-20 11:18:57.564 follower.py:295 follower [-942, 20821, -15455, 361, 13268, -1345]
INFO 2026-05-20 11:18:57.606 follower.py:295 follower [-682, 23497, -17005, 150, 13307, -1395]
INFO 2026-05-20 11:18:57.656 follower.py:295 follower [-714, 25629, -18186, 69, 13313, -1273]
INFO 2026-05-20 11:18:57.707 follower.py:295 follower [-899, 27631, -20024, 220, 13394, -1093]
INFO 2026-05-20 11:18:57.757 follower.py:295 follower [-1105, 29997, -21654, 80, 13377, -1227]
INFO 2026-05-20 11:18:57.807 follower.py:295 follower [-861, 31786, -23292, -125, 13570, -1520]
INFO 2026-05-20 11:18:57.840 ls/utils.py:227 Stop recording
INFO 2026-05-20 11:18:59.098 a_opencv.py:592 OpenCVCamera(14) disconnected.
INFO 2026-05-20 11:18:59.109 a_opencv.py:592 OpenCVCamera(6) disconnected.
INFO 2026-05-20 11:18:59.109 follower.py:340 my_piper_follower PiperFollower disconnected.
INFO 2026-05-20 11:18:59.110 r_leader.py:468 my_piper_leader PiperLeader disconnected.
INFO 2026-05-20 11:18:59.185 ls/utils.py:227 Exiting
INFO 2026-05-27 15:04:16.350 t_record.py:325 Human-in-loop recording is enabled. Press 'i' to toggle takeover. Press 's' to mark success and end, 'f' to mark failure and end. Recorded `action` is the executed action. Policy output (when policy is enabled) is stored in `complementary_info.policy_action`. Collector source is stored in `complementary_info.collector_policy_id`. ACP inference: enable=False use_cfg=False cfg_beta=1.000.
INFO 2026-05-27 15:04:16.351 t_record.py:343 {'acp_inference': {'cfg_beta': 1.0, 'enable': False, 'use_cfg': False},
 'collector_policy_id_human': 'human',
 'collector_policy_id_policy': 'human',
 'communication_retry_interval_s': 0.1,
 'communication_retry_timeout_s': 2.0,
 'dataset': {'episode_time_s': 120,
             'fps': 30,
             'num_episodes': 50,
             'num_image_writer_processes': 0,
             'num_image_writer_threads_per_camera': 4,
             'private': False,
             'push_to_hub': False,
             'rename_map': {},
             'repo_id': 'local_data',
             'reset_time_s': 1,
             'root': '/home/ghr/VLA/package_data/single/qwen3_subtask_multipackage/subtask1_1',
             'single_task': 'Grab the package and place it on the pallet.',
             'tags': None,
             'vcodec': 'libsvtav1',
             'video': True,
             'video_encoding_batch_size': 1},
 'default_episode_success': 'failure',
 'display_compressed_images': False,
 'display_data': True,
 'display_ip': None,
 'display_port': None,
 'enable_collector_policy_id': True,
 'enable_episode_outcome_labeling': True,
 'episode_failure_key': 'f',
 'episode_success_key': 's',
 'intervention_state_machine_enabled': False,
 'intervention_toggle_key': 'i',
 'play_sounds': True,
 'policy': None,
 'policy_sync_parallel': True,
 'policy_sync_to_teleop': False,
 'require_episode_success_label': False,
 'resume': False,
 'robot': {'calibration_dir': None,
           'calibration_scale': 1000,
           'cameras': {'top': {'backend': <Cv2Backends.ANY: 0>,
                               'color_mode': <ColorMode.RGB: 'rgb'>,
                               'fourcc': None,
                               'fps': 30,
                               'height': 480,
                               'index_or_path': 10,
                               'rotation': <Cv2Rotation.NO_ROTATION: 0>,
                               'warmup_s': 1,
                               'width': 640},
                       'wrist': {'backend': <Cv2Backends.ANY: 0>,
                                 'color_mode': <ColorMode.RGB: 'rgb'>,
                                 'fourcc': None,
                                 'fps': 30,
                                 'height': 480,
                                 'index_or_path': 4,
                                 'rotation': <Cv2Rotation.NO_ROTATION: 0>,
                                 'warmup_s': 1,
                                 'width': 640}},
           'can_auto_init': True,
           'disable_on_disconnect': False,
           'enable_on_connect': True,
           'enable_timeout_s': 3.0,
           'gripper_effort_default': 1000,
           'gripper_status_code': 1,
           'high_follow': True,
           'id': 'my_piper_follower',
           'judge_flag': False,
           'log_level': 'WARNING',
           'mode_refresh_interval_s': 1.0,
           'port': 'can1',
           'require_calibration': True,
           'speed_ratio': 50,
           'startup_sleep_s': 0.1,
           'sync_gripper': True},
 'teleop': {'calibration_dir': None,
            'calibration_scale': 1000,
            'can_auto_init': True,
            'command_high_follow': True,
            'command_speed_ratio': 50,
            'disable_on_disconnect': False,
            'enable_timeout_s': 3.0,
            'fallback_to_feedback': True,
            'gravity_comp_base_rpy_deg': (0.0, 0.0, 0.0),
            'gravity_comp_control_hz': 200.0,
            'gravity_comp_mit_kd': 0.0,
            'gravity_comp_mit_kp': 0.0,
            'gravity_comp_torque_limit': 8.0,
            'gravity_comp_tx_ratio': (0.2, 0.2, 0.2, 0.2, 0.2, 0.2),
            'gripper_effort_default': 1000,
            'gripper_status_code': 1,
            'id': 'my_piper_leader',
            'judge_flag': False,
            'log_level': 'WARNING',
            'manual_control': True,
            'mode_refresh_interval_s': 1.0,
            'port': 'can0',
            'prefer_ctrl_messages': True,
            'require_calibration': True,
            'startup_sleep_s': 0.1,
            'sync_gripper': True}}
INFO 2026-05-27 15:04:16.627 t_record.py:371 dataset_features: {'action': {'dtype': 'float32', 'names': ['joint_1.pos', 'joint_2.pos', 'joint_3.pos', 'joint_4.pos', 'joint_5.pos', 'joint_6.pos', 'gripper.pos'], 'shape': (7,)}, 'observation.state': {'dtype': 'float32', 'names': ['joint_1.pos', 'joint_2.pos', 'joint_3.pos', 'joint_4.pos', 'joint_5.pos', 'joint_6.pos', 'gripper.pos'], 'shape': (7,)}, 'observation.images.wrist': {'dtype': 'video', 'shape': (480, 640, 3), 'names': ['height', 'width', 'channels']}, 'observation.images.top': {'dtype': 'video', 'shape': (480, 640, 3), 'names': ['height', 'width', 'channels']}}
INFO 2026-05-27 15:04:16.627 t_record.py:382 dataset_features: {'action': {'dtype': 'float32', 'names': ['joint_1.pos', 'joint_2.pos', 'joint_3.pos', 'joint_4.pos', 'joint_5.pos', 'joint_6.pos', 'gripper.pos'], 'shape': (7,)}, 'observation.state': {'dtype': 'float32', 'names': ['joint_1.pos', 'joint_2.pos', 'joint_3.pos', 'joint_4.pos', 'joint_5.pos', 'joint_6.pos', 'gripper.pos'], 'shape': (7,)}, 'observation.images.wrist': {'dtype': 'video', 'shape': (480, 640, 3), 'names': ['height', 'width', 'channels']}, 'observation.images.top': {'dtype': 'video', 'shape': (480, 640, 3), 'names': ['height', 'width', 'channels']}, 'complementary_info.policy_action': {'dtype': 'float32', 'shape': (7,), 'names': ['joint_1.pos', 'joint_2.pos', 'joint_3.pos', 'joint_4.pos', 'joint_5.pos', 'joint_6.pos', 'gripper.pos']}, 'complementary_info.is_intervention': {'dtype': 'float32', 'shape': (1,), 'names': ['is_intervention']}, 'complementary_info.state': {'dtype': 'float32', 'shape': (1,), 'names': ['state']}, 'complementary_info.collector_policy_id': {'dtype': 'string', 'shape': (1,), 'names': ['collector_policy_id']}}
INFO 2026-05-27 15:04:17.244 ls/utils.py:227 Stop recording
INFO 2026-05-27 15:04:18.911 ls/utils.py:227 Exiting
INFO 2026-05-27 15:32:56.814 t_record.py:325 Human-in-loop recording is enabled. Press 'i' to toggle takeover. Press 's' to mark success and end, 'f' to mark failure and end. Recorded `action` is the executed action. Policy output (when policy is enabled) is stored in `complementary_info.policy_action`. Collector source is stored in `complementary_info.collector_policy_id`. ACP inference: enable=False use_cfg=False cfg_beta=1.000.
INFO 2026-05-27 15:32:56.815 t_record.py:343 {'acp_inference': {'cfg_beta': 1.0, 'enable': False, 'use_cfg': False},
 'collector_policy_id_human': 'human',
 'collector_policy_id_policy': 'human',
 'communication_retry_interval_s': 0.1,
 'communication_retry_timeout_s': 2.0,
 'dataset': {'episode_time_s': 120,
             'fps': 30,
             'num_episodes': 50,
             'num_image_writer_processes': 0,
             'num_image_writer_threads_per_camera': 4,
             'private': False,
             'push_to_hub': False,
             'rename_map': {},
             'repo_id': 'local_data',
             'reset_time_s': 1,
             'root': '/home/ghr/VLA/package_data/single/qwen3_subtask_multipackage/subtask1_1',
             'single_task': 'Grab the package and place it on the pallet.',
             'tags': None,
             'vcodec': 'libsvtav1',
             'video': True,
             'video_encoding_batch_size': 1},
 'default_episode_success': 'failure',
 'display_compressed_images': False,
 'display_data': True,
 'display_ip': None,
 'display_port': None,
 'enable_collector_policy_id': True,
 'enable_episode_outcome_labeling': True,
 'episode_failure_key': 'f',
 'episode_success_key': 's',
 'intervention_state_machine_enabled': False,
 'intervention_toggle_key': 'i',
 'play_sounds': True,
 'policy': None,
 'policy_sync_parallel': True,
 'policy_sync_to_teleop': False,
 'require_episode_success_label': False,
 'resume': False,
 'robot': {'calibration_dir': None,
           'calibration_scale': 1000,
           'cameras': {'top': {'backend': <Cv2Backends.ANY: 0>,
                               'color_mode': <ColorMode.RGB: 'rgb'>,
                               'fourcc': None,
                               'fps': 30,
                               'height': 480,
                               'index_or_path': 10,
                               'rotation': <Cv2Rotation.NO_ROTATION: 0>,
                               'warmup_s': 1,
                               'width': 640},
                       'wrist': {'backend': <Cv2Backends.ANY: 0>,
                                 'color_mode': <ColorMode.RGB: 'rgb'>,
                                 'fourcc': None,
                                 'fps': 30,
                                 'height': 480,
                                 'index_or_path': 4,
                                 'rotation': <Cv2Rotation.NO_ROTATION: 0>,
                                 'warmup_s': 1,
                                 'width': 640}},
           'can_auto_init': True,
           'disable_on_disconnect': False,
           'enable_on_connect': True,
           'enable_timeout_s': 3.0,
           'gripper_effort_default': 1000,
           'gripper_status_code': 1,
           'high_follow': True,
           'id': 'my_piper_follower',
           'judge_flag': False,
           'log_level': 'WARNING',
           'mode_refresh_interval_s': 1.0,
           'port': 'can1',
           'require_calibration': True,
           'speed_ratio': 50,
           'startup_sleep_s': 0.1,
           'sync_gripper': True},
 'teleop': {'calibration_dir': None,
            'calibration_scale': 1000,
            'can_auto_init': True,
            'command_high_follow': True,
            'command_speed_ratio': 50,
            'disable_on_disconnect': False,
            'enable_timeout_s': 3.0,
            'fallback_to_feedback': True,
            'gravity_comp_base_rpy_deg': (0.0, 0.0, 0.0),
            'gravity_comp_control_hz': 200.0,
            'gravity_comp_mit_kd': 0.0,
            'gravity_comp_mit_kp': 0.0,
            'gravity_comp_torque_limit': 8.0,
            'gravity_comp_tx_ratio': (0.2, 0.2, 0.2, 0.2, 0.2, 0.2),
            'gripper_effort_default': 1000,
            'gripper_status_code': 1,
            'id': 'my_piper_leader',
            'judge_flag': False,
            'log_level': 'WARNING',
            'manual_control': True,
            'mode_refresh_interval_s': 1.0,
            'port': 'can0',
            'prefer_ctrl_messages': True,
            'require_calibration': True,
            'startup_sleep_s': 0.1,
            'sync_gripper': True}}
INFO 2026-05-27 15:32:56.866 t_record.py:371 dataset_features: {'action': {'dtype': 'float32', 'names': ['joint_1.pos', 'joint_2.pos', 'joint_3.pos', 'joint_4.pos', 'joint_5.pos', 'joint_6.pos', 'gripper.pos'], 'shape': (7,)}, 'observation.state': {'dtype': 'float32', 'names': ['joint_1.pos', 'joint_2.pos', 'joint_3.pos', 'joint_4.pos', 'joint_5.pos', 'joint_6.pos', 'gripper.pos'], 'shape': (7,)}, 'observation.images.wrist': {'dtype': 'video', 'shape': (480, 640, 3), 'names': ['height', 'width', 'channels']}, 'observation.images.top': {'dtype': 'video', 'shape': (480, 640, 3), 'names': ['height', 'width', 'channels']}}
INFO 2026-05-27 15:32:56.866 t_record.py:382 dataset_features: {'action': {'dtype': 'float32', 'names': ['joint_1.pos', 'joint_2.pos', 'joint_3.pos', 'joint_4.pos', 'joint_5.pos', 'joint_6.pos', 'gripper.pos'], 'shape': (7,)}, 'observation.state': {'dtype': 'float32', 'names': ['joint_1.pos', 'joint_2.pos', 'joint_3.pos', 'joint_4.pos', 'joint_5.pos', 'joint_6.pos', 'gripper.pos'], 'shape': (7,)}, 'observation.images.wrist': {'dtype': 'video', 'shape': (480, 640, 3), 'names': ['height', 'width', 'channels']}, 'observation.images.top': {'dtype': 'video', 'shape': (480, 640, 3), 'names': ['height', 'width', 'channels']}, 'complementary_info.policy_action': {'dtype': 'float32', 'shape': (7,), 'names': ['joint_1.pos', 'joint_2.pos', 'joint_3.pos', 'joint_4.pos', 'joint_5.pos', 'joint_6.pos', 'gripper.pos']}, 'complementary_info.is_intervention': {'dtype': 'float32', 'shape': (1,), 'names': ['is_intervention']}, 'complementary_info.state': {'dtype': 'float32', 'shape': (1,), 'names': ['state']}, 'complementary_info.collector_policy_id': {'dtype': 'string', 'shape': (1,), 'names': ['collector_policy_id']}}
INFO 2026-05-27 15:32:58.428 a_opencv.py:179 OpenCVCamera(4) connected.
INFO 2026-05-27 15:32:59.643 a_opencv.py:179 OpenCVCamera(10) connected.
INFO 2026-05-27 15:32:59.643 follower.py:139 my_piper_follower PiperFollower connected.
INFO 2026-05-27 15:33:00.912 r_leader.py:130 my_piper_leader PiperLeader connected.
INFO 2026-05-27 15:33:00.914 t_record.py:446 robot and teleop all conected
INFO 2026-05-27 15:33:00.916 ls/utils.py:227 Recording episode 0
WARNING 2026-05-27 15:33:19.055 t_record.py:512 Episode 0 has no explicit success/failure label, defaulting to 'success'.
INFO 2026-05-27 15:33:19.055 ls/utils.py:227 Reset the environment
INFO 2026-05-27 15:33:25.739 ls/utils.py:227 Re-record episode
INFO 2026-05-27 15:33:25.740 ls/utils.py:227 Recording episode 0
WARNING 2026-05-27 15:33:33.031 t_record.py:512 Episode 0 has no explicit success/failure label, defaulting to 'success'.
INFO 2026-05-27 15:33:33.032 ls/utils.py:227 Reset the environment
INFO 2026-05-27 15:33:51.788 ls/utils.py:227 Recording episode 1
WARNING 2026-05-27 15:34:03.415 t_record.py:512 Episode 1 has no explicit success/failure label, defaulting to 'success'.
INFO 2026-05-27 15:34:03.415 ls/utils.py:227 Reset the environment
INFO 2026-05-27 15:34:19.455 ls/utils.py:227 Recording episode 2
WARNING 2026-05-27 15:34:27.174 t_record.py:512 Episode 2 has no explicit success/failure label, defaulting to 'success'.
INFO 2026-05-27 15:34:27.174 ls/utils.py:227 Reset the environment
INFO 2026-05-27 15:34:41.077 ls/utils.py:227 Recording episode 3
WARNING 2026-05-27 15:34:46.423 t_record.py:512 Episode 3 has no explicit success/failure label, defaulting to 'success'.
INFO 2026-05-27 15:34:46.423 ls/utils.py:227 Reset the environment
INFO 2026-05-27 15:35:45.779 ls/utils.py:227 Stop recording
INFO 2026-05-27 15:35:47.209 t_record.py:570 To inspect the recorded dataset, run:
  lerobot-dataset-report --dataset local_data
INFO 2026-05-27 15:35:47.224 a_opencv.py:592 OpenCVCamera(4) disconnected.
INFO 2026-05-27 15:35:47.257 a_opencv.py:592 OpenCVCamera(10) disconnected.
INFO 2026-05-27 15:35:47.257 follower.py:339 my_piper_follower PiperFollower disconnected.
INFO 2026-05-27 15:35:47.259 r_leader.py:468 my_piper_leader PiperLeader disconnected.
INFO 2026-05-27 15:35:47.259 ls/utils.py:227 Exiting
INFO 2026-05-27 15:36:04.724 t_record.py:325 Human-in-loop recording is enabled. Press 'i' to toggle takeover. Press 's' to mark success and end, 'f' to mark failure and end. Recorded `action` is the executed action. Policy output (when policy is enabled) is stored in `complementary_info.policy_action`. Collector source is stored in `complementary_info.collector_policy_id`. ACP inference: enable=False use_cfg=False cfg_beta=1.000.
INFO 2026-05-27 15:36:04.725 t_record.py:343 {'acp_inference': {'cfg_beta': 1.0, 'enable': False, 'use_cfg': False},
 'collector_policy_id_human': 'human',
 'collector_policy_id_policy': 'human',
 'communication_retry_interval_s': 0.1,
 'communication_retry_timeout_s': 2.0,
 'dataset': {'episode_time_s': 120,
             'fps': 30,
             'num_episodes': 50,
             'num_image_writer_processes': 0,
             'num_image_writer_threads_per_camera': 4,
             'private': False,
             'push_to_hub': False,
             'rename_map': {},
             'repo_id': 'local_data',
             'reset_time_s': 1,
             'root': '/home/ghr/VLA/package_data/single/qwen3_subtask_multipackage/subtask1_1',
             'single_task': 'Grab the package and place it on the pallet.',
             'tags': None,
             'vcodec': 'libsvtav1',
             'video': True,
             'video_encoding_batch_size': 1},
 'default_episode_success': 'failure',
 'display_compressed_images': False,
 'display_data': True,
 'display_ip': None,
 'display_port': None,
 'enable_collector_policy_id': True,
 'enable_episode_outcome_labeling': True,
 'episode_failure_key': 'f',
 'episode_success_key': 's',
 'intervention_state_machine_enabled': False,
 'intervention_toggle_key': 'i',
 'play_sounds': True,
 'policy': None,
 'policy_sync_parallel': True,
 'policy_sync_to_teleop': False,
 'require_episode_success_label': False,
 'resume': False,
 'robot': {'calibration_dir': None,
           'calibration_scale': 1000,
           'cameras': {'top': {'backend': <Cv2Backends.ANY: 0>,
                               'color_mode': <ColorMode.RGB: 'rgb'>,
                               'fourcc': None,
                               'fps': 30,
                               'height': 480,
                               'index_or_path': 10,
                               'rotation': <Cv2Rotation.NO_ROTATION: 0>,
                               'warmup_s': 1,
                               'width': 640},
                       'wrist': {'backend': <Cv2Backends.ANY: 0>,
                                 'color_mode': <ColorMode.RGB: 'rgb'>,
                                 'fourcc': None,
                                 'fps': 30,
                                 'height': 480,
                                 'index_or_path': 4,
                                 'rotation': <Cv2Rotation.NO_ROTATION: 0>,
                                 'warmup_s': 1,
                                 'width': 640}},
           'can_auto_init': True,
           'disable_on_disconnect': False,
           'enable_on_connect': True,
           'enable_timeout_s': 3.0,
           'gripper_effort_default': 1000,
           'gripper_status_code': 1,
           'high_follow': True,
           'id': 'my_piper_follower',
           'judge_flag': False,
           'log_level': 'WARNING',
           'mode_refresh_interval_s': 1.0,
           'port': 'can1',
           'require_calibration': True,
           'speed_ratio': 50,
           'startup_sleep_s': 0.1,
           'sync_gripper': True},
 'teleop': {'calibration_dir': None,
            'calibration_scale': 1000,
            'can_auto_init': True,
            'command_high_follow': True,
            'command_speed_ratio': 50,
            'disable_on_disconnect': False,
            'enable_timeout_s': 3.0,
            'fallback_to_feedback': True,
            'gravity_comp_base_rpy_deg': (0.0, 0.0, 0.0),
            'gravity_comp_control_hz': 200.0,
            'gravity_comp_mit_kd': 0.0,
            'gravity_comp_mit_kp': 0.0,
            'gravity_comp_torque_limit': 8.0,
            'gravity_comp_tx_ratio': (0.2, 0.2, 0.2, 0.2, 0.2, 0.2),
            'gripper_effort_default': 1000,
            'gripper_status_code': 1,
            'id': 'my_piper_leader',
            'judge_flag': False,
            'log_level': 'WARNING',
            'manual_control': True,
            'mode_refresh_interval_s': 1.0,
            'port': 'can0',
            'prefer_ctrl_messages': True,
            'require_calibration': True,
            'startup_sleep_s': 0.1,
            'sync_gripper': True}}
INFO 2026-05-27 15:36:04.735 t_record.py:371 dataset_features: {'action': {'dtype': 'float32', 'names': ['joint_1.pos', 'joint_2.pos', 'joint_3.pos', 'joint_4.pos', 'joint_5.pos', 'joint_6.pos', 'gripper.pos'], 'shape': (7,)}, 'observation.state': {'dtype': 'float32', 'names': ['joint_1.pos', 'joint_2.pos', 'joint_3.pos', 'joint_4.pos', 'joint_5.pos', 'joint_6.pos', 'gripper.pos'], 'shape': (7,)}, 'observation.images.wrist': {'dtype': 'video', 'shape': (480, 640, 3), 'names': ['height', 'width', 'channels']}, 'observation.images.top': {'dtype': 'video', 'shape': (480, 640, 3), 'names': ['height', 'width', 'channels']}}
INFO 2026-05-27 15:36:04.735 t_record.py:382 dataset_features: {'action': {'dtype': 'float32', 'names': ['joint_1.pos', 'joint_2.pos', 'joint_3.pos', 'joint_4.pos', 'joint_5.pos', 'joint_6.pos', 'gripper.pos'], 'shape': (7,)}, 'observation.state': {'dtype': 'float32', 'names': ['joint_1.pos', 'joint_2.pos', 'joint_3.pos', 'joint_4.pos', 'joint_5.pos', 'joint_6.pos', 'gripper.pos'], 'shape': (7,)}, 'observation.images.wrist': {'dtype': 'video', 'shape': (480, 640, 3), 'names': ['height', 'width', 'channels']}, 'observation.images.top': {'dtype': 'video', 'shape': (480, 640, 3), 'names': ['height', 'width', 'channels']}, 'complementary_info.policy_action': {'dtype': 'float32', 'shape': (7,), 'names': ['joint_1.pos', 'joint_2.pos', 'joint_3.pos', 'joint_4.pos', 'joint_5.pos', 'joint_6.pos', 'gripper.pos']}, 'complementary_info.is_intervention': {'dtype': 'float32', 'shape': (1,), 'names': ['is_intervention']}, 'complementary_info.state': {'dtype': 'float32', 'shape': (1,), 'names': ['state']}, 'complementary_info.collector_policy_id': {'dtype': 'string', 'shape': (1,), 'names': ['collector_policy_id']}}
INFO 2026-05-27 15:36:06.076 a_opencv.py:179 OpenCVCamera(4) connected.
INFO 2026-05-27 15:36:07.289 a_opencv.py:179 OpenCVCamera(10) connected.
INFO 2026-05-27 15:36:07.290 follower.py:139 my_piper_follower PiperFollower connected.
INFO 2026-05-27 15:36:08.119 r_leader.py:130 my_piper_leader PiperLeader connected.
INFO 2026-05-27 15:36:08.119 t_record.py:446 robot and teleop all conected
INFO 2026-05-27 15:36:08.120 ls/utils.py:227 Recording episode 0
WARNING 2026-05-27 15:36:20.984 t_record.py:512 Episode 0 has no explicit success/failure label, defaulting to 'success'.
INFO 2026-05-27 15:36:20.984 ls/utils.py:227 Reset the environment
INFO 2026-05-27 15:36:39.011 ls/utils.py:227 Recording episode 1
WARNING 2026-05-27 15:36:55.445 t_record.py:512 Episode 1 has no explicit success/failure label, defaulting to 'success'.
INFO 2026-05-27 15:36:55.446 ls/utils.py:227 Reset the environment
INFO 2026-05-27 15:37:16.072 ls/utils.py:227 Recording episode 2
WARNING 2026-05-27 15:37:29.806 t_record.py:512 Episode 2 has no explicit success/failure label, defaulting to 'success'.
INFO 2026-05-27 15:37:29.806 ls/utils.py:227 Reset the environment
INFO 2026-05-27 15:37:44.897 ls/utils.py:227 Recording episode 3
WARNING 2026-05-27 15:37:53.182 t_record.py:512 Episode 3 has no explicit success/failure label, defaulting to 'success'.
INFO 2026-05-27 15:37:53.182 ls/utils.py:227 Reset the environment
INFO 2026-05-27 15:38:04.564 ls/utils.py:227 Recording episode 4
WARNING 2026-05-27 15:38:08.607 t_record.py:512 Episode 4 has no explicit success/failure label, defaulting to 'success'.
INFO 2026-05-27 15:38:08.607 ls/utils.py:227 Reset the environment
INFO 2026-05-27 15:38:32.386 ls/utils.py:227 Recording episode 5
WARNING 2026-05-27 15:38:41.474 t_record.py:512 Episode 5 has no explicit success/failure label, defaulting to 'success'.
INFO 2026-05-27 15:38:41.474 ls/utils.py:227 Reset the environment
INFO 2026-05-27 15:38:51.095 ls/utils.py:227 Recording episode 6
WARNING 2026-05-27 15:38:55.939 t_record.py:512 Episode 6 has no explicit success/failure label, defaulting to 'success'.
INFO 2026-05-27 15:38:55.939 ls/utils.py:227 Reset the environment
INFO 2026-05-27 15:39:07.178 ls/utils.py:227 Recording episode 7
WARNING 2026-05-27 15:39:11.389 t_record.py:512 Episode 7 has no explicit success/failure label, defaulting to 'success'.
INFO 2026-05-27 15:39:11.389 ls/utils.py:227 Reset the environment
INFO 2026-05-27 15:39:19.608 ls/utils.py:227 Recording episode 8
WARNING 2026-05-27 15:39:24.687 t_record.py:512 Episode 8 has no explicit success/failure label, defaulting to 'success'.
INFO 2026-05-27 15:39:24.687 ls/utils.py:227 Reset the environment
INFO 2026-05-27 15:39:45.933 ls/utils.py:227 Recording episode 9
WARNING 2026-05-27 15:39:57.388 t_record.py:512 Episode 9 has no explicit success/failure label, defaulting to 'success'.
INFO 2026-05-27 15:39:57.388 ls/utils.py:227 Reset the environment
INFO 2026-05-27 15:40:27.176 ls/utils.py:227 Recording episode 10
WARNING 2026-05-27 15:40:32.956 t_record.py:512 Episode 10 has no explicit success/failure label, defaulting to 'success'.
INFO 2026-05-27 15:40:32.956 ls/utils.py:227 Reset the environment
INFO 2026-05-27 15:40:42.559 ls/utils.py:227 Recording episode 11
WARNING 2026-05-27 15:40:51.646 t_record.py:512 Episode 11 has no explicit success/failure label, defaulting to 'success'.
INFO 2026-05-27 15:40:51.646 ls/utils.py:227 Reset the environment
INFO 2026-05-27 15:41:06.581 ls/utils.py:227 Recording episode 12
WARNING 2026-05-27 15:41:11.426 t_record.py:512 Episode 12 has no explicit success/failure label, defaulting to 'success'.
INFO 2026-05-27 15:41:11.426 ls/utils.py:227 Reset the environment
INFO 2026-05-27 15:41:28.906 ls/utils.py:227 Recording episode 13
WARNING 2026-05-27 15:41:32.948 t_record.py:512 Episode 13 has no explicit success/failure label, defaulting to 'success'.
INFO 2026-05-27 15:41:32.948 ls/utils.py:227 Reset the environment
INFO 2026-05-27 15:41:43.362 ls/utils.py:227 Recording episode 14
WARNING 2026-05-27 15:41:48.844 t_record.py:512 Episode 14 has no explicit success/failure label, defaulting to 'success'.
INFO 2026-05-27 15:41:48.844 ls/utils.py:227 Reset the environment
INFO 2026-05-27 15:42:00.073 ls/utils.py:227 Recording episode 15
WARNING 2026-05-27 15:42:12.571 t_record.py:512 Episode 15 has no explicit success/failure label, defaulting to 'success'.
INFO 2026-05-27 15:42:12.572 ls/utils.py:227 Reset the environment
INFO 2026-05-27 15:42:43.637 ls/utils.py:227 Recording episode 16
WARNING 2026-05-27 15:42:50.453 t_record.py:512 Episode 16 has no explicit success/failure label, defaulting to 'success'.
INFO 2026-05-27 15:42:50.453 ls/utils.py:227 Reset the environment
INFO 2026-05-27 15:42:57.759 ls/utils.py:227 Recording episode 17
WARNING 2026-05-27 15:43:02.774 t_record.py:512 Episode 17 has no explicit success/failure label, defaulting to 'success'.
INFO 2026-05-27 15:43:02.774 ls/utils.py:227 Reset the environment
INFO 2026-05-27 15:43:14.968 ls/utils.py:227 Recording episode 18
WARNING 2026-05-27 15:43:21.349 t_record.py:512 Episode 18 has no explicit success/failure label, defaulting to 'success'.
INFO 2026-05-27 15:43:21.349 ls/utils.py:227 Reset the environment
INFO 2026-05-27 15:43:34.816 ls/utils.py:227 Recording episode 19
WARNING 2026-05-27 15:43:51.409 t_record.py:512 Episode 19 has no explicit success/failure label, defaulting to 'success'.
INFO 2026-05-27 15:43:51.409 ls/utils.py:227 Reset the environment
INFO 2026-05-27 15:44:02.093 ls/utils.py:227 Recording episode 20
WARNING 2026-05-27 15:44:13.826 t_record.py:512 Episode 20 has no explicit success/failure label, defaulting to 'success'.
INFO 2026-05-27 15:44:13.826 ls/utils.py:227 Reset the environment
INFO 2026-05-27 15:45:02.244 ls/utils.py:227 Stop recording
INFO 2026-05-27 15:45:03.674 t_record.py:570 To inspect the recorded dataset, run:
  lerobot-dataset-report --dataset local_data
INFO 2026-05-27 15:45:03.705 a_opencv.py:592 OpenCVCamera(4) disconnected.
INFO 2026-05-27 15:45:03.706 a_opencv.py:592 OpenCVCamera(10) disconnected.
INFO 2026-05-27 15:45:03.707 follower.py:339 my_piper_follower PiperFollower disconnected.
INFO 2026-05-27 15:45:03.710 r_leader.py:468 my_piper_leader PiperLeader disconnected.
INFO 2026-05-27 15:45:03.710 ls/utils.py:227 Exiting
INFO 2026-05-27 15:46:26.944 t_record.py:325 Human-in-loop recording is enabled. Press 'i' to toggle takeover. Press 's' to mark success and end, 'f' to mark failure and end. Recorded `action` is the executed action. Policy output (when policy is enabled) is stored in `complementary_info.policy_action`. Collector source is stored in `complementary_info.collector_policy_id`. ACP inference: enable=False use_cfg=False cfg_beta=1.000.
INFO 2026-05-27 15:46:26.945 t_record.py:343 {'acp_inference': {'cfg_beta': 1.0, 'enable': False, 'use_cfg': False},
 'collector_policy_id_human': 'human',
 'collector_policy_id_policy': 'human',
 'communication_retry_interval_s': 0.1,
 'communication_retry_timeout_s': 2.0,
 'dataset': {'episode_time_s': 120,
             'fps': 30,
             'num_episodes': 50,
             'num_image_writer_processes': 0,
             'num_image_writer_threads_per_camera': 4,
             'private': False,
             'push_to_hub': False,
             'rename_map': {},
             'repo_id': 'local_data',
             'reset_time_s': 1,
             'root': '/home/ghr/VLA/package_data/single/qwen3_subtask_multipackage/subtask2_1',
             'single_task': 'Flip the package if the barcode is not facing up.',
             'tags': None,
             'vcodec': 'libsvtav1',
             'video': True,
             'video_encoding_batch_size': 1},
 'default_episode_success': 'failure',
 'display_compressed_images': False,
 'display_data': True,
 'display_ip': None,
 'display_port': None,
 'enable_collector_policy_id': True,
 'enable_episode_outcome_labeling': True,
 'episode_failure_key': 'f',
 'episode_success_key': 's',
 'intervention_state_machine_enabled': False,
 'intervention_toggle_key': 'i',
 'play_sounds': True,
 'policy': None,
 'policy_sync_parallel': True,
 'policy_sync_to_teleop': False,
 'require_episode_success_label': False,
 'resume': False,
 'robot': {'calibration_dir': None,
           'calibration_scale': 1000,
           'cameras': {'top': {'backend': <Cv2Backends.ANY: 0>,
                               'color_mode': <ColorMode.RGB: 'rgb'>,
                               'fourcc': None,
                               'fps': 30,
                               'height': 480,
                               'index_or_path': 10,
                               'rotation': <Cv2Rotation.NO_ROTATION: 0>,
                               'warmup_s': 1,
                               'width': 640},
                       'wrist': {'backend': <Cv2Backends.ANY: 0>,
                                 'color_mode': <ColorMode.RGB: 'rgb'>,
                                 'fourcc': None,
                                 'fps': 30,
                                 'height': 480,
                                 'index_or_path': 4,
                                 'rotation': <Cv2Rotation.NO_ROTATION: 0>,
                                 'warmup_s': 1,
                                 'width': 640}},
           'can_auto_init': True,
           'disable_on_disconnect': False,
           'enable_on_connect': True,
           'enable_timeout_s': 3.0,
           'gripper_effort_default': 1000,
           'gripper_status_code': 1,
           'high_follow': True,
           'id': 'my_piper_follower',
           'judge_flag': False,
           'log_level': 'WARNING',
           'mode_refresh_interval_s': 1.0,
           'port': 'can1',
           'require_calibration': True,
           'speed_ratio': 50,
           'startup_sleep_s': 0.1,
           'sync_gripper': True},
 'teleop': {'calibration_dir': None,
            'calibration_scale': 1000,
            'can_auto_init': True,
            'command_high_follow': True,
            'command_speed_ratio': 50,
            'disable_on_disconnect': False,
            'enable_timeout_s': 3.0,
            'fallback_to_feedback': True,
            'gravity_comp_base_rpy_deg': (0.0, 0.0, 0.0),
            'gravity_comp_control_hz': 200.0,
            'gravity_comp_mit_kd': 0.0,
            'gravity_comp_mit_kp': 0.0,
            'gravity_comp_torque_limit': 8.0,
            'gravity_comp_tx_ratio': (0.2, 0.2, 0.2, 0.2, 0.2, 0.2),
            'gripper_effort_default': 1000,
            'gripper_status_code': 1,
            'id': 'my_piper_leader',
            'judge_flag': False,
            'log_level': 'WARNING',
            'manual_control': True,
            'mode_refresh_interval_s': 1.0,
            'port': 'can0',
            'prefer_ctrl_messages': True,
            'require_calibration': True,
            'startup_sleep_s': 0.1,
            'sync_gripper': True}}
INFO 2026-05-27 15:46:26.956 t_record.py:371 dataset_features: {'action': {'dtype': 'float32', 'names': ['joint_1.pos', 'joint_2.pos', 'joint_3.pos', 'joint_4.pos', 'joint_5.pos', 'joint_6.pos', 'gripper.pos'], 'shape': (7,)}, 'observation.state': {'dtype': 'float32', 'names': ['joint_1.pos', 'joint_2.pos', 'joint_3.pos', 'joint_4.pos', 'joint_5.pos', 'joint_6.pos', 'gripper.pos'], 'shape': (7,)}, 'observation.images.wrist': {'dtype': 'video', 'shape': (480, 640, 3), 'names': ['height', 'width', 'channels']}, 'observation.images.top': {'dtype': 'video', 'shape': (480, 640, 3), 'names': ['height', 'width', 'channels']}}
INFO 2026-05-27 15:46:26.956 t_record.py:382 dataset_features: {'action': {'dtype': 'float32', 'names': ['joint_1.pos', 'joint_2.pos', 'joint_3.pos', 'joint_4.pos', 'joint_5.pos', 'joint_6.pos', 'gripper.pos'], 'shape': (7,)}, 'observation.state': {'dtype': 'float32', 'names': ['joint_1.pos', 'joint_2.pos', 'joint_3.pos', 'joint_4.pos', 'joint_5.pos', 'joint_6.pos', 'gripper.pos'], 'shape': (7,)}, 'observation.images.wrist': {'dtype': 'video', 'shape': (480, 640, 3), 'names': ['height', 'width', 'channels']}, 'observation.images.top': {'dtype': 'video', 'shape': (480, 640, 3), 'names': ['height', 'width', 'channels']}, 'complementary_info.policy_action': {'dtype': 'float32', 'shape': (7,), 'names': ['joint_1.pos', 'joint_2.pos', 'joint_3.pos', 'joint_4.pos', 'joint_5.pos', 'joint_6.pos', 'gripper.pos']}, 'complementary_info.is_intervention': {'dtype': 'float32', 'shape': (1,), 'names': ['is_intervention']}, 'complementary_info.state': {'dtype': 'float32', 'shape': (1,), 'names': ['state']}, 'complementary_info.collector_policy_id': {'dtype': 'string', 'shape': (1,), 'names': ['collector_policy_id']}}
INFO 2026-05-27 15:46:28.296 a_opencv.py:179 OpenCVCamera(4) connected.
INFO 2026-05-27 15:46:29.509 a_opencv.py:179 OpenCVCamera(10) connected.
INFO 2026-05-27 15:46:29.510 follower.py:139 my_piper_follower PiperFollower connected.
INFO 2026-05-27 15:46:30.339 r_leader.py:130 my_piper_leader PiperLeader connected.
INFO 2026-05-27 15:46:30.340 t_record.py:446 robot and teleop all conected
INFO 2026-05-27 15:46:30.341 ls/utils.py:227 Recording episode 0
WARNING 2026-05-27 15:46:38.628 t_record.py:512 Episode 0 has no explicit success/failure label, defaulting to 'success'.
INFO 2026-05-27 15:46:38.628 ls/utils.py:227 Reset the environment
INFO 2026-05-27 15:46:54.179 ls/utils.py:227 Recording episode 1
WARNING 2026-05-27 15:47:05.593 t_record.py:512 Episode 1 has no explicit success/failure label, defaulting to 'success'.
INFO 2026-05-27 15:47:05.593 ls/utils.py:227 Reset the environment
INFO 2026-05-27 15:47:21.578 ls/utils.py:227 Recording episode 2
WARNING 2026-05-27 15:47:31.569 t_record.py:512 Episode 2 has no explicit success/failure label, defaulting to 'success'.
INFO 2026-05-27 15:47:31.569 ls/utils.py:227 Reset the environment
INFO 2026-05-27 15:47:57.345 ls/utils.py:227 Recording episode 3
WARNING 2026-05-27 15:48:04.563 t_record.py:512 Episode 3 has no explicit success/failure label, defaulting to 'success'.
INFO 2026-05-27 15:48:04.563 ls/utils.py:227 Reset the environment
INFO 2026-05-27 15:49:05.502 ls/utils.py:227 Recording episode 4
WARNING 2026-05-27 15:49:12.551 t_record.py:512 Episode 4 has no explicit success/failure label, defaulting to 'success'.
INFO 2026-05-27 15:49:12.551 ls/utils.py:227 Reset the environment
INFO 2026-05-27 15:49:17.750 ls/utils.py:227 Recording episode 5
INFO 2026-05-27 15:49:18.025 ls/utils.py:227 Stop recording
WARNING 2026-05-27 15:49:18.234 a_opencv.py:460 Error reading frame in background thread for OpenCVCamera(4): OpenCVCamera(4) read failed (status=False).
WARNING 2026-05-27 15:49:18.234 a_opencv.py:460 Error reading frame in background thread for OpenCVCamera(4): OpenCVCamera(4) read failed (status=False).
WARNING 2026-05-27 15:49:18.234 a_opencv.py:460 Error reading frame in background thread for OpenCVCamera(4): OpenCVCamera(4) read failed (status=False).
WARNING 2026-05-27 15:49:18.234 a_opencv.py:460 Error reading frame in background thread for OpenCVCamera(4): OpenCVCamera(4) read failed (status=False).
WARNING 2026-05-27 15:49:18.234 a_opencv.py:460 Error reading frame in background thread for OpenCVCamera(4): OpenCVCamera(4) read failed (status=False).
WARNING 2026-05-27 15:49:18.234 a_opencv.py:460 Error reading frame in background thread for OpenCVCamera(4): OpenCVCamera(4) read failed (status=False).
WARNING 2026-05-27 15:49:18.234 a_opencv.py:460 Error reading frame in background thread for OpenCVCamera(4): OpenCVCamera(4) read failed (status=False).
WARNING 2026-05-27 15:49:18.235 a_opencv.py:460 Error reading frame in background thread for OpenCVCamera(4): OpenCVCamera(4) read failed (status=False).
WARNING 2026-05-27 15:49:18.235 a_opencv.py:460 Error reading frame in background thread for OpenCVCamera(4): OpenCVCamera(4) read failed (status=False).
WARNING 2026-05-27 15:49:18.235 a_opencv.py:460 Error reading frame in background thread for OpenCVCamera(4): OpenCVCamera(4) read failed (status=False).
WARNING 2026-05-27 15:49:18.235 a_opencv.py:460 Error reading frame in background thread for OpenCVCamera(4): OpenCVCamera(4) read failed (status=False).
INFO 2026-05-27 15:49:19.293 t_record.py:570 To inspect the recorded dataset, run:
  lerobot-dataset-report --dataset local_data
INFO 2026-05-27 15:49:19.294 a_opencv.py:592 OpenCVCamera(4) disconnected.
INFO 2026-05-27 15:49:19.299 a_opencv.py:592 OpenCVCamera(10) disconnected.
INFO 2026-05-27 15:49:19.299 follower.py:339 my_piper_follower PiperFollower disconnected.
INFO 2026-05-27 15:49:19.300 r_leader.py:468 my_piper_leader PiperLeader disconnected.
INFO 2026-05-27 15:49:19.300 ls/utils.py:227 Exiting
INFO 2026-05-27 15:51:16.851 t_record.py:325 Human-in-loop recording is enabled. Press 'i' to toggle takeover. Press 's' to mark success and end, 'f' to mark failure and end. Recorded `action` is the executed action. Policy output (when policy is enabled) is stored in `complementary_info.policy_action`. Collector source is stored in `complementary_info.collector_policy_id`. ACP inference: enable=False use_cfg=False cfg_beta=1.000.
INFO 2026-05-27 15:51:16.851 t_record.py:343 {'acp_inference': {'cfg_beta': 1.0, 'enable': False, 'use_cfg': False},
 'collector_policy_id_human': 'human',
 'collector_policy_id_policy': 'human',
 'communication_retry_interval_s': 0.1,
 'communication_retry_timeout_s': 2.0,
 'dataset': {'episode_time_s': 120,
             'fps': 30,
             'num_episodes': 50,
             'num_image_writer_processes': 0,
             'num_image_writer_threads_per_camera': 4,
             'private': False,
             'push_to_hub': False,
             'rename_map': {},
             'repo_id': 'local_data',
             'reset_time_s': 1,
             'root': '/home/ghr/VLA/package_data/single/qwen3_subtask_multipackage/subtask2_1',
             'single_task': 'Flip the package if the barcode is not facing up.',
             'tags': None,
             'vcodec': 'libsvtav1',
             'video': True,
             'video_encoding_batch_size': 1},
 'default_episode_success': 'failure',
 'display_compressed_images': False,
 'display_data': True,
 'display_ip': None,
 'display_port': None,
 'enable_collector_policy_id': True,
 'enable_episode_outcome_labeling': True,
 'episode_failure_key': 'f',
 'episode_success_key': 's',
 'intervention_state_machine_enabled': False,
 'intervention_toggle_key': 'i',
 'play_sounds': True,
 'policy': None,
 'policy_sync_parallel': True,
 'policy_sync_to_teleop': False,
 'require_episode_success_label': False,
 'resume': True,
 'robot': {'calibration_dir': None,
           'calibration_scale': 1000,
           'cameras': {'top': {'backend': <Cv2Backends.ANY: 0>,
                               'color_mode': <ColorMode.RGB: 'rgb'>,
                               'fourcc': None,
                               'fps': 30,
                               'height': 480,
                               'index_or_path': 10,
                               'rotation': <Cv2Rotation.NO_ROTATION: 0>,
                               'warmup_s': 1,
                               'width': 640},
                       'wrist': {'backend': <Cv2Backends.ANY: 0>,
                                 'color_mode': <ColorMode.RGB: 'rgb'>,
                                 'fourcc': None,
                                 'fps': 30,
                                 'height': 480,
                                 'index_or_path': 4,
                                 'rotation': <Cv2Rotation.NO_ROTATION: 0>,
                                 'warmup_s': 1,
                                 'width': 640}},
           'can_auto_init': True,
           'disable_on_disconnect': False,
           'enable_on_connect': True,
           'enable_timeout_s': 3.0,
           'gripper_effort_default': 1000,
           'gripper_status_code': 1,
           'high_follow': True,
           'id': 'my_piper_follower',
           'judge_flag': False,
           'log_level': 'WARNING',
           'mode_refresh_interval_s': 1.0,
           'port': 'can1',
           'require_calibration': True,
           'speed_ratio': 50,
           'startup_sleep_s': 0.1,
           'sync_gripper': True},
 'teleop': {'calibration_dir': None,
            'calibration_scale': 1000,
            'can_auto_init': True,
            'command_high_follow': True,
            'command_speed_ratio': 50,
            'disable_on_disconnect': False,
            'enable_timeout_s': 3.0,
            'fallback_to_feedback': True,
            'gravity_comp_base_rpy_deg': (0.0, 0.0, 0.0),
            'gravity_comp_control_hz': 200.0,
            'gravity_comp_mit_kd': 0.0,
            'gravity_comp_mit_kp': 0.0,
            'gravity_comp_torque_limit': 8.0,
            'gravity_comp_tx_ratio': (0.2, 0.2, 0.2, 0.2, 0.2, 0.2),
            'gripper_effort_default': 1000,
            'gripper_status_code': 1,
            'id': 'my_piper_leader',
            'judge_flag': False,
            'log_level': 'WARNING',
            'manual_control': True,
            'mode_refresh_interval_s': 1.0,
            'port': 'can0',
            'prefer_ctrl_messages': True,
            'require_calibration': True,
            'startup_sleep_s': 0.1,
            'sync_gripper': True}}
INFO 2026-05-27 15:51:16.862 t_record.py:371 dataset_features: {'action': {'dtype': 'float32', 'names': ['joint_1.pos', 'joint_2.pos', 'joint_3.pos', 'joint_4.pos', 'joint_5.pos', 'joint_6.pos', 'gripper.pos'], 'shape': (7,)}, 'observation.state': {'dtype': 'float32', 'names': ['joint_1.pos', 'joint_2.pos', 'joint_3.pos', 'joint_4.pos', 'joint_5.pos', 'joint_6.pos', 'gripper.pos'], 'shape': (7,)}, 'observation.images.wrist': {'dtype': 'video', 'shape': (480, 640, 3), 'names': ['height', 'width', 'channels']}, 'observation.images.top': {'dtype': 'video', 'shape': (480, 640, 3), 'names': ['height', 'width', 'channels']}}
INFO 2026-05-27 15:51:16.862 t_record.py:382 dataset_features: {'action': {'dtype': 'float32', 'names': ['joint_1.pos', 'joint_2.pos', 'joint_3.pos', 'joint_4.pos', 'joint_5.pos', 'joint_6.pos', 'gripper.pos'], 'shape': (7,)}, 'observation.state': {'dtype': 'float32', 'names': ['joint_1.pos', 'joint_2.pos', 'joint_3.pos', 'joint_4.pos', 'joint_5.pos', 'joint_6.pos', 'gripper.pos'], 'shape': (7,)}, 'observation.images.wrist': {'dtype': 'video', 'shape': (480, 640, 3), 'names': ['height', 'width', 'channels']}, 'observation.images.top': {'dtype': 'video', 'shape': (480, 640, 3), 'names': ['height', 'width', 'channels']}, 'complementary_info.policy_action': {'dtype': 'float32', 'shape': (7,), 'names': ['joint_1.pos', 'joint_2.pos', 'joint_3.pos', 'joint_4.pos', 'joint_5.pos', 'joint_6.pos', 'gripper.pos']}, 'complementary_info.is_intervention': {'dtype': 'float32', 'shape': (1,), 'names': ['is_intervention']}, 'complementary_info.state': {'dtype': 'float32', 'shape': (1,), 'names': ['state']}, 'complementary_info.collector_policy_id': {'dtype': 'string', 'shape': (1,), 'names': ['collector_policy_id']}}
INFO 2026-05-27 15:51:18.305 a_opencv.py:179 OpenCVCamera(4) connected.
INFO 2026-05-27 15:51:19.518 a_opencv.py:179 OpenCVCamera(10) connected.
INFO 2026-05-27 15:51:19.518 follower.py:139 my_piper_follower PiperFollower connected.
INFO 2026-05-27 15:51:20.337 r_leader.py:130 my_piper_leader PiperLeader connected.
INFO 2026-05-27 15:51:20.337 t_record.py:446 robot and teleop all conected
INFO 2026-05-27 15:51:20.338 ls/utils.py:227 Recording episode 5
WARNING 2026-05-27 15:51:27.822 t_record.py:512 Episode 5 has no explicit success/failure label, defaulting to 'success'.
INFO 2026-05-27 15:51:27.822 ls/utils.py:227 Reset the environment
INFO 2026-05-27 15:51:45.847 ls/utils.py:227 Recording episode 6
WARNING 2026-05-27 15:51:52.695 t_record.py:512 Episode 6 has no explicit success/failure label, defaulting to 'success'.
INFO 2026-05-27 15:51:52.695 ls/utils.py:227 Reset the environment
INFO 2026-05-27 15:52:01.711 ls/utils.py:227 Recording episode 7
WARNING 2026-05-27 15:52:08.828 t_record.py:512 Episode 7 has no explicit success/failure label, defaulting to 'success'.
INFO 2026-05-27 15:52:08.828 ls/utils.py:227 Reset the environment
INFO 2026-05-27 15:52:20.058 ls/utils.py:227 Recording episode 8
WARNING 2026-05-27 15:52:25.939 t_record.py:512 Episode 8 has no explicit success/failure label, defaulting to 'success'.
INFO 2026-05-27 15:52:25.939 ls/utils.py:227 Reset the environment
INFO 2026-05-27 15:52:39.188 ls/utils.py:227 Recording episode 9
WARNING 2026-05-27 15:52:45.771 t_record.py:512 Episode 9 has no explicit success/failure label, defaulting to 'success'.
INFO 2026-05-27 15:52:45.771 ls/utils.py:227 Reset the environment
INFO 2026-05-27 15:52:54.050 ls/utils.py:227 Recording episode 10
WARNING 2026-05-27 15:53:00.298 t_record.py:512 Episode 10 has no explicit success/failure label, defaulting to 'success'.
INFO 2026-05-27 15:53:00.298 ls/utils.py:227 Reset the environment
INFO 2026-05-27 15:53:11.597 ls/utils.py:227 Recording episode 11
WARNING 2026-05-27 15:53:17.712 t_record.py:512 Episode 11 has no explicit success/failure label, defaulting to 'success'.
INFO 2026-05-27 15:53:17.712 ls/utils.py:227 Reset the environment
INFO 2026-05-27 15:53:27.348 ls/utils.py:227 Recording episode 12
WARNING 2026-05-27 15:53:34.265 t_record.py:512 Episode 12 has no explicit success/failure label, defaulting to 'success'.
INFO 2026-05-27 15:53:34.265 ls/utils.py:227 Reset the environment
INFO 2026-05-27 15:53:49.015 ls/utils.py:227 Recording episode 13
WARNING 2026-05-27 15:53:55.264 t_record.py:512 Episode 13 has no explicit success/failure label, defaulting to 'success'.
INFO 2026-05-27 15:53:55.264 ls/utils.py:227 Reset the environment
INFO 2026-05-27 15:54:09.945 ls/utils.py:227 Recording episode 14
WARNING 2026-05-27 15:54:16.294 t_record.py:512 Episode 14 has no explicit success/failure label, defaulting to 'success'.
INFO 2026-05-27 15:54:16.294 ls/utils.py:227 Reset the environment
INFO 2026-05-27 15:55:52.780 ls/utils.py:227 Recording episode 15
WARNING 2026-05-27 15:55:59.497 t_record.py:512 Episode 15 has no explicit success/failure label, defaulting to 'success'.
INFO 2026-05-27 15:55:59.497 ls/utils.py:227 Reset the environment
INFO 2026-05-27 15:56:10.516 ls/utils.py:227 Recording episode 16
WARNING 2026-05-27 15:56:16.097 t_record.py:512 Episode 16 has no explicit success/failure label, defaulting to 'success'.
INFO 2026-05-27 15:56:16.097 ls/utils.py:227 Reset the environment
INFO 2026-05-27 15:56:30.408 ls/utils.py:227 Recording episode 17
WARNING 2026-05-27 15:56:36.591 t_record.py:512 Episode 17 has no explicit success/failure label, defaulting to 'success'.
INFO 2026-05-27 15:56:36.592 ls/utils.py:227 Reset the environment
INFO 2026-05-27 15:56:44.343 ls/utils.py:227 Recording episode 18
WARNING 2026-05-27 15:56:50.826 t_record.py:512 Episode 18 has no explicit success/failure label, defaulting to 'success'.
INFO 2026-05-27 15:56:50.826 ls/utils.py:227 Reset the environment
INFO 2026-05-27 15:57:00.036 ls/utils.py:227 Recording episode 19
WARNING 2026-05-27 15:57:07.330 t_record.py:512 Episode 19 has no explicit success/failure label, defaulting to 'success'.
INFO 2026-05-27 15:57:07.330 ls/utils.py:227 Reset the environment
INFO 2026-05-27 15:57:25.453 ls/utils.py:227 Recording episode 20
WARNING 2026-05-27 15:57:33.410 t_record.py:512 Episode 20 has no explicit success/failure label, defaulting to 'success'.
INFO 2026-05-27 15:57:33.411 ls/utils.py:227 Reset the environment
INFO 2026-05-27 15:57:44.257 ls/utils.py:227 Recording episode 21
WARNING 2026-05-27 15:57:50.940 t_record.py:512 Episode 21 has no explicit success/failure label, defaulting to 'success'.
INFO 2026-05-27 15:57:50.940 ls/utils.py:227 Reset the environment
INFO 2026-05-27 15:58:01.778 ls/utils.py:227 Recording episode 22
WARNING 2026-05-27 15:58:08.495 t_record.py:512 Episode 22 has no explicit success/failure label, defaulting to 'success'.
INFO 2026-05-27 15:58:08.495 ls/utils.py:227 Reset the environment
INFO 2026-05-27 15:58:22.138 ls/utils.py:227 Recording episode 23
WARNING 2026-05-27 15:58:29.998 t_record.py:512 Episode 23 has no explicit success/failure label, defaulting to 'success'.
INFO 2026-05-27 15:58:29.998 ls/utils.py:227 Reset the environment
INFO 2026-05-27 15:58:51.354 ls/utils.py:227 Recording episode 24
WARNING 2026-05-27 15:58:58.339 t_record.py:512 Episode 24 has no explicit success/failure label, defaulting to 'success'.
INFO 2026-05-27 15:58:58.339 ls/utils.py:227 Reset the environment
INFO 2026-05-27 15:59:12.361 ls/utils.py:227 Recording episode 25
WARNING 2026-05-27 15:59:18.710 t_record.py:512 Episode 25 has no explicit success/failure label, defaulting to 'success'.
INFO 2026-05-27 15:59:18.710 ls/utils.py:227 Reset the environment
INFO 2026-05-27 15:59:26.210 ls/utils.py:227 Recording episode 26
WARNING 2026-05-27 15:59:31.890 t_record.py:512 Episode 26 has no explicit success/failure label, defaulting to 'success'.
INFO 2026-05-27 15:59:31.891 ls/utils.py:227 Reset the environment
INFO 2026-05-27 15:59:42.747 ls/utils.py:227 Recording episode 27
WARNING 2026-05-27 15:59:48.527 t_record.py:512 Episode 27 has no explicit success/failure label, defaulting to 'success'.
INFO 2026-05-27 15:59:48.527 ls/utils.py:227 Reset the environment
INFO 2026-05-27 16:00:01.380 ls/utils.py:227 Recording episode 28
WARNING 2026-05-27 16:00:07.227 t_record.py:512 Episode 28 has no explicit success/failure label, defaulting to 'success'.
INFO 2026-05-27 16:00:07.227 ls/utils.py:227 Reset the environment
INFO 2026-05-27 16:00:18.955 ls/utils.py:227 Recording episode 29
WARNING 2026-05-27 16:00:26.408 t_record.py:512 Episode 29 has no explicit success/failure label, defaulting to 'success'.
INFO 2026-05-27 16:00:26.408 ls/utils.py:227 Reset the environment
INFO 2026-05-27 16:00:46.950 ls/utils.py:227 Recording episode 30
WARNING 2026-05-27 16:00:56.606 t_record.py:512 Episode 30 has no explicit success/failure label, defaulting to 'success'.
INFO 2026-05-27 16:00:56.606 ls/utils.py:227 Reset the environment
INFO 2026-05-27 16:01:00.010 ls/utils.py:227 Re-record episode
INFO 2026-05-27 16:01:00.011 ls/utils.py:227 Recording episode 30
WARNING 2026-05-27 16:01:08.705 t_record.py:512 Episode 30 has no explicit success/failure label, defaulting to 'success'.
INFO 2026-05-27 16:01:08.705 ls/utils.py:227 Reset the environment
INFO 2026-05-27 16:01:17.664 ls/utils.py:227 Recording episode 31
WARNING 2026-05-27 16:01:23.746 t_record.py:512 Episode 31 has no explicit success/failure label, defaulting to 'success'.
INFO 2026-05-27 16:01:23.746 ls/utils.py:227 Reset the environment
INFO 2026-05-27 16:01:37.496 ls/utils.py:227 Recording episode 32
WARNING 2026-05-27 16:01:44.379 t_record.py:512 Episode 32 has no explicit success/failure label, defaulting to 'success'.
INFO 2026-05-27 16:01:44.379 ls/utils.py:227 Reset the environment
INFO 2026-05-27 16:01:57.966 ls/utils.py:227 Recording episode 33
WARNING 2026-05-27 16:02:04.081 t_record.py:512 Episode 33 has no explicit success/failure label, defaulting to 'success'.
INFO 2026-05-27 16:02:04.081 ls/utils.py:227 Reset the environment
INFO 2026-05-27 16:02:22.133 ls/utils.py:227 Stop recording
INFO 2026-05-27 16:02:23.582 t_record.py:570 To inspect the recorded dataset, run:
  lerobot-dataset-report --dataset local_data
INFO 2026-05-27 16:02:23.585 a_opencv.py:592 OpenCVCamera(4) disconnected.
INFO 2026-05-27 16:02:23.616 a_opencv.py:592 OpenCVCamera(10) disconnected.
INFO 2026-05-27 16:02:23.616 follower.py:339 my_piper_follower PiperFollower disconnected.
INFO 2026-05-27 16:02:23.617 r_leader.py:468 my_piper_leader PiperLeader disconnected.
INFO 2026-05-27 16:02:23.617 ls/utils.py:227 Exiting
INFO 2026-05-27 16:02:44.164 t_record.py:325 Human-in-loop recording is enabled. Press 'i' to toggle takeover. Press 's' to mark success and end, 'f' to mark failure and end. Recorded `action` is the executed action. Policy output (when policy is enabled) is stored in `complementary_info.policy_action`. Collector source is stored in `complementary_info.collector_policy_id`. ACP inference: enable=False use_cfg=False cfg_beta=1.000.
INFO 2026-05-27 16:02:44.164 t_record.py:343 {'acp_inference': {'cfg_beta': 1.0, 'enable': False, 'use_cfg': False},
 'collector_policy_id_human': 'human',
 'collector_policy_id_policy': 'human',
 'communication_retry_interval_s': 0.1,
 'communication_retry_timeout_s': 2.0,
 'dataset': {'episode_time_s': 120,
             'fps': 30,
             'num_episodes': 50,
             'num_image_writer_processes': 0,
             'num_image_writer_threads_per_camera': 4,
             'private': False,
             'push_to_hub': False,
             'rename_map': {},
             'repo_id': 'local_data',
             'reset_time_s': 1,
             'root': '/home/ghr/VLA/package_data/single/qwen3_subtask_multipackage/subtask2_2',
             'single_task': 'Flip the package if the barcode is not facing up.',
             'tags': None,
             'vcodec': 'libsvtav1',
             'video': True,
             'video_encoding_batch_size': 1},
 'default_episode_success': 'failure',
 'display_compressed_images': False,
 'display_data': True,
 'display_ip': None,
 'display_port': None,
 'enable_collector_policy_id': True,
 'enable_episode_outcome_labeling': True,
 'episode_failure_key': 'f',
 'episode_success_key': 's',
 'intervention_state_machine_enabled': False,
 'intervention_toggle_key': 'i',
 'play_sounds': True,
 'policy': None,
 'policy_sync_parallel': True,
 'policy_sync_to_teleop': False,
 'require_episode_success_label': False,
 'resume': True,
 'robot': {'calibration_dir': None,
           'calibration_scale': 1000,
           'cameras': {'top': {'backend': <Cv2Backends.ANY: 0>,
                               'color_mode': <ColorMode.RGB: 'rgb'>,
                               'fourcc': None,
                               'fps': 30,
                               'height': 480,
                               'index_or_path': 10,
                               'rotation': <Cv2Rotation.NO_ROTATION: 0>,
                               'warmup_s': 1,
                               'width': 640},
                       'wrist': {'backend': <Cv2Backends.ANY: 0>,
                                 'color_mode': <ColorMode.RGB: 'rgb'>,
                                 'fourcc': None,
                                 'fps': 30,
                                 'height': 480,
                                 'index_or_path': 4,
                                 'rotation': <Cv2Rotation.NO_ROTATION: 0>,
                                 'warmup_s': 1,
                                 'width': 640}},
           'can_auto_init': True,
           'disable_on_disconnect': False,
           'enable_on_connect': True,
           'enable_timeout_s': 3.0,
           'gripper_effort_default': 1000,
           'gripper_status_code': 1,
           'high_follow': True,
           'id': 'my_piper_follower',
           'judge_flag': False,
           'log_level': 'WARNING',
           'mode_refresh_interval_s': 1.0,
           'port': 'can1',
           'require_calibration': True,
           'speed_ratio': 50,
           'startup_sleep_s': 0.1,
           'sync_gripper': True},
 'teleop': {'calibration_dir': None,
            'calibration_scale': 1000,
            'can_auto_init': True,
            'command_high_follow': True,
            'command_speed_ratio': 50,
            'disable_on_disconnect': False,
            'enable_timeout_s': 3.0,
            'fallback_to_feedback': True,
            'gravity_comp_base_rpy_deg': (0.0, 0.0, 0.0),
            'gravity_comp_control_hz': 200.0,
            'gravity_comp_mit_kd': 0.0,
            'gravity_comp_mit_kp': 0.0,
            'gravity_comp_torque_limit': 8.0,
            'gravity_comp_tx_ratio': (0.2, 0.2, 0.2, 0.2, 0.2, 0.2),
            'gripper_effort_default': 1000,
            'gripper_status_code': 1,
            'id': 'my_piper_leader',
            'judge_flag': False,
            'log_level': 'WARNING',
            'manual_control': True,
            'mode_refresh_interval_s': 1.0,
            'port': 'can0',
            'prefer_ctrl_messages': True,
            'require_calibration': True,
            'startup_sleep_s': 0.1,
            'sync_gripper': True}}
INFO 2026-05-27 16:02:44.175 t_record.py:371 dataset_features: {'action': {'dtype': 'float32', 'names': ['joint_1.pos', 'joint_2.pos', 'joint_3.pos', 'joint_4.pos', 'joint_5.pos', 'joint_6.pos', 'gripper.pos'], 'shape': (7,)}, 'observation.state': {'dtype': 'float32', 'names': ['joint_1.pos', 'joint_2.pos', 'joint_3.pos', 'joint_4.pos', 'joint_5.pos', 'joint_6.pos', 'gripper.pos'], 'shape': (7,)}, 'observation.images.wrist': {'dtype': 'video', 'shape': (480, 640, 3), 'names': ['height', 'width', 'channels']}, 'observation.images.top': {'dtype': 'video', 'shape': (480, 640, 3), 'names': ['height', 'width', 'channels']}}
INFO 2026-05-27 16:02:44.175 t_record.py:382 dataset_features: {'action': {'dtype': 'float32', 'names': ['joint_1.pos', 'joint_2.pos', 'joint_3.pos', 'joint_4.pos', 'joint_5.pos', 'joint_6.pos', 'gripper.pos'], 'shape': (7,)}, 'observation.state': {'dtype': 'float32', 'names': ['joint_1.pos', 'joint_2.pos', 'joint_3.pos', 'joint_4.pos', 'joint_5.pos', 'joint_6.pos', 'gripper.pos'], 'shape': (7,)}, 'observation.images.wrist': {'dtype': 'video', 'shape': (480, 640, 3), 'names': ['height', 'width', 'channels']}, 'observation.images.top': {'dtype': 'video', 'shape': (480, 640, 3), 'names': ['height', 'width', 'channels']}, 'complementary_info.policy_action': {'dtype': 'float32', 'shape': (7,), 'names': ['joint_1.pos', 'joint_2.pos', 'joint_3.pos', 'joint_4.pos', 'joint_5.pos', 'joint_6.pos', 'gripper.pos']}, 'complementary_info.is_intervention': {'dtype': 'float32', 'shape': (1,), 'names': ['is_intervention']}, 'complementary_info.state': {'dtype': 'float32', 'shape': (1,), 'names': ['state']}, 'complementary_info.collector_policy_id': {'dtype': 'string', 'shape': (1,), 'names': ['collector_policy_id']}}
INFO 2026-05-27 16:02:45.102 ls/utils.py:227 Stop recording
INFO 2026-05-27 16:02:46.541 ls/utils.py:227 Exiting
INFO 2026-05-27 16:03:46.171 t_record.py:325 Human-in-loop recording is enabled. Press 'i' to toggle takeover. Press 's' to mark success and end, 'f' to mark failure and end. Recorded `action` is the executed action. Policy output (when policy is enabled) is stored in `complementary_info.policy_action`. Collector source is stored in `complementary_info.collector_policy_id`. ACP inference: enable=False use_cfg=False cfg_beta=1.000.
INFO 2026-05-27 16:03:46.172 t_record.py:343 {'acp_inference': {'cfg_beta': 1.0, 'enable': False, 'use_cfg': False},
 'collector_policy_id_human': 'human',
 'collector_policy_id_policy': 'human',
 'communication_retry_interval_s': 0.1,
 'communication_retry_timeout_s': 2.0,
 'dataset': {'episode_time_s': 120,
             'fps': 30,
             'num_episodes': 50,
             'num_image_writer_processes': 0,
             'num_image_writer_threads_per_camera': 4,
             'private': False,
             'push_to_hub': False,
             'rename_map': {},
             'repo_id': 'local_data',
             'reset_time_s': 1,
             'root': '/home/ghr/VLA/package_data/single/qwen3_subtask_multipackage/subtask2_2',
             'single_task': 'Flip the package if the barcode is not facing up.',
             'tags': None,
             'vcodec': 'libsvtav1',
             'video': True,
             'video_encoding_batch_size': 1},
 'default_episode_success': 'failure',
 'display_compressed_images': False,
 'display_data': True,
 'display_ip': None,
 'display_port': None,
 'enable_collector_policy_id': True,
 'enable_episode_outcome_labeling': True,
 'episode_failure_key': 'f',
 'episode_success_key': 's',
 'intervention_state_machine_enabled': False,
 'intervention_toggle_key': 'i',
 'play_sounds': True,
 'policy': None,
 'policy_sync_parallel': True,
 'policy_sync_to_teleop': False,
 'require_episode_success_label': False,
 'resume': False,
 'robot': {'calibration_dir': None,
           'calibration_scale': 1000,
           'cameras': {'top': {'backend': <Cv2Backends.ANY: 0>,
                               'color_mode': <ColorMode.RGB: 'rgb'>,
                               'fourcc': None,
                               'fps': 30,
                               'height': 480,
                               'index_or_path': 10,
                               'rotation': <Cv2Rotation.NO_ROTATION: 0>,
                               'warmup_s': 1,
                               'width': 640},
                       'wrist': {'backend': <Cv2Backends.ANY: 0>,
                                 'color_mode': <ColorMode.RGB: 'rgb'>,
                                 'fourcc': None,
                                 'fps': 30,
                                 'height': 480,
                                 'index_or_path': 4,
                                 'rotation': <Cv2Rotation.NO_ROTATION: 0>,
                                 'warmup_s': 1,
                                 'width': 640}},
           'can_auto_init': True,
           'disable_on_disconnect': False,
           'enable_on_connect': True,
           'enable_timeout_s': 3.0,
           'gripper_effort_default': 1000,
           'gripper_status_code': 1,
           'high_follow': True,
           'id': 'my_piper_follower',
           'judge_flag': False,
           'log_level': 'WARNING',
           'mode_refresh_interval_s': 1.0,
           'port': 'can1',
           'require_calibration': True,
           'speed_ratio': 50,
           'startup_sleep_s': 0.1,
           'sync_gripper': True},
 'teleop': {'calibration_dir': None,
            'calibration_scale': 1000,
            'can_auto_init': True,
            'command_high_follow': True,
            'command_speed_ratio': 50,
            'disable_on_disconnect': False,
            'enable_timeout_s': 3.0,
            'fallback_to_feedback': True,
            'gravity_comp_base_rpy_deg': (0.0, 0.0, 0.0),
            'gravity_comp_control_hz': 200.0,
            'gravity_comp_mit_kd': 0.0,
            'gravity_comp_mit_kp': 0.0,
            'gravity_comp_torque_limit': 8.0,
            'gravity_comp_tx_ratio': (0.2, 0.2, 0.2, 0.2, 0.2, 0.2),
            'gripper_effort_default': 1000,
            'gripper_status_code': 1,
            'id': 'my_piper_leader',
            'judge_flag': False,
            'log_level': 'WARNING',
            'manual_control': True,
            'mode_refresh_interval_s': 1.0,
            'port': 'can0',
            'prefer_ctrl_messages': True,
            'require_calibration': True,
            'startup_sleep_s': 0.1,
            'sync_gripper': True}}
INFO 2026-05-27 16:03:46.183 t_record.py:371 dataset_features: {'action': {'dtype': 'float32', 'names': ['joint_1.pos', 'joint_2.pos', 'joint_3.pos', 'joint_4.pos', 'joint_5.pos', 'joint_6.pos', 'gripper.pos'], 'shape': (7,)}, 'observation.state': {'dtype': 'float32', 'names': ['joint_1.pos', 'joint_2.pos', 'joint_3.pos', 'joint_4.pos', 'joint_5.pos', 'joint_6.pos', 'gripper.pos'], 'shape': (7,)}, 'observation.images.wrist': {'dtype': 'video', 'shape': (480, 640, 3), 'names': ['height', 'width', 'channels']}, 'observation.images.top': {'dtype': 'video', 'shape': (480, 640, 3), 'names': ['height', 'width', 'channels']}}
INFO 2026-05-27 16:03:46.183 t_record.py:382 dataset_features: {'action': {'dtype': 'float32', 'names': ['joint_1.pos', 'joint_2.pos', 'joint_3.pos', 'joint_4.pos', 'joint_5.pos', 'joint_6.pos', 'gripper.pos'], 'shape': (7,)}, 'observation.state': {'dtype': 'float32', 'names': ['joint_1.pos', 'joint_2.pos', 'joint_3.pos', 'joint_4.pos', 'joint_5.pos', 'joint_6.pos', 'gripper.pos'], 'shape': (7,)}, 'observation.images.wrist': {'dtype': 'video', 'shape': (480, 640, 3), 'names': ['height', 'width', 'channels']}, 'observation.images.top': {'dtype': 'video', 'shape': (480, 640, 3), 'names': ['height', 'width', 'channels']}, 'complementary_info.policy_action': {'dtype': 'float32', 'shape': (7,), 'names': ['joint_1.pos', 'joint_2.pos', 'joint_3.pos', 'joint_4.pos', 'joint_5.pos', 'joint_6.pos', 'gripper.pos']}, 'complementary_info.is_intervention': {'dtype': 'float32', 'shape': (1,), 'names': ['is_intervention']}, 'complementary_info.state': {'dtype': 'float32', 'shape': (1,), 'names': ['state']}, 'complementary_info.collector_policy_id': {'dtype': 'string', 'shape': (1,), 'names': ['collector_policy_id']}}
INFO 2026-05-27 16:03:46.183 ls/utils.py:227 Stop recording
INFO 2026-05-27 16:03:47.620 ls/utils.py:227 Exiting
INFO 2026-05-27 16:04:18.122 t_record.py:325 Human-in-loop recording is enabled. Press 'i' to toggle takeover. Press 's' to mark success and end, 'f' to mark failure and end. Recorded `action` is the executed action. Policy output (when policy is enabled) is stored in `complementary_info.policy_action`. Collector source is stored in `complementary_info.collector_policy_id`. ACP inference: enable=False use_cfg=False cfg_beta=1.000.
INFO 2026-05-27 16:04:18.123 t_record.py:343 {'acp_inference': {'cfg_beta': 1.0, 'enable': False, 'use_cfg': False},
 'collector_policy_id_human': 'human',
 'collector_policy_id_policy': 'human',
 'communication_retry_interval_s': 0.1,
 'communication_retry_timeout_s': 2.0,
 'dataset': {'episode_time_s': 120,
             'fps': 30,
             'num_episodes': 50,
             'num_image_writer_processes': 0,
             'num_image_writer_threads_per_camera': 4,
             'private': False,
             'push_to_hub': False,
             'rename_map': {},
             'repo_id': 'local_data',
             'reset_time_s': 1,
             'root': '/home/ghr/VLA/package_data/single/qwen3_subtask_multipackage/subtask2_2',
             'single_task': 'Flip the package if the barcode is not facing up.',
             'tags': None,
             'vcodec': 'libsvtav1',
             'video': True,
             'video_encoding_batch_size': 1},
 'default_episode_success': 'failure',
 'display_compressed_images': False,
 'display_data': True,
 'display_ip': None,
 'display_port': None,
 'enable_collector_policy_id': True,
 'enable_episode_outcome_labeling': True,
 'episode_failure_key': 'f',
 'episode_success_key': 's',
 'intervention_state_machine_enabled': False,
 'intervention_toggle_key': 'i',
 'play_sounds': True,
 'policy': None,
 'policy_sync_parallel': True,
 'policy_sync_to_teleop': False,
 'require_episode_success_label': False,
 'resume': False,
 'robot': {'calibration_dir': None,
           'calibration_scale': 1000,
           'cameras': {'top': {'backend': <Cv2Backends.ANY: 0>,
                               'color_mode': <ColorMode.RGB: 'rgb'>,
                               'fourcc': None,
                               'fps': 30,
                               'height': 480,
                               'index_or_path': 10,
                               'rotation': <Cv2Rotation.NO_ROTATION: 0>,
                               'warmup_s': 1,
                               'width': 640},
                       'wrist': {'backend': <Cv2Backends.ANY: 0>,
                                 'color_mode': <ColorMode.RGB: 'rgb'>,
                                 'fourcc': None,
                                 'fps': 30,
                                 'height': 480,
                                 'index_or_path': 4,
                                 'rotation': <Cv2Rotation.NO_ROTATION: 0>,
                                 'warmup_s': 1,
                                 'width': 640}},
           'can_auto_init': True,
           'disable_on_disconnect': False,
           'enable_on_connect': True,
           'enable_timeout_s': 3.0,
           'gripper_effort_default': 1000,
           'gripper_status_code': 1,
           'high_follow': True,
           'id': 'my_piper_follower',
           'judge_flag': False,
           'log_level': 'WARNING',
           'mode_refresh_interval_s': 1.0,
           'port': 'can1',
           'require_calibration': True,
           'speed_ratio': 50,
           'startup_sleep_s': 0.1,
           'sync_gripper': True},
 'teleop': {'calibration_dir': None,
            'calibration_scale': 1000,
            'can_auto_init': True,
            'command_high_follow': True,
            'command_speed_ratio': 50,
            'disable_on_disconnect': False,
            'enable_timeout_s': 3.0,
            'fallback_to_feedback': True,
            'gravity_comp_base_rpy_deg': (0.0, 0.0, 0.0),
            'gravity_comp_control_hz': 200.0,
            'gravity_comp_mit_kd': 0.0,
            'gravity_comp_mit_kp': 0.0,
            'gravity_comp_torque_limit': 8.0,
            'gravity_comp_tx_ratio': (0.2, 0.2, 0.2, 0.2, 0.2, 0.2),
            'gripper_effort_default': 1000,
            'gripper_status_code': 1,
            'id': 'my_piper_leader',
            'judge_flag': False,
            'log_level': 'WARNING',
            'manual_control': True,
            'mode_refresh_interval_s': 1.0,
            'port': 'can0',
            'prefer_ctrl_messages': True,
            'require_calibration': True,
            'startup_sleep_s': 0.1,
            'sync_gripper': True}}
INFO 2026-05-27 16:04:18.134 t_record.py:371 dataset_features: {'action': {'dtype': 'float32', 'names': ['joint_1.pos', 'joint_2.pos', 'joint_3.pos', 'joint_4.pos', 'joint_5.pos', 'joint_6.pos', 'gripper.pos'], 'shape': (7,)}, 'observation.state': {'dtype': 'float32', 'names': ['joint_1.pos', 'joint_2.pos', 'joint_3.pos', 'joint_4.pos', 'joint_5.pos', 'joint_6.pos', 'gripper.pos'], 'shape': (7,)}, 'observation.images.wrist': {'dtype': 'video', 'shape': (480, 640, 3), 'names': ['height', 'width', 'channels']}, 'observation.images.top': {'dtype': 'video', 'shape': (480, 640, 3), 'names': ['height', 'width', 'channels']}}
INFO 2026-05-27 16:04:18.134 t_record.py:382 dataset_features: {'action': {'dtype': 'float32', 'names': ['joint_1.pos', 'joint_2.pos', 'joint_3.pos', 'joint_4.pos', 'joint_5.pos', 'joint_6.pos', 'gripper.pos'], 'shape': (7,)}, 'observation.state': {'dtype': 'float32', 'names': ['joint_1.pos', 'joint_2.pos', 'joint_3.pos', 'joint_4.pos', 'joint_5.pos', 'joint_6.pos', 'gripper.pos'], 'shape': (7,)}, 'observation.images.wrist': {'dtype': 'video', 'shape': (480, 640, 3), 'names': ['height', 'width', 'channels']}, 'observation.images.top': {'dtype': 'video', 'shape': (480, 640, 3), 'names': ['height', 'width', 'channels']}, 'complementary_info.policy_action': {'dtype': 'float32', 'shape': (7,), 'names': ['joint_1.pos', 'joint_2.pos', 'joint_3.pos', 'joint_4.pos', 'joint_5.pos', 'joint_6.pos', 'gripper.pos']}, 'complementary_info.is_intervention': {'dtype': 'float32', 'shape': (1,), 'names': ['is_intervention']}, 'complementary_info.state': {'dtype': 'float32', 'shape': (1,), 'names': ['state']}, 'complementary_info.collector_policy_id': {'dtype': 'string', 'shape': (1,), 'names': ['collector_policy_id']}}
INFO 2026-05-27 16:04:19.477 a_opencv.py:179 OpenCVCamera(4) connected.
INFO 2026-05-27 16:04:20.692 a_opencv.py:179 OpenCVCamera(10) connected.
INFO 2026-05-27 16:04:20.692 follower.py:139 my_piper_follower PiperFollower connected.
INFO 2026-05-27 16:04:21.508 r_leader.py:130 my_piper_leader PiperLeader connected.
INFO 2026-05-27 16:04:21.509 t_record.py:446 robot and teleop all conected
INFO 2026-05-27 16:04:21.511 ls/utils.py:227 Recording episode 0
WARNING 2026-05-27 16:04:28.087 t_record.py:512 Episode 0 has no explicit success/failure label, defaulting to 'success'.
INFO 2026-05-27 16:04:28.087 ls/utils.py:227 Reset the environment
INFO 2026-05-27 16:04:39.338 ls/utils.py:227 Recording episode 1
WARNING 2026-05-27 16:04:45.520 t_record.py:512 Episode 1 has no explicit success/failure label, defaulting to 'success'.
INFO 2026-05-27 16:04:45.520 ls/utils.py:227 Reset the environment
INFO 2026-05-27 16:04:57.846 ls/utils.py:227 Recording episode 2
WARNING 2026-05-27 16:05:04.562 t_record.py:512 Episode 2 has no explicit success/failure label, defaulting to 'success'.
INFO 2026-05-27 16:05:04.562 ls/utils.py:227 Reset the environment
INFO 2026-05-27 16:05:13.462 ls/utils.py:227 Recording episode 3
WARNING 2026-05-27 16:05:19.278 t_record.py:512 Episode 3 has no explicit success/failure label, defaulting to 'success'.
INFO 2026-05-27 16:05:19.278 ls/utils.py:227 Reset the environment
INFO 2026-05-27 16:05:34.084 ls/utils.py:227 Recording episode 4
WARNING 2026-05-27 16:05:40.331 t_record.py:512 Episode 4 has no explicit success/failure label, defaulting to 'success'.
INFO 2026-05-27 16:05:40.331 ls/utils.py:227 Reset the environment
INFO 2026-05-27 16:05:49.535 ls/utils.py:227 Recording episode 5
WARNING 2026-05-27 16:05:55.829 t_record.py:512 Episode 5 has no explicit success/failure label, defaulting to 'success'.
INFO 2026-05-27 16:05:55.829 ls/utils.py:227 Reset the environment
INFO 2026-05-27 16:06:05.013 ls/utils.py:227 Recording episode 6
WARNING 2026-05-27 16:06:15.237 t_record.py:512 Episode 6 has no explicit success/failure label, defaulting to 'success'.
INFO 2026-05-27 16:06:15.237 ls/utils.py:227 Reset the environment
INFO 2026-05-27 16:06:26.273 ls/utils.py:227 Recording episode 7
WARNING 2026-05-27 16:06:32.120 t_record.py:512 Episode 7 has no explicit success/failure label, defaulting to 'success'.
INFO 2026-05-27 16:06:32.120 ls/utils.py:227 Reset the environment
INFO 2026-05-27 16:07:04.336 ls/utils.py:227 Recording episode 8
WARNING 2026-05-27 16:07:11.026 t_record.py:512 Episode 8 has no explicit success/failure label, defaulting to 'success'.
INFO 2026-05-27 16:07:11.026 ls/utils.py:227 Reset the environment
INFO 2026-05-27 16:07:19.343 ls/utils.py:227 Recording episode 9
WARNING 2026-05-27 16:07:25.354 t_record.py:512 Episode 9 has no explicit success/failure label, defaulting to 'success'.
INFO 2026-05-27 16:07:25.355 ls/utils.py:227 Reset the environment
INFO 2026-05-27 16:07:34.674 ls/utils.py:227 Recording episode 10
WARNING 2026-05-27 16:07:41.560 t_record.py:512 Episode 10 has no explicit success/failure label, defaulting to 'success'.
INFO 2026-05-27 16:07:41.560 ls/utils.py:227 Reset the environment
INFO 2026-05-27 16:07:52.408 ls/utils.py:227 Recording episode 11
WARNING 2026-05-27 16:08:00.437 t_record.py:512 Episode 11 has no explicit success/failure label, defaulting to 'success'.
INFO 2026-05-27 16:08:00.437 ls/utils.py:227 Reset the environment
INFO 2026-05-27 16:08:01.574 ls/utils.py:227 Re-record episode
INFO 2026-05-27 16:08:01.575 ls/utils.py:227 Recording episode 11
WARNING 2026-05-27 16:08:08.071 t_record.py:512 Episode 11 has no explicit success/failure label, defaulting to 'success'.
INFO 2026-05-27 16:08:08.071 ls/utils.py:227 Reset the environment
INFO 2026-05-27 16:08:09.942 ls/utils.py:227 Re-record episode
INFO 2026-05-27 16:08:09.943 ls/utils.py:227 Recording episode 11
WARNING 2026-05-27 16:08:18.783 t_record.py:512 Episode 11 has no explicit success/failure label, defaulting to 'success'.
INFO 2026-05-27 16:08:18.783 ls/utils.py:227 Reset the environment
INFO 2026-05-27 16:08:40.408 ls/utils.py:227 Stop recording
INFO 2026-05-27 16:08:41.845 t_record.py:570 To inspect the recorded dataset, run:
  lerobot-dataset-report --dataset local_data
INFO 2026-05-27 16:08:41.854 a_opencv.py:592 OpenCVCamera(4) disconnected.
INFO 2026-05-27 16:08:41.862 a_opencv.py:592 OpenCVCamera(10) disconnected.
INFO 2026-05-27 16:08:41.862 follower.py:339 my_piper_follower PiperFollower disconnected.
INFO 2026-05-27 16:08:41.867 r_leader.py:468 my_piper_leader PiperLeader disconnected.
INFO 2026-05-27 16:08:41.867 ls/utils.py:227 Exiting
INFO 2026-05-27 16:09:30.659 t_record.py:325 Human-in-loop recording is enabled. Press 'i' to toggle takeover. Press 's' to mark success and end, 'f' to mark failure and end. Recorded `action` is the executed action. Policy output (when policy is enabled) is stored in `complementary_info.policy_action`. Collector source is stored in `complementary_info.collector_policy_id`. ACP inference: enable=False use_cfg=False cfg_beta=1.000.
INFO 2026-05-27 16:09:30.660 t_record.py:343 {'acp_inference': {'cfg_beta': 1.0, 'enable': False, 'use_cfg': False},
 'collector_policy_id_human': 'human',
 'collector_policy_id_policy': 'human',
 'communication_retry_interval_s': 0.1,
 'communication_retry_timeout_s': 2.0,
 'dataset': {'episode_time_s': 120,
             'fps': 30,
             'num_episodes': 50,
             'num_image_writer_processes': 0,
             'num_image_writer_threads_per_camera': 4,
             'private': False,
             'push_to_hub': False,
             'rename_map': {},
             'repo_id': 'local_data',
             'reset_time_s': 1,
             'root': '/home/ghr/VLA/package_data/single/qwen3_subtask_multipackage/subtask3_1',
             'single_task': 'Grab the package and place it into the box.',
             'tags': None,
             'vcodec': 'libsvtav1',
             'video': True,
             'video_encoding_batch_size': 1},
 'default_episode_success': 'failure',
 'display_compressed_images': False,
 'display_data': True,
 'display_ip': None,
 'display_port': None,
 'enable_collector_policy_id': True,
 'enable_episode_outcome_labeling': True,
 'episode_failure_key': 'f',
 'episode_success_key': 's',
 'intervention_state_machine_enabled': False,
 'intervention_toggle_key': 'i',
 'play_sounds': True,
 'policy': None,
 'policy_sync_parallel': True,
 'policy_sync_to_teleop': False,
 'require_episode_success_label': False,
 'resume': False,
 'robot': {'calibration_dir': None,
           'calibration_scale': 1000,
           'cameras': {'top': {'backend': <Cv2Backends.ANY: 0>,
                               'color_mode': <ColorMode.RGB: 'rgb'>,
                               'fourcc': None,
                               'fps': 30,
                               'height': 480,
                               'index_or_path': 10,
                               'rotation': <Cv2Rotation.NO_ROTATION: 0>,
                               'warmup_s': 1,
                               'width': 640},
                       'wrist': {'backend': <Cv2Backends.ANY: 0>,
                                 'color_mode': <ColorMode.RGB: 'rgb'>,
                                 'fourcc': None,
                                 'fps': 30,
                                 'height': 480,
                                 'index_or_path': 4,
                                 'rotation': <Cv2Rotation.NO_ROTATION: 0>,
                                 'warmup_s': 1,
                                 'width': 640}},
           'can_auto_init': True,
           'disable_on_disconnect': False,
           'enable_on_connect': True,
           'enable_timeout_s': 3.0,
           'gripper_effort_default': 1000,
           'gripper_status_code': 1,
           'high_follow': True,
           'id': 'my_piper_follower',
           'judge_flag': False,
           'log_level': 'WARNING',
           'mode_refresh_interval_s': 1.0,
           'port': 'can1',
           'require_calibration': True,
           'speed_ratio': 50,
           'startup_sleep_s': 0.1,
           'sync_gripper': True},
 'teleop': {'calibration_dir': None,
            'calibration_scale': 1000,
            'can_auto_init': True,
            'command_high_follow': True,
            'command_speed_ratio': 50,
            'disable_on_disconnect': False,
            'enable_timeout_s': 3.0,
            'fallback_to_feedback': True,
            'gravity_comp_base_rpy_deg': (0.0, 0.0, 0.0),
            'gravity_comp_control_hz': 200.0,
            'gravity_comp_mit_kd': 0.0,
            'gravity_comp_mit_kp': 0.0,
            'gravity_comp_torque_limit': 8.0,
            'gravity_comp_tx_ratio': (0.2, 0.2, 0.2, 0.2, 0.2, 0.2),
            'gripper_effort_default': 1000,
            'gripper_status_code': 1,
            'id': 'my_piper_leader',
            'judge_flag': False,
            'log_level': 'WARNING',
            'manual_control': True,
            'mode_refresh_interval_s': 1.0,
            'port': 'can0',
            'prefer_ctrl_messages': True,
            'require_calibration': True,
            'startup_sleep_s': 0.1,
            'sync_gripper': True}}
INFO 2026-05-27 16:09:30.670 t_record.py:371 dataset_features: {'action': {'dtype': 'float32', 'names': ['joint_1.pos', 'joint_2.pos', 'joint_3.pos', 'joint_4.pos', 'joint_5.pos', 'joint_6.pos', 'gripper.pos'], 'shape': (7,)}, 'observation.state': {'dtype': 'float32', 'names': ['joint_1.pos', 'joint_2.pos', 'joint_3.pos', 'joint_4.pos', 'joint_5.pos', 'joint_6.pos', 'gripper.pos'], 'shape': (7,)}, 'observation.images.wrist': {'dtype': 'video', 'shape': (480, 640, 3), 'names': ['height', 'width', 'channels']}, 'observation.images.top': {'dtype': 'video', 'shape': (480, 640, 3), 'names': ['height', 'width', 'channels']}}
INFO 2026-05-27 16:09:30.670 t_record.py:382 dataset_features: {'action': {'dtype': 'float32', 'names': ['joint_1.pos', 'joint_2.pos', 'joint_3.pos', 'joint_4.pos', 'joint_5.pos', 'joint_6.pos', 'gripper.pos'], 'shape': (7,)}, 'observation.state': {'dtype': 'float32', 'names': ['joint_1.pos', 'joint_2.pos', 'joint_3.pos', 'joint_4.pos', 'joint_5.pos', 'joint_6.pos', 'gripper.pos'], 'shape': (7,)}, 'observation.images.wrist': {'dtype': 'video', 'shape': (480, 640, 3), 'names': ['height', 'width', 'channels']}, 'observation.images.top': {'dtype': 'video', 'shape': (480, 640, 3), 'names': ['height', 'width', 'channels']}, 'complementary_info.policy_action': {'dtype': 'float32', 'shape': (7,), 'names': ['joint_1.pos', 'joint_2.pos', 'joint_3.pos', 'joint_4.pos', 'joint_5.pos', 'joint_6.pos', 'gripper.pos']}, 'complementary_info.is_intervention': {'dtype': 'float32', 'shape': (1,), 'names': ['is_intervention']}, 'complementary_info.state': {'dtype': 'float32', 'shape': (1,), 'names': ['state']}, 'complementary_info.collector_policy_id': {'dtype': 'string', 'shape': (1,), 'names': ['collector_policy_id']}}
INFO 2026-05-27 16:09:32.011 a_opencv.py:179 OpenCVCamera(4) connected.
INFO 2026-05-27 16:09:33.225 a_opencv.py:179 OpenCVCamera(10) connected.
INFO 2026-05-27 16:09:33.225 follower.py:139 my_piper_follower PiperFollower connected.
INFO 2026-05-27 16:09:34.053 r_leader.py:130 my_piper_leader PiperLeader connected.
INFO 2026-05-27 16:09:34.054 t_record.py:446 robot and teleop all conected
INFO 2026-05-27 16:09:34.055 ls/utils.py:227 Recording episode 0
WARNING 2026-05-27 16:09:40.470 t_record.py:512 Episode 0 has no explicit success/failure label, defaulting to 'success'.
INFO 2026-05-27 16:09:40.470 ls/utils.py:227 Reset the environment
INFO 2026-05-27 16:10:06.258 ls/utils.py:227 Recording episode 1
WARNING 2026-05-27 16:10:11.037 t_record.py:512 Episode 1 has no explicit success/failure label, defaulting to 'success'.
INFO 2026-05-27 16:10:11.037 ls/utils.py:227 Reset the environment
INFO 2026-05-27 16:10:16.918 ls/utils.py:227 Recording episode 2
WARNING 2026-05-27 16:10:21.963 t_record.py:512 Episode 2 has no explicit success/failure label, defaulting to 'success'.
INFO 2026-05-27 16:10:21.963 ls/utils.py:227 Reset the environment
INFO 2026-05-27 16:10:29.478 ls/utils.py:227 Recording episode 3
WARNING 2026-05-27 16:10:34.523 t_record.py:512 Episode 3 has no explicit success/failure label, defaulting to 'success'.
INFO 2026-05-27 16:10:34.523 ls/utils.py:227 Reset the environment
INFO 2026-05-27 16:10:54.139 ls/utils.py:227 Recording episode 4
WARNING 2026-05-27 16:10:59.084 t_record.py:512 Episode 4 has no explicit success/failure label, defaulting to 'success'.
INFO 2026-05-27 16:10:59.084 ls/utils.py:227 Reset the environment
INFO 2026-05-27 16:11:05.460 ls/utils.py:227 Recording episode 5
WARNING 2026-05-27 16:11:10.939 t_record.py:512 Episode 5 has no explicit success/failure label, defaulting to 'success'.
INFO 2026-05-27 16:11:10.939 ls/utils.py:227 Reset the environment
INFO 2026-05-27 16:11:20.931 ls/utils.py:227 Stop recording
INFO 2026-05-27 16:11:22.174 t_record.py:570 To inspect the recorded dataset, run:
  lerobot-dataset-report --dataset local_data
INFO 2026-05-27 16:11:22.195 a_opencv.py:592 OpenCVCamera(4) disconnected.
INFO 2026-05-27 16:11:22.208 a_opencv.py:592 OpenCVCamera(10) disconnected.
INFO 2026-05-27 16:11:22.208 follower.py:339 my_piper_follower PiperFollower disconnected.
INFO 2026-05-27 16:11:22.211 r_leader.py:468 my_piper_leader PiperLeader disconnected.
INFO 2026-05-27 16:11:22.211 ls/utils.py:227 Exiting
INFO 2026-05-27 16:11:40.602 t_record.py:325 Human-in-loop recording is enabled. Press 'i' to toggle takeover. Press 's' to mark success and end, 'f' to mark failure and end. Recorded `action` is the executed action. Policy output (when policy is enabled) is stored in `complementary_info.policy_action`. Collector source is stored in `complementary_info.collector_policy_id`. ACP inference: enable=False use_cfg=False cfg_beta=1.000.
INFO 2026-05-27 16:11:40.602 t_record.py:343 {'acp_inference': {'cfg_beta': 1.0, 'enable': False, 'use_cfg': False},
 'collector_policy_id_human': 'human',
 'collector_policy_id_policy': 'human',
 'communication_retry_interval_s': 0.1,
 'communication_retry_timeout_s': 2.0,
 'dataset': {'episode_time_s': 120,
             'fps': 30,
             'num_episodes': 50,
             'num_image_writer_processes': 0,
             'num_image_writer_threads_per_camera': 4,
             'private': False,
             'push_to_hub': False,
             'rename_map': {},
             'repo_id': 'local_data',
             'reset_time_s': 1,
             'root': '/home/ghr/VLA/package_data/single/qwen3_subtask_multipackage/subtask3_1',
             'single_task': 'Grab the package and place it into the box.',
             'tags': None,
             'vcodec': 'libsvtav1',
             'video': True,
             'video_encoding_batch_size': 1},
 'default_episode_success': 'failure',
 'display_compressed_images': False,
 'display_data': True,
 'display_ip': None,
 'display_port': None,
 'enable_collector_policy_id': True,
 'enable_episode_outcome_labeling': True,
 'episode_failure_key': 'f',
 'episode_success_key': 's',
 'intervention_state_machine_enabled': False,
 'intervention_toggle_key': 'i',
 'play_sounds': True,
 'policy': None,
 'policy_sync_parallel': True,
 'policy_sync_to_teleop': False,
 'require_episode_success_label': False,
 'resume': False,
 'robot': {'calibration_dir': None,
           'calibration_scale': 1000,
           'cameras': {'top': {'backend': <Cv2Backends.ANY: 0>,
                               'color_mode': <ColorMode.RGB: 'rgb'>,
                               'fourcc': None,
                               'fps': 30,
                               'height': 480,
                               'index_or_path': 10,
                               'rotation': <Cv2Rotation.NO_ROTATION: 0>,
                               'warmup_s': 1,
                               'width': 640},
                       'wrist': {'backend': <Cv2Backends.ANY: 0>,
                                 'color_mode': <ColorMode.RGB: 'rgb'>,
                                 'fourcc': None,
                                 'fps': 30,
                                 'height': 480,
                                 'index_or_path': 4,
                                 'rotation': <Cv2Rotation.NO_ROTATION: 0>,
                                 'warmup_s': 1,
                                 'width': 640}},
           'can_auto_init': True,
           'disable_on_disconnect': False,
           'enable_on_connect': True,
           'enable_timeout_s': 3.0,
           'gripper_effort_default': 1000,
           'gripper_status_code': 1,
           'high_follow': True,
           'id': 'my_piper_follower',
           'judge_flag': False,
           'log_level': 'WARNING',
           'mode_refresh_interval_s': 1.0,
           'port': 'can1',
           'require_calibration': True,
           'speed_ratio': 50,
           'startup_sleep_s': 0.1,
           'sync_gripper': True},
 'teleop': {'calibration_dir': None,
            'calibration_scale': 1000,
            'can_auto_init': True,
            'command_high_follow': True,
            'command_speed_ratio': 50,
            'disable_on_disconnect': False,
            'enable_timeout_s': 3.0,
            'fallback_to_feedback': True,
            'gravity_comp_base_rpy_deg': (0.0, 0.0, 0.0),
            'gravity_comp_control_hz': 200.0,
            'gravity_comp_mit_kd': 0.0,
            'gravity_comp_mit_kp': 0.0,
            'gravity_comp_torque_limit': 8.0,
            'gravity_comp_tx_ratio': (0.2, 0.2, 0.2, 0.2, 0.2, 0.2),
            'gripper_effort_default': 1000,
            'gripper_status_code': 1,
            'id': 'my_piper_leader',
            'judge_flag': False,
            'log_level': 'WARNING',
            'manual_control': True,
            'mode_refresh_interval_s': 1.0,
            'port': 'can0',
            'prefer_ctrl_messages': True,
            'require_calibration': True,
            'startup_sleep_s': 0.1,
            'sync_gripper': True}}
INFO 2026-05-27 16:11:40.613 t_record.py:371 dataset_features: {'action': {'dtype': 'float32', 'names': ['joint_1.pos', 'joint_2.pos', 'joint_3.pos', 'joint_4.pos', 'joint_5.pos', 'joint_6.pos', 'gripper.pos'], 'shape': (7,)}, 'observation.state': {'dtype': 'float32', 'names': ['joint_1.pos', 'joint_2.pos', 'joint_3.pos', 'joint_4.pos', 'joint_5.pos', 'joint_6.pos', 'gripper.pos'], 'shape': (7,)}, 'observation.images.wrist': {'dtype': 'video', 'shape': (480, 640, 3), 'names': ['height', 'width', 'channels']}, 'observation.images.top': {'dtype': 'video', 'shape': (480, 640, 3), 'names': ['height', 'width', 'channels']}}
INFO 2026-05-27 16:11:40.613 t_record.py:382 dataset_features: {'action': {'dtype': 'float32', 'names': ['joint_1.pos', 'joint_2.pos', 'joint_3.pos', 'joint_4.pos', 'joint_5.pos', 'joint_6.pos', 'gripper.pos'], 'shape': (7,)}, 'observation.state': {'dtype': 'float32', 'names': ['joint_1.pos', 'joint_2.pos', 'joint_3.pos', 'joint_4.pos', 'joint_5.pos', 'joint_6.pos', 'gripper.pos'], 'shape': (7,)}, 'observation.images.wrist': {'dtype': 'video', 'shape': (480, 640, 3), 'names': ['height', 'width', 'channels']}, 'observation.images.top': {'dtype': 'video', 'shape': (480, 640, 3), 'names': ['height', 'width', 'channels']}, 'complementary_info.policy_action': {'dtype': 'float32', 'shape': (7,), 'names': ['joint_1.pos', 'joint_2.pos', 'joint_3.pos', 'joint_4.pos', 'joint_5.pos', 'joint_6.pos', 'gripper.pos']}, 'complementary_info.is_intervention': {'dtype': 'float32', 'shape': (1,), 'names': ['is_intervention']}, 'complementary_info.state': {'dtype': 'float32', 'shape': (1,), 'names': ['state']}, 'complementary_info.collector_policy_id': {'dtype': 'string', 'shape': (1,), 'names': ['collector_policy_id']}}
INFO 2026-05-27 16:11:41.955 a_opencv.py:179 OpenCVCamera(4) connected.
INFO 2026-05-27 16:11:43.172 a_opencv.py:179 OpenCVCamera(10) connected.
INFO 2026-05-27 16:11:43.173 follower.py:139 my_piper_follower PiperFollower connected.
INFO 2026-05-27 16:11:43.989 r_leader.py:130 my_piper_leader PiperLeader connected.
INFO 2026-05-27 16:11:43.989 t_record.py:446 robot and teleop all conected
INFO 2026-05-27 16:11:43.990 ls/utils.py:227 Recording episode 0
WARNING 2026-05-27 16:11:48.701 t_record.py:512 Episode 0 has no explicit success/failure label, defaulting to 'success'.
INFO 2026-05-27 16:11:48.701 ls/utils.py:227 Reset the environment
INFO 2026-05-27 16:11:55.092 ls/utils.py:227 Recording episode 1
WARNING 2026-05-27 16:12:00.471 t_record.py:512 Episode 1 has no explicit success/failure label, defaulting to 'success'.
INFO 2026-05-27 16:12:00.471 ls/utils.py:227 Reset the environment
INFO 2026-05-27 16:12:13.147 ls/utils.py:227 Recording episode 2
WARNING 2026-05-27 16:12:17.958 t_record.py:512 Episode 2 has no explicit success/failure label, defaulting to 'success'.
INFO 2026-05-27 16:12:17.958 ls/utils.py:227 Reset the environment
INFO 2026-05-27 16:12:24.163 ls/utils.py:227 Recording episode 3
WARNING 2026-05-27 16:12:28.874 t_record.py:512 Episode 3 has no explicit success/failure label, defaulting to 'success'.
INFO 2026-05-27 16:12:28.874 ls/utils.py:227 Reset the environment
INFO 2026-05-27 16:12:35.186 ls/utils.py:227 Recording episode 4
WARNING 2026-05-27 16:12:41.367 t_record.py:512 Episode 4 has no explicit success/failure label, defaulting to 'success'.
INFO 2026-05-27 16:12:41.367 ls/utils.py:227 Reset the environment
INFO 2026-05-27 16:12:46.775 ls/utils.py:227 Recording episode 5
WARNING 2026-05-27 16:12:51.788 t_record.py:512 Episode 5 has no explicit success/failure label, defaulting to 'success'.
INFO 2026-05-27 16:12:51.788 ls/utils.py:227 Reset the environment
INFO 2026-05-27 16:13:05.393 ls/utils.py:227 Recording episode 6
WARNING 2026-05-27 16:13:11.075 t_record.py:512 Episode 6 has no explicit success/failure label, defaulting to 'success'.
INFO 2026-05-27 16:13:11.075 ls/utils.py:227 Reset the environment
INFO 2026-05-27 16:13:17.811 ls/utils.py:227 Recording episode 7
WARNING 2026-05-27 16:13:22.823 t_record.py:512 Episode 7 has no explicit success/failure label, defaulting to 'success'.
INFO 2026-05-27 16:13:22.824 ls/utils.py:227 Reset the environment
INFO 2026-05-27 16:13:29.027 ls/utils.py:227 Recording episode 8
WARNING 2026-05-27 16:13:34.072 t_record.py:512 Episode 8 has no explicit success/failure label, defaulting to 'success'.
INFO 2026-05-27 16:13:34.072 ls/utils.py:227 Reset the environment
INFO 2026-05-27 16:13:39.801 ls/utils.py:227 Recording episode 9
WARNING 2026-05-27 16:13:44.079 t_record.py:512 Episode 9 has no explicit success/failure label, defaulting to 'success'.
INFO 2026-05-27 16:13:44.079 ls/utils.py:227 Reset the environment
INFO 2026-05-27 16:13:55.671 ls/utils.py:227 Recording episode 10
WARNING 2026-05-27 16:13:56.473 t_record.py:512 Episode 10 has no explicit success/failure label, defaulting to 'success'.
INFO 2026-05-27 16:13:56.474 ls/utils.py:227 Reset the environment
INFO 2026-05-27 16:14:06.687 ls/utils.py:227 Re-record episode
INFO 2026-05-27 16:14:06.690 ls/utils.py:227 Recording episode 10
WARNING 2026-05-27 16:14:08.896 t_record.py:512 Episode 10 has no explicit success/failure label, defaulting to 'success'.
INFO 2026-05-27 16:14:08.896 ls/utils.py:227 Reset the environment
INFO 2026-05-27 16:14:14.049 ls/utils.py:227 Re-record episode
INFO 2026-05-27 16:14:14.050 ls/utils.py:227 Recording episode 10
WARNING 2026-05-27 16:14:19.445 t_record.py:512 Episode 10 has no explicit success/failure label, defaulting to 'success'.
INFO 2026-05-27 16:14:19.445 ls/utils.py:227 Reset the environment
INFO 2026-05-27 16:14:25.697 ls/utils.py:227 Recording episode 11
WARNING 2026-05-27 16:14:30.411 t_record.py:512 Episode 11 has no explicit success/failure label, defaulting to 'success'.
INFO 2026-05-27 16:14:30.411 ls/utils.py:227 Reset the environment
INFO 2026-05-27 16:14:35.384 ls/utils.py:227 Recording episode 12
WARNING 2026-05-27 16:14:41.199 t_record.py:512 Episode 12 has no explicit success/failure label, defaulting to 'success'.
INFO 2026-05-27 16:14:41.200 ls/utils.py:227 Reset the environment
INFO 2026-05-27 16:14:46.817 ls/utils.py:227 Recording episode 13
WARNING 2026-05-27 16:14:51.462 t_record.py:512 Episode 13 has no explicit success/failure label, defaulting to 'success'.
INFO 2026-05-27 16:14:51.462 ls/utils.py:227 Reset the environment
INFO 2026-05-27 16:15:02.693 ls/utils.py:227 Recording episode 14
WARNING 2026-05-27 16:15:07.505 t_record.py:512 Episode 14 has no explicit success/failure label, defaulting to 'success'.
INFO 2026-05-27 16:15:07.505 ls/utils.py:227 Reset the environment
INFO 2026-05-27 16:15:12.535 ls/utils.py:227 Recording episode 15
WARNING 2026-05-27 16:15:17.515 t_record.py:512 Episode 15 has no explicit success/failure label, defaulting to 'success'.
INFO 2026-05-27 16:15:17.515 ls/utils.py:227 Reset the environment
INFO 2026-05-27 16:15:22.612 ls/utils.py:227 Recording episode 16
WARNING 2026-05-27 16:15:26.823 t_record.py:512 Episode 16 has no explicit success/failure label, defaulting to 'success'.
INFO 2026-05-27 16:15:26.823 ls/utils.py:227 Reset the environment
INFO 2026-05-27 16:15:32.530 ls/utils.py:227 Recording episode 17
WARNING 2026-05-27 16:15:40.120 t_record.py:512 Episode 17 has no explicit success/failure label, defaulting to 'success'.
INFO 2026-05-27 16:15:40.120 ls/utils.py:227 Reset the environment
INFO 2026-05-27 16:15:53.686 ls/utils.py:227 Recording episode 18
WARNING 2026-05-27 16:15:59.567 t_record.py:512 Episode 18 has no explicit success/failure label, defaulting to 'success'.
INFO 2026-05-27 16:15:59.567 ls/utils.py:227 Reset the environment
INFO 2026-05-27 16:16:08.582 ls/utils.py:227 Recording episode 19
WARNING 2026-05-27 16:16:14.733 t_record.py:512 Episode 19 has no explicit success/failure label, defaulting to 'success'.
INFO 2026-05-27 16:16:14.733 ls/utils.py:227 Reset the environment
INFO 2026-05-27 16:16:22.497 ls/utils.py:227 Recording episode 20
WARNING 2026-05-27 16:16:28.011 t_record.py:512 Episode 20 has no explicit success/failure label, defaulting to 'success'.
INFO 2026-05-27 16:16:28.011 ls/utils.py:227 Reset the environment
INFO 2026-05-27 16:16:39.594 ls/utils.py:227 Recording episode 21
WARNING 2026-05-27 16:16:45.276 t_record.py:512 Episode 21 has no explicit success/failure label, defaulting to 'success'.
INFO 2026-05-27 16:16:45.276 ls/utils.py:227 Reset the environment
INFO 2026-05-27 16:17:02.816 ls/utils.py:227 Recording episode 22
WARNING 2026-05-27 16:17:08.229 t_record.py:512 Episode 22 has no explicit success/failure label, defaulting to 'success'.
INFO 2026-05-27 16:17:08.229 ls/utils.py:227 Reset the environment
INFO 2026-05-27 16:17:14.369 ls/utils.py:227 Recording episode 23
WARNING 2026-05-27 16:17:20.584 t_record.py:512 Episode 23 has no explicit success/failure label, defaulting to 'success'.
INFO 2026-05-27 16:17:20.584 ls/utils.py:227 Reset the environment
INFO 2026-05-27 16:17:25.982 ls/utils.py:227 Recording episode 24
WARNING 2026-05-27 16:17:30.828 t_record.py:512 Episode 24 has no explicit success/failure label, defaulting to 'success'.
INFO 2026-05-27 16:17:30.828 ls/utils.py:227 Reset the environment
INFO 2026-05-27 16:17:36.881 ls/utils.py:227 Recording episode 25
WARNING 2026-05-27 16:17:44.198 t_record.py:512 Episode 25 has no explicit success/failure label, defaulting to 'success'.
INFO 2026-05-27 16:17:44.199 ls/utils.py:227 Reset the environment
INFO 2026-05-27 16:18:12.064 ls/utils.py:227 Recording episode 26
WARNING 2026-05-27 16:18:18.212 t_record.py:512 Episode 26 has no explicit success/failure label, defaulting to 'success'.
INFO 2026-05-27 16:18:18.212 ls/utils.py:227 Reset the environment
INFO 2026-05-27 16:18:27.468 ls/utils.py:227 Recording episode 27
WARNING 2026-05-27 16:18:32.281 t_record.py:512 Episode 27 has no explicit success/failure label, defaulting to 'success'.
INFO 2026-05-27 16:18:32.281 ls/utils.py:227 Reset the environment
INFO 2026-05-27 16:18:38.089 ls/utils.py:227 Recording episode 28
WARNING 2026-05-27 16:18:43.337 t_record.py:512 Episode 28 has no explicit success/failure label, defaulting to 'success'.
INFO 2026-05-27 16:18:43.337 ls/utils.py:227 Reset the environment
INFO 2026-05-27 16:19:06.155 ls/utils.py:227 Recording episode 29
WARNING 2026-05-27 16:19:10.466 t_record.py:512 Episode 29 has no explicit success/failure label, defaulting to 'success'.
INFO 2026-05-27 16:19:10.466 ls/utils.py:227 Reset the environment
INFO 2026-05-27 16:19:16.029 ls/utils.py:227 Recording episode 30
WARNING 2026-05-27 16:19:20.907 t_record.py:512 Episode 30 has no explicit success/failure label, defaulting to 'success'.
INFO 2026-05-27 16:19:20.907 ls/utils.py:227 Reset the environment
INFO 2026-05-27 16:19:40.725 ls/utils.py:227 Stop recording
INFO 2026-05-27 16:19:42.175 t_record.py:570 To inspect the recorded dataset, run:
  lerobot-dataset-report --dataset local_data
INFO 2026-05-27 16:19:42.190 a_opencv.py:592 OpenCVCamera(4) disconnected.
INFO 2026-05-27 16:19:42.196 a_opencv.py:592 OpenCVCamera(10) disconnected.
INFO 2026-05-27 16:19:42.196 follower.py:339 my_piper_follower PiperFollower disconnected.
INFO 2026-05-27 16:19:42.199 r_leader.py:468 my_piper_leader PiperLeader disconnected.
INFO 2026-05-27 16:19:42.200 ls/utils.py:227 Exiting
INFO 2026-05-27 16:20:05.991 t_record.py:325 Human-in-loop recording is enabled. Press 'i' to toggle takeover. Press 's' to mark success and end, 'f' to mark failure and end. Recorded `action` is the executed action. Policy output (when policy is enabled) is stored in `complementary_info.policy_action`. Collector source is stored in `complementary_info.collector_policy_id`. ACP inference: enable=False use_cfg=False cfg_beta=1.000.
INFO 2026-05-27 16:20:05.992 t_record.py:343 {'acp_inference': {'cfg_beta': 1.0, 'enable': False, 'use_cfg': False},
 'collector_policy_id_human': 'human',
 'collector_policy_id_policy': 'human',
 'communication_retry_interval_s': 0.1,
 'communication_retry_timeout_s': 2.0,
 'dataset': {'episode_time_s': 120,
             'fps': 30,
             'num_episodes': 50,
             'num_image_writer_processes': 0,
             'num_image_writer_threads_per_camera': 4,
             'private': False,
             'push_to_hub': False,
             'rename_map': {},
             'repo_id': 'local_data',
             'reset_time_s': 1,
             'root': '/home/ghr/VLA/package_data/single/qwen3_subtask_multipackage/subtask3_2',
             'single_task': 'Grab the package and place it into the box.',
             'tags': None,
             'vcodec': 'libsvtav1',
             'video': True,
             'video_encoding_batch_size': 1},
 'default_episode_success': 'failure',
 'display_compressed_images': False,
 'display_data': True,
 'display_ip': None,
 'display_port': None,
 'enable_collector_policy_id': True,
 'enable_episode_outcome_labeling': True,
 'episode_failure_key': 'f',
 'episode_success_key': 's',
 'intervention_state_machine_enabled': False,
 'intervention_toggle_key': 'i',
 'play_sounds': True,
 'policy': None,
 'policy_sync_parallel': True,
 'policy_sync_to_teleop': False,
 'require_episode_success_label': False,
 'resume': False,
 'robot': {'calibration_dir': None,
           'calibration_scale': 1000,
           'cameras': {'top': {'backend': <Cv2Backends.ANY: 0>,
                               'color_mode': <ColorMode.RGB: 'rgb'>,
                               'fourcc': None,
                               'fps': 30,
                               'height': 480,
                               'index_or_path': 10,
                               'rotation': <Cv2Rotation.NO_ROTATION: 0>,
                               'warmup_s': 1,
                               'width': 640},
                       'wrist': {'backend': <Cv2Backends.ANY: 0>,
                                 'color_mode': <ColorMode.RGB: 'rgb'>,
                                 'fourcc': None,
                                 'fps': 30,
                                 'height': 480,
                                 'index_or_path': 4,
                                 'rotation': <Cv2Rotation.NO_ROTATION: 0>,
                                 'warmup_s': 1,
                                 'width': 640}},
           'can_auto_init': True,
           'disable_on_disconnect': False,
           'enable_on_connect': True,
           'enable_timeout_s': 3.0,
           'gripper_effort_default': 1000,
           'gripper_status_code': 1,
           'high_follow': True,
           'id': 'my_piper_follower',
           'judge_flag': False,
           'log_level': 'WARNING',
           'mode_refresh_interval_s': 1.0,
           'port': 'can1',
           'require_calibration': True,
           'speed_ratio': 50,
           'startup_sleep_s': 0.1,
           'sync_gripper': True},
 'teleop': {'calibration_dir': None,
            'calibration_scale': 1000,
            'can_auto_init': True,
            'command_high_follow': True,
            'command_speed_ratio': 50,
            'disable_on_disconnect': False,
            'enable_timeout_s': 3.0,
            'fallback_to_feedback': True,
            'gravity_comp_base_rpy_deg': (0.0, 0.0, 0.0),
            'gravity_comp_control_hz': 200.0,
            'gravity_comp_mit_kd': 0.0,
            'gravity_comp_mit_kp': 0.0,
            'gravity_comp_torque_limit': 8.0,
            'gravity_comp_tx_ratio': (0.2, 0.2, 0.2, 0.2, 0.2, 0.2),
            'gripper_effort_default': 1000,
            'gripper_status_code': 1,
            'id': 'my_piper_leader',
            'judge_flag': False,
            'log_level': 'WARNING',
            'manual_control': True,
            'mode_refresh_interval_s': 1.0,
            'port': 'can0',
            'prefer_ctrl_messages': True,
            'require_calibration': True,
            'startup_sleep_s': 0.1,
            'sync_gripper': True}}
INFO 2026-05-27 16:20:06.003 t_record.py:371 dataset_features: {'action': {'dtype': 'float32', 'names': ['joint_1.pos', 'joint_2.pos', 'joint_3.pos', 'joint_4.pos', 'joint_5.pos', 'joint_6.pos', 'gripper.pos'], 'shape': (7,)}, 'observation.state': {'dtype': 'float32', 'names': ['joint_1.pos', 'joint_2.pos', 'joint_3.pos', 'joint_4.pos', 'joint_5.pos', 'joint_6.pos', 'gripper.pos'], 'shape': (7,)}, 'observation.images.wrist': {'dtype': 'video', 'shape': (480, 640, 3), 'names': ['height', 'width', 'channels']}, 'observation.images.top': {'dtype': 'video', 'shape': (480, 640, 3), 'names': ['height', 'width', 'channels']}}
INFO 2026-05-27 16:20:06.003 t_record.py:382 dataset_features: {'action': {'dtype': 'float32', 'names': ['joint_1.pos', 'joint_2.pos', 'joint_3.pos', 'joint_4.pos', 'joint_5.pos', 'joint_6.pos', 'gripper.pos'], 'shape': (7,)}, 'observation.state': {'dtype': 'float32', 'names': ['joint_1.pos', 'joint_2.pos', 'joint_3.pos', 'joint_4.pos', 'joint_5.pos', 'joint_6.pos', 'gripper.pos'], 'shape': (7,)}, 'observation.images.wrist': {'dtype': 'video', 'shape': (480, 640, 3), 'names': ['height', 'width', 'channels']}, 'observation.images.top': {'dtype': 'video', 'shape': (480, 640, 3), 'names': ['height', 'width', 'channels']}, 'complementary_info.policy_action': {'dtype': 'float32', 'shape': (7,), 'names': ['joint_1.pos', 'joint_2.pos', 'joint_3.pos', 'joint_4.pos', 'joint_5.pos', 'joint_6.pos', 'gripper.pos']}, 'complementary_info.is_intervention': {'dtype': 'float32', 'shape': (1,), 'names': ['is_intervention']}, 'complementary_info.state': {'dtype': 'float32', 'shape': (1,), 'names': ['state']}, 'complementary_info.collector_policy_id': {'dtype': 'string', 'shape': (1,), 'names': ['collector_policy_id']}}
INFO 2026-05-27 16:20:07.343 a_opencv.py:179 OpenCVCamera(4) connected.
INFO 2026-05-27 16:20:08.559 a_opencv.py:179 OpenCVCamera(10) connected.
INFO 2026-05-27 16:20:08.559 follower.py:139 my_piper_follower PiperFollower connected.
INFO 2026-05-27 16:20:09.378 r_leader.py:130 my_piper_leader PiperLeader connected.
INFO 2026-05-27 16:20:09.381 t_record.py:446 robot and teleop all conected
INFO 2026-05-27 16:20:09.388 ls/utils.py:227 Recording episode 0
WARNING 2026-05-27 16:20:10.859 t_record.py:512 Episode 0 has no explicit success/failure label, defaulting to 'success'.
INFO 2026-05-27 16:20:10.859 ls/utils.py:227 Reset the environment
INFO 2026-05-27 16:20:17.410 ls/utils.py:227 Re-record episode
INFO 2026-05-27 16:20:17.411 ls/utils.py:227 Recording episode 0
WARNING 2026-05-27 16:20:23.452 t_record.py:512 Episode 0 has no explicit success/failure label, defaulting to 'success'.
INFO 2026-05-27 16:20:23.452 ls/utils.py:227 Reset the environment
INFO 2026-05-27 16:20:28.830 ls/utils.py:227 Recording episode 1
WARNING 2026-05-27 16:20:34.075 t_record.py:512 Episode 1 has no explicit success/failure label, defaulting to 'success'.
INFO 2026-05-27 16:20:34.075 ls/utils.py:227 Reset the environment
INFO 2026-05-27 16:20:40.395 ls/utils.py:227 Recording episode 2
WARNING 2026-05-27 16:20:45.607 t_record.py:512 Episode 2 has no explicit success/failure label, defaulting to 'success'.
INFO 2026-05-27 16:20:45.607 ls/utils.py:227 Reset the environment
INFO 2026-05-27 16:20:52.644 ls/utils.py:227 Recording episode 3
WARNING 2026-05-27 16:20:58.289 t_record.py:512 Episode 3 has no explicit success/failure label, defaulting to 'success'.
INFO 2026-05-27 16:20:58.289 ls/utils.py:227 Reset the environment
INFO 2026-05-27 16:21:12.512 ls/utils.py:227 Recording episode 4
WARNING 2026-05-27 16:21:18.694 t_record.py:512 Episode 4 has no explicit success/failure label, defaulting to 'success'.
INFO 2026-05-27 16:21:18.694 ls/utils.py:227 Reset the environment
INFO 2026-05-27 16:21:25.701 ls/utils.py:227 Recording episode 5
WARNING 2026-05-27 16:21:30.478 t_record.py:512 Episode 5 has no explicit success/failure label, defaulting to 'success'.
INFO 2026-05-27 16:21:30.478 ls/utils.py:227 Reset the environment
INFO 2026-05-27 16:21:36.639 ls/utils.py:227 Recording episode 6
WARNING 2026-05-27 16:21:41.246 t_record.py:512 Episode 6 has no explicit success/failure label, defaulting to 'success'.
INFO 2026-05-27 16:21:41.246 ls/utils.py:227 Reset the environment
INFO 2026-05-27 16:21:48.101 ls/utils.py:227 Recording episode 7
WARNING 2026-05-27 16:21:53.146 t_record.py:512 Episode 7 has no explicit success/failure label, defaulting to 'success'.
INFO 2026-05-27 16:21:53.146 ls/utils.py:227 Reset the environment
INFO 2026-05-27 16:22:10.171 ls/utils.py:227 Recording episode 8
WARNING 2026-05-27 16:22:15.483 t_record.py:512 Episode 8 has no explicit success/failure label, defaulting to 'success'.
INFO 2026-05-27 16:22:15.483 ls/utils.py:227 Reset the environment
INFO 2026-05-27 16:22:21.368 ls/utils.py:227 Recording episode 9
WARNING 2026-05-27 16:22:26.011 t_record.py:512 Episode 9 has no explicit success/failure label, defaulting to 'success'.
INFO 2026-05-27 16:22:26.011 ls/utils.py:227 Reset the environment
INFO 2026-05-27 16:22:32.950 ls/utils.py:227 Recording episode 10
WARNING 2026-05-27 16:22:37.661 t_record.py:512 Episode 10 has no explicit success/failure label, defaulting to 'success'.
INFO 2026-05-27 16:22:37.661 ls/utils.py:227 Reset the environment
INFO 2026-05-27 16:22:44.177 ls/utils.py:227 Recording episode 11
WARNING 2026-05-27 16:22:49.047 t_record.py:512 Episode 11 has no explicit success/failure label, defaulting to 'success'.
INFO 2026-05-27 16:22:49.047 ls/utils.py:227 Reset the environment
INFO 2026-05-27 16:22:55.020 ls/utils.py:227 Stop recording
INFO 2026-05-27 16:22:56.264 t_record.py:570 To inspect the recorded dataset, run:
  lerobot-dataset-report --dataset local_data
INFO 2026-05-27 16:22:56.285 a_opencv.py:592 OpenCVCamera(4) disconnected.
INFO 2026-05-27 16:22:56.312 a_opencv.py:592 OpenCVCamera(10) disconnected.
INFO 2026-05-27 16:22:56.312 follower.py:339 my_piper_follower PiperFollower disconnected.
INFO 2026-05-27 16:22:56.312 r_leader.py:468 my_piper_leader PiperLeader disconnected.
INFO 2026-05-27 16:22:56.313 ls/utils.py:227 Exiting
INFO 2026-05-27 16:24:44.026 t_record.py:325 Human-in-loop recording is enabled. Press 'i' to toggle takeover. Press 's' to mark success and end, 'f' to mark failure and end. Recorded `action` is the executed action. Policy output (when policy is enabled) is stored in `complementary_info.policy_action`. Collector source is stored in `complementary_info.collector_policy_id`. ACP inference: enable=False use_cfg=False cfg_beta=1.000.
INFO 2026-05-27 16:24:44.026 t_record.py:343 {'acp_inference': {'cfg_beta': 1.0, 'enable': False, 'use_cfg': False},
 'collector_policy_id_human': 'human',
 'collector_policy_id_policy': 'human',
 'communication_retry_interval_s': 0.1,
 'communication_retry_timeout_s': 2.0,
 'dataset': {'episode_time_s': 120,
             'fps': 30,
             'num_episodes': 50,
             'num_image_writer_processes': 0,
             'num_image_writer_threads_per_camera': 4,
             'private': False,
             'push_to_hub': False,
             'rename_map': {},
             'repo_id': 'local_data',
             'reset_time_s': 1,
             'root': '/home/ghr/VLA/package_data/single/qwen3_subtask_multipackage/subtask3_3',
             'single_task': 'Grab the package and place it into the box.',
             'tags': None,
             'vcodec': 'libsvtav1',
             'video': True,
             'video_encoding_batch_size': 1},
 'default_episode_success': 'failure',
 'display_compressed_images': False,
 'display_data': True,
 'display_ip': None,
 'display_port': None,
 'enable_collector_policy_id': True,
 'enable_episode_outcome_labeling': True,
 'episode_failure_key': 'f',
 'episode_success_key': 's',
 'intervention_state_machine_enabled': False,
 'intervention_toggle_key': 'i',
 'play_sounds': True,
 'policy': None,
 'policy_sync_parallel': True,
 'policy_sync_to_teleop': False,
 'require_episode_success_label': False,
 'resume': False,
 'robot': {'calibration_dir': None,
           'calibration_scale': 1000,
           'cameras': {'top': {'backend': <Cv2Backends.ANY: 0>,
                               'color_mode': <ColorMode.RGB: 'rgb'>,
                               'fourcc': None,
                               'fps': 30,
                               'height': 480,
                               'index_or_path': 10,
                               'rotation': <Cv2Rotation.NO_ROTATION: 0>,
                               'warmup_s': 1,
                               'width': 640},
                       'wrist': {'backend': <Cv2Backends.ANY: 0>,
                                 'color_mode': <ColorMode.RGB: 'rgb'>,
                                 'fourcc': None,
                                 'fps': 30,
                                 'height': 480,
                                 'index_or_path': 4,
                                 'rotation': <Cv2Rotation.NO_ROTATION: 0>,
                                 'warmup_s': 1,
                                 'width': 640}},
           'can_auto_init': True,
           'disable_on_disconnect': False,
           'enable_on_connect': True,
           'enable_timeout_s': 3.0,
           'gripper_effort_default': 1000,
           'gripper_status_code': 1,
           'high_follow': True,
           'id': 'my_piper_follower',
           'judge_flag': False,
           'log_level': 'WARNING',
           'mode_refresh_interval_s': 1.0,
           'port': 'can1',
           'require_calibration': True,
           'speed_ratio': 50,
           'startup_sleep_s': 0.1,
           'sync_gripper': True},
 'teleop': {'calibration_dir': None,
            'calibration_scale': 1000,
            'can_auto_init': True,
            'command_high_follow': True,
            'command_speed_ratio': 50,
            'disable_on_disconnect': False,
            'enable_timeout_s': 3.0,
            'fallback_to_feedback': True,
            'gravity_comp_base_rpy_deg': (0.0, 0.0, 0.0),
            'gravity_comp_control_hz': 200.0,
            'gravity_comp_mit_kd': 0.0,
            'gravity_comp_mit_kp': 0.0,
            'gravity_comp_torque_limit': 8.0,
            'gravity_comp_tx_ratio': (0.2, 0.2, 0.2, 0.2, 0.2, 0.2),
            'gripper_effort_default': 1000,
            'gripper_status_code': 1,
            'id': 'my_piper_leader',
            'judge_flag': False,
            'log_level': 'WARNING',
            'manual_control': True,
            'mode_refresh_interval_s': 1.0,
            'port': 'can0',
            'prefer_ctrl_messages': True,
            'require_calibration': True,
            'startup_sleep_s': 0.1,
            'sync_gripper': True}}
INFO 2026-05-27 16:24:44.039 t_record.py:371 dataset_features: {'action': {'dtype': 'float32', 'names': ['joint_1.pos', 'joint_2.pos', 'joint_3.pos', 'joint_4.pos', 'joint_5.pos', 'joint_6.pos', 'gripper.pos'], 'shape': (7,)}, 'observation.state': {'dtype': 'float32', 'names': ['joint_1.pos', 'joint_2.pos', 'joint_3.pos', 'joint_4.pos', 'joint_5.pos', 'joint_6.pos', 'gripper.pos'], 'shape': (7,)}, 'observation.images.wrist': {'dtype': 'video', 'shape': (480, 640, 3), 'names': ['height', 'width', 'channels']}, 'observation.images.top': {'dtype': 'video', 'shape': (480, 640, 3), 'names': ['height', 'width', 'channels']}}
INFO 2026-05-27 16:24:44.039 t_record.py:382 dataset_features: {'action': {'dtype': 'float32', 'names': ['joint_1.pos', 'joint_2.pos', 'joint_3.pos', 'joint_4.pos', 'joint_5.pos', 'joint_6.pos', 'gripper.pos'], 'shape': (7,)}, 'observation.state': {'dtype': 'float32', 'names': ['joint_1.pos', 'joint_2.pos', 'joint_3.pos', 'joint_4.pos', 'joint_5.pos', 'joint_6.pos', 'gripper.pos'], 'shape': (7,)}, 'observation.images.wrist': {'dtype': 'video', 'shape': (480, 640, 3), 'names': ['height', 'width', 'channels']}, 'observation.images.top': {'dtype': 'video', 'shape': (480, 640, 3), 'names': ['height', 'width', 'channels']}, 'complementary_info.policy_action': {'dtype': 'float32', 'shape': (7,), 'names': ['joint_1.pos', 'joint_2.pos', 'joint_3.pos', 'joint_4.pos', 'joint_5.pos', 'joint_6.pos', 'gripper.pos']}, 'complementary_info.is_intervention': {'dtype': 'float32', 'shape': (1,), 'names': ['is_intervention']}, 'complementary_info.state': {'dtype': 'float32', 'shape': (1,), 'names': ['state']}, 'complementary_info.collector_policy_id': {'dtype': 'string', 'shape': (1,), 'names': ['collector_policy_id']}}
INFO 2026-05-27 16:24:45.381 a_opencv.py:179 OpenCVCamera(4) connected.
INFO 2026-05-27 16:24:46.596 a_opencv.py:179 OpenCVCamera(10) connected.
INFO 2026-05-27 16:24:46.596 follower.py:139 my_piper_follower PiperFollower connected.
INFO 2026-05-27 16:24:47.415 r_leader.py:130 my_piper_leader PiperLeader connected.
INFO 2026-05-27 16:24:47.416 t_record.py:446 robot and teleop all conected
INFO 2026-05-27 16:24:47.419 ls/utils.py:227 Recording episode 0
WARNING 2026-05-27 16:24:51.763 t_record.py:512 Episode 0 has no explicit success/failure label, defaulting to 'success'.
INFO 2026-05-27 16:24:51.763 ls/utils.py:227 Reset the environment
INFO 2026-05-27 16:25:05.377 ls/utils.py:227 Re-record episode
INFO 2026-05-27 16:25:05.378 ls/utils.py:227 Recording episode 0
WARNING 2026-05-27 16:25:11.525 t_record.py:512 Episode 0 has no explicit success/failure label, defaulting to 'success'.
INFO 2026-05-27 16:25:11.525 ls/utils.py:227 Reset the environment
INFO 2026-05-27 16:25:20.383 ls/utils.py:227 Recording episode 1
WARNING 2026-05-27 16:25:24.726 t_record.py:512 Episode 1 has no explicit success/failure label, defaulting to 'success'.
INFO 2026-05-27 16:25:24.726 ls/utils.py:227 Reset the environment
INFO 2026-05-27 16:25:32.119 ls/utils.py:227 Recording episode 2
WARNING 2026-05-27 16:25:36.498 t_record.py:512 Episode 2 has no explicit success/failure label, defaulting to 'success'.
INFO 2026-05-27 16:25:36.499 ls/utils.py:227 Reset the environment
INFO 2026-05-27 16:25:45.021 ls/utils.py:227 Recording episode 3
WARNING 2026-05-27 16:25:46.926 t_record.py:512 Episode 3 has no explicit success/failure label, defaulting to 'success'.
INFO 2026-05-27 16:25:46.926 ls/utils.py:227 Reset the environment
INFO 2026-05-27 16:25:49.435 ls/utils.py:227 Re-record episode
INFO 2026-05-27 16:25:49.436 ls/utils.py:227 Recording episode 3
WARNING 2026-05-27 16:25:53.279 t_record.py:512 Episode 3 has no explicit success/failure label, defaulting to 'success'.
INFO 2026-05-27 16:25:53.279 ls/utils.py:227 Reset the environment
INFO 2026-05-27 16:26:04.282 ls/utils.py:227 Recording episode 4
WARNING 2026-05-27 16:26:08.091 t_record.py:512 Episode 4 has no explicit success/failure label, defaulting to 'success'.
INFO 2026-05-27 16:26:08.091 ls/utils.py:227 Reset the environment
INFO 2026-05-27 16:26:23.773 ls/utils.py:227 Stop recording
INFO 2026-05-27 16:26:25.201 t_record.py:570 To inspect the recorded dataset, run:
  lerobot-dataset-report --dataset local_data
INFO 2026-05-27 16:26:25.206 a_opencv.py:592 OpenCVCamera(4) disconnected.
INFO 2026-05-27 16:26:25.214 a_opencv.py:592 OpenCVCamera(10) disconnected.
INFO 2026-05-27 16:26:25.214 follower.py:339 my_piper_follower PiperFollower disconnected.
INFO 2026-05-27 16:26:25.214 r_leader.py:468 my_piper_leader PiperLeader disconnected.
INFO 2026-05-27 16:26:25.214 ls/utils.py:227 Exiting
INFO 2026-05-27 16:26:43.846 t_record.py:325 Human-in-loop recording is enabled. Press 'i' to toggle takeover. Press 's' to mark success and end, 'f' to mark failure and end. Recorded `action` is the executed action. Policy output (when policy is enabled) is stored in `complementary_info.policy_action`. Collector source is stored in `complementary_info.collector_policy_id`. ACP inference: enable=False use_cfg=False cfg_beta=1.000.
INFO 2026-05-27 16:26:43.846 t_record.py:343 {'acp_inference': {'cfg_beta': 1.0, 'enable': False, 'use_cfg': False},
 'collector_policy_id_human': 'human',
 'collector_policy_id_policy': 'human',
 'communication_retry_interval_s': 0.1,
 'communication_retry_timeout_s': 2.0,
 'dataset': {'episode_time_s': 120,
             'fps': 30,
             'num_episodes': 50,
             'num_image_writer_processes': 0,
             'num_image_writer_threads_per_camera': 4,
             'private': False,
             'push_to_hub': False,
             'rename_map': {},
             'repo_id': 'local_data',
             'reset_time_s': 1,
             'root': '/home/ghr/VLA/package_data/single/qwen3_subtask_multipackage/subtask1_3',
             'single_task': 'Grab the package and place it into the box.',
             'tags': None,
             'vcodec': 'libsvtav1',
             'video': True,
             'video_encoding_batch_size': 1},
 'default_episode_success': 'failure',
 'display_compressed_images': False,
 'display_data': True,
 'display_ip': None,
 'display_port': None,
 'enable_collector_policy_id': True,
 'enable_episode_outcome_labeling': True,
 'episode_failure_key': 'f',
 'episode_success_key': 's',
 'intervention_state_machine_enabled': False,
 'intervention_toggle_key': 'i',
 'play_sounds': True,
 'policy': None,
 'policy_sync_parallel': True,
 'policy_sync_to_teleop': False,
 'require_episode_success_label': False,
 'resume': False,
 'robot': {'calibration_dir': None,
           'calibration_scale': 1000,
           'cameras': {'top': {'backend': <Cv2Backends.ANY: 0>,
                               'color_mode': <ColorMode.RGB: 'rgb'>,
                               'fourcc': None,
                               'fps': 30,
                               'height': 480,
                               'index_or_path': 10,
                               'rotation': <Cv2Rotation.NO_ROTATION: 0>,
                               'warmup_s': 1,
                               'width': 640},
                       'wrist': {'backend': <Cv2Backends.ANY: 0>,
                                 'color_mode': <ColorMode.RGB: 'rgb'>,
                                 'fourcc': None,
                                 'fps': 30,
                                 'height': 480,
                                 'index_or_path': 4,
                                 'rotation': <Cv2Rotation.NO_ROTATION: 0>,
                                 'warmup_s': 1,
                                 'width': 640}},
           'can_auto_init': True,
           'disable_on_disconnect': False,
           'enable_on_connect': True,
           'enable_timeout_s': 3.0,
           'gripper_effort_default': 1000,
           'gripper_status_code': 1,
           'high_follow': True,
           'id': 'my_piper_follower',
           'judge_flag': False,
           'log_level': 'WARNING',
           'mode_refresh_interval_s': 1.0,
           'port': 'can1',
           'require_calibration': True,
           'speed_ratio': 50,
           'startup_sleep_s': 0.1,
           'sync_gripper': True},
 'teleop': {'calibration_dir': None,
            'calibration_scale': 1000,
            'can_auto_init': True,
            'command_high_follow': True,
            'command_speed_ratio': 50,
            'disable_on_disconnect': False,
            'enable_timeout_s': 3.0,
            'fallback_to_feedback': True,
            'gravity_comp_base_rpy_deg': (0.0, 0.0, 0.0),
            'gravity_comp_control_hz': 200.0,
            'gravity_comp_mit_kd': 0.0,
            'gravity_comp_mit_kp': 0.0,
            'gravity_comp_torque_limit': 8.0,
            'gravity_comp_tx_ratio': (0.2, 0.2, 0.2, 0.2, 0.2, 0.2),
            'gripper_effort_default': 1000,
            'gripper_status_code': 1,
            'id': 'my_piper_leader',
            'judge_flag': False,
            'log_level': 'WARNING',
            'manual_control': True,
            'mode_refresh_interval_s': 1.0,
            'port': 'can0',
            'prefer_ctrl_messages': True,
            'require_calibration': True,
            'startup_sleep_s': 0.1,
            'sync_gripper': True}}
INFO 2026-05-27 16:26:43.857 t_record.py:371 dataset_features: {'action': {'dtype': 'float32', 'names': ['joint_1.pos', 'joint_2.pos', 'joint_3.pos', 'joint_4.pos', 'joint_5.pos', 'joint_6.pos', 'gripper.pos'], 'shape': (7,)}, 'observation.state': {'dtype': 'float32', 'names': ['joint_1.pos', 'joint_2.pos', 'joint_3.pos', 'joint_4.pos', 'joint_5.pos', 'joint_6.pos', 'gripper.pos'], 'shape': (7,)}, 'observation.images.wrist': {'dtype': 'video', 'shape': (480, 640, 3), 'names': ['height', 'width', 'channels']}, 'observation.images.top': {'dtype': 'video', 'shape': (480, 640, 3), 'names': ['height', 'width', 'channels']}}
INFO 2026-05-27 16:26:43.857 t_record.py:382 dataset_features: {'action': {'dtype': 'float32', 'names': ['joint_1.pos', 'joint_2.pos', 'joint_3.pos', 'joint_4.pos', 'joint_5.pos', 'joint_6.pos', 'gripper.pos'], 'shape': (7,)}, 'observation.state': {'dtype': 'float32', 'names': ['joint_1.pos', 'joint_2.pos', 'joint_3.pos', 'joint_4.pos', 'joint_5.pos', 'joint_6.pos', 'gripper.pos'], 'shape': (7,)}, 'observation.images.wrist': {'dtype': 'video', 'shape': (480, 640, 3), 'names': ['height', 'width', 'channels']}, 'observation.images.top': {'dtype': 'video', 'shape': (480, 640, 3), 'names': ['height', 'width', 'channels']}, 'complementary_info.policy_action': {'dtype': 'float32', 'shape': (7,), 'names': ['joint_1.pos', 'joint_2.pos', 'joint_3.pos', 'joint_4.pos', 'joint_5.pos', 'joint_6.pos', 'gripper.pos']}, 'complementary_info.is_intervention': {'dtype': 'float32', 'shape': (1,), 'names': ['is_intervention']}, 'complementary_info.state': {'dtype': 'float32', 'shape': (1,), 'names': ['state']}, 'complementary_info.collector_policy_id': {'dtype': 'string', 'shape': (1,), 'names': ['collector_policy_id']}}
INFO 2026-05-27 16:26:45.198 a_opencv.py:179 OpenCVCamera(4) connected.
INFO 2026-05-27 16:26:46.414 a_opencv.py:179 OpenCVCamera(10) connected.
INFO 2026-05-27 16:26:46.414 follower.py:139 my_piper_follower PiperFollower connected.
INFO 2026-05-27 16:26:47.233 r_leader.py:130 my_piper_leader PiperLeader connected.
INFO 2026-05-27 16:26:47.233 t_record.py:446 robot and teleop all conected
INFO 2026-05-27 16:26:47.234 ls/utils.py:227 Recording episode 0
WARNING 2026-05-27 16:26:49.507 t_record.py:512 Episode 0 has no explicit success/failure label, defaulting to 'success'.
INFO 2026-05-27 16:26:49.507 ls/utils.py:227 Reset the environment
INFO 2026-05-27 16:26:52.250 ls/utils.py:227 Re-record episode
INFO 2026-05-27 16:26:52.251 ls/utils.py:227 Recording episode 0
WARNING 2026-05-27 16:27:02.224 t_record.py:512 Episode 0 has no explicit success/failure label, defaulting to 'success'.
INFO 2026-05-27 16:27:02.224 ls/utils.py:227 Reset the environment
INFO 2026-05-27 16:27:11.599 ls/utils.py:227 Stop recording
INFO 2026-05-27 16:28:04.236 t_record.py:325 Human-in-loop recording is enabled. Press 'i' to toggle takeover. Press 's' to mark success and end, 'f' to mark failure and end. Recorded `action` is the executed action. Policy output (when policy is enabled) is stored in `complementary_info.policy_action`. Collector source is stored in `complementary_info.collector_policy_id`. ACP inference: enable=False use_cfg=False cfg_beta=1.000.
INFO 2026-05-27 16:28:04.237 t_record.py:343 {'acp_inference': {'cfg_beta': 1.0, 'enable': False, 'use_cfg': False},
 'collector_policy_id_human': 'human',
 'collector_policy_id_policy': 'human',
 'communication_retry_interval_s': 0.1,
 'communication_retry_timeout_s': 2.0,
 'dataset': {'episode_time_s': 120,
             'fps': 30,
             'num_episodes': 50,
             'num_image_writer_processes': 0,
             'num_image_writer_threads_per_camera': 4,
             'private': False,
             'push_to_hub': False,
             'rename_map': {},
             'repo_id': 'local_data',
             'reset_time_s': 1,
             'root': '/home/ghr/VLA/package_data/single/qwen3_subtask_multipackage/subtask1_2',
             'single_task': 'Grab the package and place it on the pallet.',
             'tags': None,
             'vcodec': 'libsvtav1',
             'video': True,
             'video_encoding_batch_size': 1},
 'default_episode_success': 'failure',
 'display_compressed_images': False,
 'display_data': True,
 'display_ip': None,
 'display_port': None,
 'enable_collector_policy_id': True,
 'enable_episode_outcome_labeling': True,
 'episode_failure_key': 'f',
 'episode_success_key': 's',
 'intervention_state_machine_enabled': False,
 'intervention_toggle_key': 'i',
 'play_sounds': True,
 'policy': None,
 'policy_sync_parallel': True,
 'policy_sync_to_teleop': False,
 'require_episode_success_label': False,
 'resume': False,
 'robot': {'calibration_dir': None,
           'calibration_scale': 1000,
           'cameras': {'top': {'backend': <Cv2Backends.ANY: 0>,
                               'color_mode': <ColorMode.RGB: 'rgb'>,
                               'fourcc': None,
                               'fps': 30,
                               'height': 480,
                               'index_or_path': 10,
                               'rotation': <Cv2Rotation.NO_ROTATION: 0>,
                               'warmup_s': 1,
                               'width': 640},
                       'wrist': {'backend': <Cv2Backends.ANY: 0>,
                                 'color_mode': <ColorMode.RGB: 'rgb'>,
                                 'fourcc': None,
                                 'fps': 30,
                                 'height': 480,
                                 'index_or_path': 4,
                                 'rotation': <Cv2Rotation.NO_ROTATION: 0>,
                                 'warmup_s': 1,
                                 'width': 640}},
           'can_auto_init': True,
           'disable_on_disconnect': False,
           'enable_on_connect': True,
           'enable_timeout_s': 3.0,
           'gripper_effort_default': 1000,
           'gripper_status_code': 1,
           'high_follow': True,
           'id': 'my_piper_follower',
           'judge_flag': False,
           'log_level': 'WARNING',
           'mode_refresh_interval_s': 1.0,
           'port': 'can1',
           'require_calibration': True,
           'speed_ratio': 50,
           'startup_sleep_s': 0.1,
           'sync_gripper': True},
 'teleop': {'calibration_dir': None,
            'calibration_scale': 1000,
            'can_auto_init': True,
            'command_high_follow': True,
            'command_speed_ratio': 50,
            'disable_on_disconnect': False,
            'enable_timeout_s': 3.0,
            'fallback_to_feedback': True,
            'gravity_comp_base_rpy_deg': (0.0, 0.0, 0.0),
            'gravity_comp_control_hz': 200.0,
            'gravity_comp_mit_kd': 0.0,
            'gravity_comp_mit_kp': 0.0,
            'gravity_comp_torque_limit': 8.0,
            'gravity_comp_tx_ratio': (0.2, 0.2, 0.2, 0.2, 0.2, 0.2),
            'gripper_effort_default': 1000,
            'gripper_status_code': 1,
            'id': 'my_piper_leader',
            'judge_flag': False,
            'log_level': 'WARNING',
            'manual_control': True,
            'mode_refresh_interval_s': 1.0,
            'port': 'can0',
            'prefer_ctrl_messages': True,
            'require_calibration': True,
            'startup_sleep_s': 0.1,
            'sync_gripper': True}}
INFO 2026-05-27 16:28:04.248 t_record.py:371 dataset_features: {'action': {'dtype': 'float32', 'names': ['joint_1.pos', 'joint_2.pos', 'joint_3.pos', 'joint_4.pos', 'joint_5.pos', 'joint_6.pos', 'gripper.pos'], 'shape': (7,)}, 'observation.state': {'dtype': 'float32', 'names': ['joint_1.pos', 'joint_2.pos', 'joint_3.pos', 'joint_4.pos', 'joint_5.pos', 'joint_6.pos', 'gripper.pos'], 'shape': (7,)}, 'observation.images.wrist': {'dtype': 'video', 'shape': (480, 640, 3), 'names': ['height', 'width', 'channels']}, 'observation.images.top': {'dtype': 'video', 'shape': (480, 640, 3), 'names': ['height', 'width', 'channels']}}
INFO 2026-05-27 16:28:04.248 t_record.py:382 dataset_features: {'action': {'dtype': 'float32', 'names': ['joint_1.pos', 'joint_2.pos', 'joint_3.pos', 'joint_4.pos', 'joint_5.pos', 'joint_6.pos', 'gripper.pos'], 'shape': (7,)}, 'observation.state': {'dtype': 'float32', 'names': ['joint_1.pos', 'joint_2.pos', 'joint_3.pos', 'joint_4.pos', 'joint_5.pos', 'joint_6.pos', 'gripper.pos'], 'shape': (7,)}, 'observation.images.wrist': {'dtype': 'video', 'shape': (480, 640, 3), 'names': ['height', 'width', 'channels']}, 'observation.images.top': {'dtype': 'video', 'shape': (480, 640, 3), 'names': ['height', 'width', 'channels']}, 'complementary_info.policy_action': {'dtype': 'float32', 'shape': (7,), 'names': ['joint_1.pos', 'joint_2.pos', 'joint_3.pos', 'joint_4.pos', 'joint_5.pos', 'joint_6.pos', 'gripper.pos']}, 'complementary_info.is_intervention': {'dtype': 'float32', 'shape': (1,), 'names': ['is_intervention']}, 'complementary_info.state': {'dtype': 'float32', 'shape': (1,), 'names': ['state']}, 'complementary_info.collector_policy_id': {'dtype': 'string', 'shape': (1,), 'names': ['collector_policy_id']}}
INFO 2026-05-27 16:28:05.592 a_opencv.py:179 OpenCVCamera(4) connected.
INFO 2026-05-27 16:28:06.808 a_opencv.py:179 OpenCVCamera(10) connected.
INFO 2026-05-27 16:28:06.808 follower.py:139 my_piper_follower PiperFollower connected.
INFO 2026-05-27 16:28:07.630 r_leader.py:130 my_piper_leader PiperLeader connected.
INFO 2026-05-27 16:28:07.630 t_record.py:446 robot and teleop all conected
INFO 2026-05-27 16:28:07.631 ls/utils.py:227 Recording episode 0
WARNING 2026-05-27 16:28:08.267 t_record.py:512 Episode 0 has no explicit success/failure label, defaulting to 'success'.
INFO 2026-05-27 16:28:08.267 ls/utils.py:227 Reset the environment
INFO 2026-05-27 16:28:12.882 ls/utils.py:227 Re-record episode
INFO 2026-05-27 16:28:12.882 ls/utils.py:227 Recording episode 0
WARNING 2026-05-27 16:28:16.891 t_record.py:512 Episode 0 has no explicit success/failure label, defaulting to 'success'.
INFO 2026-05-27 16:28:16.891 ls/utils.py:227 Reset the environment
INFO 2026-05-27 16:28:24.891 ls/utils.py:227 Recording episode 1
WARNING 2026-05-27 16:28:29.368 t_record.py:512 Episode 1 has no explicit success/failure label, defaulting to 'success'.
INFO 2026-05-27 16:28:29.368 ls/utils.py:227 Reset the environment
INFO 2026-05-27 16:28:36.696 ls/utils.py:227 Recording episode 2
WARNING 2026-05-27 16:28:38.066 t_record.py:512 Episode 2 has no explicit success/failure label, defaulting to 'success'.
INFO 2026-05-27 16:28:38.066 ls/utils.py:227 Reset the environment
INFO 2026-05-27 16:28:39.371 ls/utils.py:227 Re-record episode
INFO 2026-05-27 16:28:39.372 ls/utils.py:227 Recording episode 2
WARNING 2026-05-27 16:28:42.948 t_record.py:512 Episode 2 has no explicit success/failure label, defaulting to 'success'.
INFO 2026-05-27 16:28:42.948 ls/utils.py:227 Reset the environment
INFO 2026-05-27 16:28:57.801 ls/utils.py:227 Recording episode 3
WARNING 2026-05-27 16:29:02.179 t_record.py:512 Episode 3 has no explicit success/failure label, defaulting to 'success'.
INFO 2026-05-27 16:29:02.179 ls/utils.py:227 Reset the environment
INFO 2026-05-27 16:29:11.661 ls/utils.py:227 Recording episode 4
WARNING 2026-05-27 16:29:15.504 t_record.py:512 Episode 4 has no explicit success/failure label, defaulting to 'success'.
INFO 2026-05-27 16:29:15.504 ls/utils.py:227 Reset the environment
INFO 2026-05-27 16:29:22.806 ls/utils.py:227 Recording episode 5
WARNING 2026-05-27 16:29:26.415 t_record.py:512 Episode 5 has no explicit success/failure label, defaulting to 'success'.
INFO 2026-05-27 16:29:26.415 ls/utils.py:227 Reset the environment
INFO 2026-05-27 16:29:34.461 ls/utils.py:227 Recording episode 6
WARNING 2026-05-27 16:29:37.903 t_record.py:512 Episode 6 has no explicit success/failure label, defaulting to 'success'.
INFO 2026-05-27 16:29:37.903 ls/utils.py:227 Reset the environment
INFO 2026-05-27 16:29:48.108 ls/utils.py:227 Recording episode 7
WARNING 2026-05-27 16:29:50.881 t_record.py:512 Episode 7 has no explicit success/failure label, defaulting to 'success'.
INFO 2026-05-27 16:29:50.881 ls/utils.py:227 Reset the environment
INFO 2026-05-27 16:29:56.979 ls/utils.py:227 Recording episode 8
WARNING 2026-05-27 16:30:00.687 t_record.py:512 Episode 8 has no explicit success/failure label, defaulting to 'success'.
INFO 2026-05-27 16:30:00.687 ls/utils.py:227 Reset the environment
INFO 2026-05-27 16:30:09.506 ls/utils.py:227 Recording episode 9
WARNING 2026-05-27 16:30:13.215 t_record.py:512 Episode 9 has no explicit success/failure label, defaulting to 'success'.
INFO 2026-05-27 16:30:13.215 ls/utils.py:227 Reset the environment
INFO 2026-05-27 16:30:23.991 ls/utils.py:227 Recording episode 10
WARNING 2026-05-27 16:30:27.934 t_record.py:512 Episode 10 has no explicit success/failure label, defaulting to 'success'.
INFO 2026-05-27 16:30:27.934 ls/utils.py:227 Reset the environment
INFO 2026-05-27 16:30:49.042 ls/utils.py:227 Recording episode 11
WARNING 2026-05-27 16:30:52.751 t_record.py:512 Episode 11 has no explicit success/failure label, defaulting to 'success'.
INFO 2026-05-27 16:30:52.751 ls/utils.py:227 Reset the environment
INFO 2026-05-27 16:31:00.555 ls/utils.py:227 Recording episode 12
WARNING 2026-05-27 16:31:04.632 t_record.py:512 Episode 12 has no explicit success/failure label, defaulting to 'success'.
INFO 2026-05-27 16:31:04.632 ls/utils.py:227 Reset the environment
INFO 2026-05-27 16:31:11.461 ls/utils.py:227 Recording episode 13
WARNING 2026-05-27 16:31:15.370 t_record.py:512 Episode 13 has no explicit success/failure label, defaulting to 'success'.
INFO 2026-05-27 16:31:15.370 ls/utils.py:227 Reset the environment
INFO 2026-05-27 16:31:23.068 ls/utils.py:227 Recording episode 14
WARNING 2026-05-27 16:31:27.044 t_record.py:512 Episode 14 has no explicit success/failure label, defaulting to 'success'.
INFO 2026-05-27 16:31:27.044 ls/utils.py:227 Reset the environment
INFO 2026-05-27 16:31:37.431 ls/utils.py:227 Recording episode 15
WARNING 2026-05-27 16:31:41.174 t_record.py:512 Episode 15 has no explicit success/failure label, defaulting to 'success'.
INFO 2026-05-27 16:31:41.174 ls/utils.py:227 Reset the environment
INFO 2026-05-27 16:31:51.152 ls/utils.py:227 Recording episode 16
WARNING 2026-05-27 16:31:54.795 t_record.py:512 Episode 16 has no explicit success/failure label, defaulting to 'success'.
INFO 2026-05-27 16:31:54.795 ls/utils.py:227 Reset the environment
INFO 2026-05-27 16:33:07.216 ls/utils.py:227 Recording episode 17
WARNING 2026-05-27 16:33:11.092 t_record.py:512 Episode 17 has no explicit success/failure label, defaulting to 'success'.
INFO 2026-05-27 16:33:11.092 ls/utils.py:227 Reset the environment
INFO 2026-05-27 16:33:20.841 ls/utils.py:227 Recording episode 18
WARNING 2026-05-27 16:33:23.915 t_record.py:512 Episode 18 has no explicit success/failure label, defaulting to 'success'.
INFO 2026-05-27 16:33:23.916 ls/utils.py:227 Reset the environment
INFO 2026-05-27 16:33:32.359 ls/utils.py:227 Recording episode 19
WARNING 2026-05-27 16:33:34.898 t_record.py:512 Episode 19 has no explicit success/failure label, defaulting to 'success'.
INFO 2026-05-27 16:33:34.898 ls/utils.py:227 Reset the environment
INFO 2026-05-27 16:33:39.438 ls/utils.py:227 Stop recording
INFO 2026-05-27 16:33:40.685 t_record.py:570 To inspect the recorded dataset, run:
  lerobot-dataset-report --dataset local_data
INFO 2026-05-27 16:33:40.709 a_opencv.py:592 OpenCVCamera(4) disconnected.
INFO 2026-05-27 16:33:40.729 a_opencv.py:592 OpenCVCamera(10) disconnected.
INFO 2026-05-27 16:33:40.729 follower.py:339 my_piper_follower PiperFollower disconnected.
INFO 2026-05-27 16:33:40.734 r_leader.py:468 my_piper_leader PiperLeader disconnected.
INFO 2026-05-27 16:33:40.735 ls/utils.py:227 Exiting
INFO 2026-05-28 13:55:19.507 t_record.py:325 Human-in-loop recording is enabled. Press 'i' to toggle takeover. Press 's' to mark success and end, 'f' to mark failure and end. Recorded `action` is the executed action. Policy output (when policy is enabled) is stored in `complementary_info.policy_action`. Collector source is stored in `complementary_info.collector_policy_id`. ACP inference: enable=False use_cfg=False cfg_beta=1.000.
INFO 2026-05-28 13:55:19.508 t_record.py:343 {'acp_inference': {'cfg_beta': 1.0, 'enable': False, 'use_cfg': False},
 'collector_policy_id_human': 'human',
 'collector_policy_id_policy': 'human',
 'communication_retry_interval_s': 0.1,
 'communication_retry_timeout_s': 2.0,
 'dataset': {'episode_time_s': 120,
             'fps': 30,
             'num_episodes': 50,
             'num_image_writer_processes': 0,
             'num_image_writer_threads_per_camera': 4,
             'private': False,
             'push_to_hub': False,
             'rename_map': {},
             'repo_id': 'local_data',
             'reset_time_s': 1,
             'root': '/home/ghr/VLA/package_data/single/evo-rl/mutipackage_subtask3_3',
             'single_task': 'Grab the package and place it into the box.',
             'tags': None,
             'vcodec': 'libsvtav1',
             'video': True,
             'video_encoding_batch_size': 1},
 'default_episode_success': 'failure',
 'display_compressed_images': False,
 'display_data': True,
 'display_ip': None,
 'display_port': None,
 'enable_collector_policy_id': True,
 'enable_episode_outcome_labeling': True,
 'episode_failure_key': 'f',
 'episode_success_key': 's',
 'intervention_state_machine_enabled': False,
 'intervention_toggle_key': 'i',
 'play_sounds': True,
 'policy': None,
 'policy_sync_parallel': True,
 'policy_sync_to_teleop': False,
 'require_episode_success_label': False,
 'resume': False,
 'robot': {'calibration_dir': None,
           'calibration_scale': 1000,
           'cameras': {'top': {'backend': <Cv2Backends.ANY: 0>,
                               'color_mode': <ColorMode.RGB: 'rgb'>,
                               'fourcc': None,
                               'fps': 30,
                               'height': 480,
                               'index_or_path': 4,
                               'rotation': <Cv2Rotation.NO_ROTATION: 0>,
                               'warmup_s': 1,
                               'width': 640},
                       'wrist': {'backend': <Cv2Backends.ANY: 0>,
                                 'color_mode': <ColorMode.RGB: 'rgb'>,
                                 'fourcc': None,
                                 'fps': 30,
                                 'height': 480,
                                 'index_or_path': 10,
                                 'rotation': <Cv2Rotation.NO_ROTATION: 0>,
                                 'warmup_s': 1,
                                 'width': 640}},
           'can_auto_init': True,
           'disable_on_disconnect': False,
           'enable_on_connect': True,
           'enable_timeout_s': 3.0,
           'gripper_effort_default': 1000,
           'gripper_status_code': 1,
           'high_follow': True,
           'id': 'my_piper_follower',
           'judge_flag': False,
           'log_level': 'WARNING',
           'mode_refresh_interval_s': 1.0,
           'port': 'can1',
           'require_calibration': True,
           'speed_ratio': 50,
           'startup_sleep_s': 0.1,
           'sync_gripper': True},
 'teleop': {'calibration_dir': None,
            'calibration_scale': 1000,
            'can_auto_init': True,
            'command_high_follow': True,
            'command_speed_ratio': 50,
            'disable_on_disconnect': False,
            'enable_timeout_s': 3.0,
            'fallback_to_feedback': True,
            'gravity_comp_base_rpy_deg': (0.0, 0.0, 0.0),
            'gravity_comp_control_hz': 200.0,
            'gravity_comp_mit_kd': 0.0,
            'gravity_comp_mit_kp': 0.0,
            'gravity_comp_torque_limit': 8.0,
            'gravity_comp_tx_ratio': (0.2, 0.2, 0.2, 0.2, 0.2, 0.2),
            'gripper_effort_default': 1000,
            'gripper_status_code': 1,
            'id': 'my_piper_leader',
            'judge_flag': False,
            'log_level': 'WARNING',
            'manual_control': True,
            'mode_refresh_interval_s': 1.0,
            'port': 'can0',
            'prefer_ctrl_messages': True,
            'require_calibration': True,
            'startup_sleep_s': 0.1,
            'sync_gripper': True}}
INFO 2026-05-28 13:55:19.776 t_record.py:371 dataset_features: {'action': {'dtype': 'float32', 'names': ['joint_1.pos', 'joint_2.pos', 'joint_3.pos', 'joint_4.pos', 'joint_5.pos', 'joint_6.pos', 'gripper.pos'], 'shape': (7,)}, 'observation.state': {'dtype': 'float32', 'names': ['joint_1.pos', 'joint_2.pos', 'joint_3.pos', 'joint_4.pos', 'joint_5.pos', 'joint_6.pos', 'gripper.pos'], 'shape': (7,)}, 'observation.images.wrist': {'dtype': 'video', 'shape': (480, 640, 3), 'names': ['height', 'width', 'channels']}, 'observation.images.top': {'dtype': 'video', 'shape': (480, 640, 3), 'names': ['height', 'width', 'channels']}}
INFO 2026-05-28 13:55:19.776 t_record.py:382 dataset_features: {'action': {'dtype': 'float32', 'names': ['joint_1.pos', 'joint_2.pos', 'joint_3.pos', 'joint_4.pos', 'joint_5.pos', 'joint_6.pos', 'gripper.pos'], 'shape': (7,)}, 'observation.state': {'dtype': 'float32', 'names': ['joint_1.pos', 'joint_2.pos', 'joint_3.pos', 'joint_4.pos', 'joint_5.pos', 'joint_6.pos', 'gripper.pos'], 'shape': (7,)}, 'observation.images.wrist': {'dtype': 'video', 'shape': (480, 640, 3), 'names': ['height', 'width', 'channels']}, 'observation.images.top': {'dtype': 'video', 'shape': (480, 640, 3), 'names': ['height', 'width', 'channels']}, 'complementary_info.policy_action': {'dtype': 'float32', 'shape': (7,), 'names': ['joint_1.pos', 'joint_2.pos', 'joint_3.pos', 'joint_4.pos', 'joint_5.pos', 'joint_6.pos', 'gripper.pos']}, 'complementary_info.is_intervention': {'dtype': 'float32', 'shape': (1,), 'names': ['is_intervention']}, 'complementary_info.state': {'dtype': 'float32', 'shape': (1,), 'names': ['state']}, 'complementary_info.collector_policy_id': {'dtype': 'string', 'shape': (1,), 'names': ['collector_policy_id']}}
INFO 2026-05-28 13:55:21.334 a_opencv.py:179 OpenCVCamera(10) connected.
INFO 2026-05-28 13:55:22.549 a_opencv.py:179 OpenCVCamera(4) connected.
INFO 2026-05-28 13:55:22.549 follower.py:139 my_piper_follower PiperFollower connected.
INFO 2026-05-28 13:55:23.799 r_leader.py:130 my_piper_leader PiperLeader connected.
INFO 2026-05-28 13:55:23.801 t_record.py:446 robot and teleop all conected
INFO 2026-05-28 13:55:23.803 ls/utils.py:227 Recording episode 0
WARNING 2026-05-28 13:55:27.313 t_record.py:512 Episode 0 has no explicit success/failure label, defaulting to 'success'.
INFO 2026-05-28 13:55:27.314 ls/utils.py:227 Reset the environment
INFO 2026-05-28 13:56:21.198 ls/utils.py:227 Stop recording
INFO 2026-05-28 13:56:22.647 a_opencv.py:592 OpenCVCamera(10) disconnected.
INFO 2026-05-28 13:56:22.659 a_opencv.py:592 OpenCVCamera(4) disconnected.
INFO 2026-05-28 13:56:22.659 follower.py:339 my_piper_follower PiperFollower disconnected.
INFO 2026-05-28 13:56:22.659 r_leader.py:468 my_piper_leader PiperLeader disconnected.
INFO 2026-05-28 13:56:22.659 ls/utils.py:227 Exiting
INFO 2026-05-28 13:58:39.066 t_record.py:325 Human-in-loop recording is enabled. Press 'i' to toggle takeover. Press 's' to mark success and end, 'f' to mark failure and end. Recorded `action` is the executed action. Policy output (when policy is enabled) is stored in `complementary_info.policy_action`. Collector source is stored in `complementary_info.collector_policy_id`. ACP inference: enable=False use_cfg=False cfg_beta=1.000.
INFO 2026-05-28 13:58:39.067 t_record.py:343 {'acp_inference': {'cfg_beta': 1.0, 'enable': False, 'use_cfg': False},
 'collector_policy_id_human': 'human',
 'collector_policy_id_policy': 'human',
 'communication_retry_interval_s': 0.1,
 'communication_retry_timeout_s': 2.0,
 'dataset': {'episode_time_s': 120,
             'fps': 30,
             'num_episodes': 50,
             'num_image_writer_processes': 0,
             'num_image_writer_threads_per_camera': 4,
             'private': False,
             'push_to_hub': False,
             'rename_map': {},
             'repo_id': 'local_data',
             'reset_time_s': 1,
             'root': '/home/ghr/VLA/package_data/single/qwen3_subtask_multipackage/subtask3_4',
             'single_task': 'Grab the package and place it into the box.',
             'tags': None,
             'vcodec': 'libsvtav1',
             'video': True,
             'video_encoding_batch_size': 1},
 'default_episode_success': 'failure',
 'display_compressed_images': False,
 'display_data': True,
 'display_ip': None,
 'display_port': None,
 'enable_collector_policy_id': True,
 'enable_episode_outcome_labeling': True,
 'episode_failure_key': 'f',
 'episode_success_key': 's',
 'intervention_state_machine_enabled': False,
 'intervention_toggle_key': 'i',
 'play_sounds': True,
 'policy': None,
 'policy_sync_parallel': True,
 'policy_sync_to_teleop': False,
 'require_episode_success_label': False,
 'resume': False,
 'robot': {'calibration_dir': None,
           'calibration_scale': 1000,
           'cameras': {'top': {'backend': <Cv2Backends.ANY: 0>,
                               'color_mode': <ColorMode.RGB: 'rgb'>,
                               'fourcc': None,
                               'fps': 30,
                               'height': 480,
                               'index_or_path': 4,
                               'rotation': <Cv2Rotation.NO_ROTATION: 0>,
                               'warmup_s': 1,
                               'width': 640},
                       'wrist': {'backend': <Cv2Backends.ANY: 0>,
                                 'color_mode': <ColorMode.RGB: 'rgb'>,
                                 'fourcc': None,
                                 'fps': 30,
                                 'height': 480,
                                 'index_or_path': 10,
                                 'rotation': <Cv2Rotation.NO_ROTATION: 0>,
                                 'warmup_s': 1,
                                 'width': 640}},
           'can_auto_init': True,
           'disable_on_disconnect': False,
           'enable_on_connect': True,
           'enable_timeout_s': 3.0,
           'gripper_effort_default': 1000,
           'gripper_status_code': 1,
           'high_follow': True,
           'id': 'my_piper_follower',
           'judge_flag': False,
           'log_level': 'WARNING',
           'mode_refresh_interval_s': 1.0,
           'port': 'can1',
           'require_calibration': True,
           'speed_ratio': 50,
           'startup_sleep_s': 0.1,
           'sync_gripper': True},
 'teleop': {'calibration_dir': None,
            'calibration_scale': 1000,
            'can_auto_init': True,
            'command_high_follow': True,
            'command_speed_ratio': 50,
            'disable_on_disconnect': False,
            'enable_timeout_s': 3.0,
            'fallback_to_feedback': True,
            'gravity_comp_base_rpy_deg': (0.0, 0.0, 0.0),
            'gravity_comp_control_hz': 200.0,
            'gravity_comp_mit_kd': 0.0,
            'gravity_comp_mit_kp': 0.0,
            'gravity_comp_torque_limit': 8.0,
            'gravity_comp_tx_ratio': (0.2, 0.2, 0.2, 0.2, 0.2, 0.2),
            'gripper_effort_default': 1000,
            'gripper_status_code': 1,
            'id': 'my_piper_leader',
            'judge_flag': False,
            'log_level': 'WARNING',
            'manual_control': True,
            'mode_refresh_interval_s': 1.0,
            'port': 'can0',
            'prefer_ctrl_messages': True,
            'require_calibration': True,
            'startup_sleep_s': 0.1,
            'sync_gripper': True}}
INFO 2026-05-28 13:58:39.078 t_record.py:371 dataset_features: {'action': {'dtype': 'float32', 'names': ['joint_1.pos', 'joint_2.pos', 'joint_3.pos', 'joint_4.pos', 'joint_5.pos', 'joint_6.pos', 'gripper.pos'], 'shape': (7,)}, 'observation.state': {'dtype': 'float32', 'names': ['joint_1.pos', 'joint_2.pos', 'joint_3.pos', 'joint_4.pos', 'joint_5.pos', 'joint_6.pos', 'gripper.pos'], 'shape': (7,)}, 'observation.images.wrist': {'dtype': 'video', 'shape': (480, 640, 3), 'names': ['height', 'width', 'channels']}, 'observation.images.top': {'dtype': 'video', 'shape': (480, 640, 3), 'names': ['height', 'width', 'channels']}}
INFO 2026-05-28 13:58:39.078 t_record.py:382 dataset_features: {'action': {'dtype': 'float32', 'names': ['joint_1.pos', 'joint_2.pos', 'joint_3.pos', 'joint_4.pos', 'joint_5.pos', 'joint_6.pos', 'gripper.pos'], 'shape': (7,)}, 'observation.state': {'dtype': 'float32', 'names': ['joint_1.pos', 'joint_2.pos', 'joint_3.pos', 'joint_4.pos', 'joint_5.pos', 'joint_6.pos', 'gripper.pos'], 'shape': (7,)}, 'observation.images.wrist': {'dtype': 'video', 'shape': (480, 640, 3), 'names': ['height', 'width', 'channels']}, 'observation.images.top': {'dtype': 'video', 'shape': (480, 640, 3), 'names': ['height', 'width', 'channels']}, 'complementary_info.policy_action': {'dtype': 'float32', 'shape': (7,), 'names': ['joint_1.pos', 'joint_2.pos', 'joint_3.pos', 'joint_4.pos', 'joint_5.pos', 'joint_6.pos', 'gripper.pos']}, 'complementary_info.is_intervention': {'dtype': 'float32', 'shape': (1,), 'names': ['is_intervention']}, 'complementary_info.state': {'dtype': 'float32', 'shape': (1,), 'names': ['state']}, 'complementary_info.collector_policy_id': {'dtype': 'string', 'shape': (1,), 'names': ['collector_policy_id']}}
INFO 2026-05-28 13:58:40.419 a_opencv.py:179 OpenCVCamera(10) connected.
INFO 2026-05-28 13:58:41.649 a_opencv.py:179 OpenCVCamera(4) connected.
INFO 2026-05-28 13:58:41.649 follower.py:139 my_piper_follower PiperFollower connected.
INFO 2026-05-28 13:58:42.470 r_leader.py:130 my_piper_leader PiperLeader connected.
INFO 2026-05-28 13:58:42.470 t_record.py:446 robot and teleop all conected
INFO 2026-05-28 13:58:42.471 ls/utils.py:227 Recording episode 0
WARNING 2026-05-28 13:58:44.076 t_record.py:512 Episode 0 has no explicit success/failure label, defaulting to 'success'.
INFO 2026-05-28 13:58:44.076 ls/utils.py:227 Reset the environment
INFO 2026-05-28 13:58:55.134 ls/utils.py:227 Re-record episode
INFO 2026-05-28 13:58:55.135 ls/utils.py:227 Recording episode 0
WARNING 2026-05-28 13:58:58.576 t_record.py:512 Episode 0 has no explicit success/failure label, defaulting to 'success'.
INFO 2026-05-28 13:58:58.576 ls/utils.py:227 Reset the environment
INFO 2026-05-28 13:59:12.969 ls/utils.py:227 Stop recording
INFO 2026-05-28 13:59:14.426 a_opencv.py:592 OpenCVCamera(10) disconnected.
INFO 2026-05-28 13:59:14.439 a_opencv.py:592 OpenCVCamera(4) disconnected.
INFO 2026-05-28 13:59:14.439 follower.py:339 my_piper_follower PiperFollower disconnected.
INFO 2026-05-28 13:59:14.440 r_leader.py:468 my_piper_leader PiperLeader disconnected.
INFO 2026-05-28 13:59:14.440 ls/utils.py:227 Exiting
INFO 2026-05-28 13:59:49.694 t_record.py:325 Human-in-loop recording is enabled. Press 'i' to toggle takeover. Press 's' to mark success and end, 'f' to mark failure and end. Recorded `action` is the executed action. Policy output (when policy is enabled) is stored in `complementary_info.policy_action`. Collector source is stored in `complementary_info.collector_policy_id`. ACP inference: enable=False use_cfg=False cfg_beta=1.000.
INFO 2026-05-28 13:59:49.695 t_record.py:343 {'acp_inference': {'cfg_beta': 1.0, 'enable': False, 'use_cfg': False},
 'collector_policy_id_human': 'human',
 'collector_policy_id_policy': 'human',
 'communication_retry_interval_s': 0.1,
 'communication_retry_timeout_s': 2.0,
 'dataset': {'episode_time_s': 120,
             'fps': 30,
             'num_episodes': 50,
             'num_image_writer_processes': 0,
             'num_image_writer_threads_per_camera': 4,
             'private': False,
             'push_to_hub': False,
             'rename_map': {},
             'repo_id': 'local_data',
             'reset_time_s': 1,
             'root': '/home/ghr/VLA/package_data/single/qwen3_subtask_multipackage/subtask3_4',
             'single_task': 'Grab the package and place it into the box.',
             'tags': None,
             'vcodec': 'libsvtav1',
             'video': True,
             'video_encoding_batch_size': 1},
 'default_episode_success': 'failure',
 'display_compressed_images': False,
 'display_data': True,
 'display_ip': None,
 'display_port': None,
 'enable_collector_policy_id': True,
 'enable_episode_outcome_labeling': True,
 'episode_failure_key': 'f',
 'episode_success_key': 's',
 'intervention_state_machine_enabled': False,
 'intervention_toggle_key': 'i',
 'play_sounds': True,
 'policy': None,
 'policy_sync_parallel': True,
 'policy_sync_to_teleop': False,
 'require_episode_success_label': False,
 'resume': False,
 'robot': {'calibration_dir': None,
           'calibration_scale': 1000,
           'cameras': {'top': {'backend': <Cv2Backends.ANY: 0>,
                               'color_mode': <ColorMode.RGB: 'rgb'>,
                               'fourcc': None,
                               'fps': 30,
                               'height': 480,
                               'index_or_path': 4,
                               'rotation': <Cv2Rotation.NO_ROTATION: 0>,
                               'warmup_s': 1,
                               'width': 640},
                       'wrist': {'backend': <Cv2Backends.ANY: 0>,
                                 'color_mode': <ColorMode.RGB: 'rgb'>,
                                 'fourcc': None,
                                 'fps': 30,
                                 'height': 480,
                                 'index_or_path': 10,
                                 'rotation': <Cv2Rotation.NO_ROTATION: 0>,
                                 'warmup_s': 1,
                                 'width': 640}},
           'can_auto_init': True,
           'disable_on_disconnect': False,
           'enable_on_connect': True,
           'enable_timeout_s': 3.0,
           'gripper_effort_default': 1000,
           'gripper_status_code': 1,
           'high_follow': True,
           'id': 'my_piper_follower',
           'judge_flag': False,
           'log_level': 'WARNING',
           'mode_refresh_interval_s': 1.0,
           'port': 'can1',
           'require_calibration': True,
           'speed_ratio': 50,
           'startup_sleep_s': 0.1,
           'sync_gripper': True},
 'teleop': {'calibration_dir': None,
            'calibration_scale': 1000,
            'can_auto_init': True,
            'command_high_follow': True,
            'command_speed_ratio': 50,
            'disable_on_disconnect': False,
            'enable_timeout_s': 3.0,
            'fallback_to_feedback': True,
            'gravity_comp_base_rpy_deg': (0.0, 0.0, 0.0),
            'gravity_comp_control_hz': 200.0,
            'gravity_comp_mit_kd': 0.0,
            'gravity_comp_mit_kp': 0.0,
            'gravity_comp_torque_limit': 8.0,
            'gravity_comp_tx_ratio': (0.2, 0.2, 0.2, 0.2, 0.2, 0.2),
            'gripper_effort_default': 1000,
            'gripper_status_code': 1,
            'id': 'my_piper_leader',
            'judge_flag': False,
            'log_level': 'WARNING',
            'manual_control': True,
            'mode_refresh_interval_s': 1.0,
            'port': 'can0',
            'prefer_ctrl_messages': True,
            'require_calibration': True,
            'startup_sleep_s': 0.1,
            'sync_gripper': True}}
INFO 2026-05-28 13:59:49.706 t_record.py:371 dataset_features: {'action': {'dtype': 'float32', 'names': ['joint_1.pos', 'joint_2.pos', 'joint_3.pos', 'joint_4.pos', 'joint_5.pos', 'joint_6.pos', 'gripper.pos'], 'shape': (7,)}, 'observation.state': {'dtype': 'float32', 'names': ['joint_1.pos', 'joint_2.pos', 'joint_3.pos', 'joint_4.pos', 'joint_5.pos', 'joint_6.pos', 'gripper.pos'], 'shape': (7,)}, 'observation.images.wrist': {'dtype': 'video', 'shape': (480, 640, 3), 'names': ['height', 'width', 'channels']}, 'observation.images.top': {'dtype': 'video', 'shape': (480, 640, 3), 'names': ['height', 'width', 'channels']}}
INFO 2026-05-28 13:59:49.706 t_record.py:382 dataset_features: {'action': {'dtype': 'float32', 'names': ['joint_1.pos', 'joint_2.pos', 'joint_3.pos', 'joint_4.pos', 'joint_5.pos', 'joint_6.pos', 'gripper.pos'], 'shape': (7,)}, 'observation.state': {'dtype': 'float32', 'names': ['joint_1.pos', 'joint_2.pos', 'joint_3.pos', 'joint_4.pos', 'joint_5.pos', 'joint_6.pos', 'gripper.pos'], 'shape': (7,)}, 'observation.images.wrist': {'dtype': 'video', 'shape': (480, 640, 3), 'names': ['height', 'width', 'channels']}, 'observation.images.top': {'dtype': 'video', 'shape': (480, 640, 3), 'names': ['height', 'width', 'channels']}, 'complementary_info.policy_action': {'dtype': 'float32', 'shape': (7,), 'names': ['joint_1.pos', 'joint_2.pos', 'joint_3.pos', 'joint_4.pos', 'joint_5.pos', 'joint_6.pos', 'gripper.pos']}, 'complementary_info.is_intervention': {'dtype': 'float32', 'shape': (1,), 'names': ['is_intervention']}, 'complementary_info.state': {'dtype': 'float32', 'shape': (1,), 'names': ['state']}, 'complementary_info.collector_policy_id': {'dtype': 'string', 'shape': (1,), 'names': ['collector_policy_id']}}
INFO 2026-05-28 13:59:51.053 a_opencv.py:179 OpenCVCamera(10) connected.
INFO 2026-05-28 13:59:52.267 a_opencv.py:179 OpenCVCamera(4) connected.
INFO 2026-05-28 13:59:52.267 follower.py:139 my_piper_follower PiperFollower connected.
INFO 2026-05-28 13:59:53.084 r_leader.py:130 my_piper_leader PiperLeader connected.
INFO 2026-05-28 13:59:53.084 t_record.py:446 robot and teleop all conected
INFO 2026-05-28 13:59:53.086 ls/utils.py:227 Recording episode 0
WARNING 2026-05-28 13:59:54.591 t_record.py:512 Episode 0 has no explicit success/failure label, defaulting to 'success'.
INFO 2026-05-28 13:59:54.591 ls/utils.py:227 Reset the environment
INFO 2026-05-28 14:00:02.892 ls/utils.py:227 Stop recording
INFO 2026-05-28 14:00:04.163 a_opencv.py:592 OpenCVCamera(10) disconnected.
INFO 2026-05-28 14:00:04.175 a_opencv.py:592 OpenCVCamera(4) disconnected.
INFO 2026-05-28 14:00:04.175 follower.py:339 my_piper_follower PiperFollower disconnected.
INFO 2026-05-28 14:00:04.176 r_leader.py:468 my_piper_leader PiperLeader disconnected.
INFO 2026-05-28 14:00:04.176 ls/utils.py:227 Exiting
INFO 2026-05-28 14:00:53.289 t_record.py:325 Human-in-loop recording is enabled. Press 'i' to toggle takeover. Press 's' to mark success and end, 'f' to mark failure and end. Recorded `action` is the executed action. Policy output (when policy is enabled) is stored in `complementary_info.policy_action`. Collector source is stored in `complementary_info.collector_policy_id`. ACP inference: enable=False use_cfg=False cfg_beta=1.000.
INFO 2026-05-28 14:00:53.289 t_record.py:343 {'acp_inference': {'cfg_beta': 1.0, 'enable': False, 'use_cfg': False},
 'collector_policy_id_human': 'human',
 'collector_policy_id_policy': 'human',
 'communication_retry_interval_s': 0.1,
 'communication_retry_timeout_s': 2.0,
 'dataset': {'episode_time_s': 120,
             'fps': 30,
             'num_episodes': 50,
             'num_image_writer_processes': 0,
             'num_image_writer_threads_per_camera': 4,
             'private': False,
             'push_to_hub': False,
             'rename_map': {},
             'repo_id': 'local_data',
             'reset_time_s': 1,
             'root': '/home/ghr/VLA/package_data/single/qwen3_subtask_multipackage/subtask3_4',
             'single_task': 'Grab the package and place it into the box.',
             'tags': None,
             'vcodec': 'libsvtav1',
             'video': True,
             'video_encoding_batch_size': 1},
 'default_episode_success': 'failure',
 'display_compressed_images': False,
 'display_data': True,
 'display_ip': None,
 'display_port': None,
 'enable_collector_policy_id': True,
 'enable_episode_outcome_labeling': True,
 'episode_failure_key': 'f',
 'episode_success_key': 's',
 'intervention_state_machine_enabled': False,
 'intervention_toggle_key': 'i',
 'play_sounds': True,
 'policy': None,
 'policy_sync_parallel': True,
 'policy_sync_to_teleop': False,
 'require_episode_success_label': False,
 'resume': False,
 'robot': {'calibration_dir': None,
           'calibration_scale': 1000,
           'cameras': {'top': {'backend': <Cv2Backends.ANY: 0>,
                               'color_mode': <ColorMode.RGB: 'rgb'>,
                               'fourcc': None,
                               'fps': 30,
                               'height': 480,
                               'index_or_path': 4,
                               'rotation': <Cv2Rotation.NO_ROTATION: 0>,
                               'warmup_s': 1,
                               'width': 640},
                       'wrist': {'backend': <Cv2Backends.ANY: 0>,
                                 'color_mode': <ColorMode.RGB: 'rgb'>,
                                 'fourcc': None,
                                 'fps': 30,
                                 'height': 480,
                                 'index_or_path': 10,
                                 'rotation': <Cv2Rotation.NO_ROTATION: 0>,
                                 'warmup_s': 1,
                                 'width': 640}},
           'can_auto_init': True,
           'disable_on_disconnect': False,
           'enable_on_connect': True,
           'enable_timeout_s': 3.0,
           'gripper_effort_default': 1000,
           'gripper_status_code': 1,
           'high_follow': True,
           'id': 'my_piper_follower',
           'judge_flag': False,
           'log_level': 'WARNING',
           'mode_refresh_interval_s': 1.0,
           'port': 'can1',
           'require_calibration': True,
           'speed_ratio': 50,
           'startup_sleep_s': 0.1,
           'sync_gripper': True},
 'teleop': {'calibration_dir': None,
            'calibration_scale': 1000,
            'can_auto_init': True,
            'command_high_follow': True,
            'command_speed_ratio': 50,
            'disable_on_disconnect': False,
            'enable_timeout_s': 3.0,
            'fallback_to_feedback': True,
            'gravity_comp_base_rpy_deg': (0.0, 0.0, 0.0),
            'gravity_comp_control_hz': 200.0,
            'gravity_comp_mit_kd': 0.0,
            'gravity_comp_mit_kp': 0.0,
            'gravity_comp_torque_limit': 8.0,
            'gravity_comp_tx_ratio': (0.2, 0.2, 0.2, 0.2, 0.2, 0.2),
            'gripper_effort_default': 1000,
            'gripper_status_code': 1,
            'id': 'my_piper_leader',
            'judge_flag': False,
            'log_level': 'WARNING',
            'manual_control': True,
            'mode_refresh_interval_s': 1.0,
            'port': 'can0',
            'prefer_ctrl_messages': True,
            'require_calibration': True,
            'startup_sleep_s': 0.1,
            'sync_gripper': True}}
INFO 2026-05-28 14:00:53.300 t_record.py:371 dataset_features: {'action': {'dtype': 'float32', 'names': ['joint_1.pos', 'joint_2.pos', 'joint_3.pos', 'joint_4.pos', 'joint_5.pos', 'joint_6.pos', 'gripper.pos'], 'shape': (7,)}, 'observation.state': {'dtype': 'float32', 'names': ['joint_1.pos', 'joint_2.pos', 'joint_3.pos', 'joint_4.pos', 'joint_5.pos', 'joint_6.pos', 'gripper.pos'], 'shape': (7,)}, 'observation.images.wrist': {'dtype': 'video', 'shape': (480, 640, 3), 'names': ['height', 'width', 'channels']}, 'observation.images.top': {'dtype': 'video', 'shape': (480, 640, 3), 'names': ['height', 'width', 'channels']}}
INFO 2026-05-28 14:00:53.300 t_record.py:382 dataset_features: {'action': {'dtype': 'float32', 'names': ['joint_1.pos', 'joint_2.pos', 'joint_3.pos', 'joint_4.pos', 'joint_5.pos', 'joint_6.pos', 'gripper.pos'], 'shape': (7,)}, 'observation.state': {'dtype': 'float32', 'names': ['joint_1.pos', 'joint_2.pos', 'joint_3.pos', 'joint_4.pos', 'joint_5.pos', 'joint_6.pos', 'gripper.pos'], 'shape': (7,)}, 'observation.images.wrist': {'dtype': 'video', 'shape': (480, 640, 3), 'names': ['height', 'width', 'channels']}, 'observation.images.top': {'dtype': 'video', 'shape': (480, 640, 3), 'names': ['height', 'width', 'channels']}, 'complementary_info.policy_action': {'dtype': 'float32', 'shape': (7,), 'names': ['joint_1.pos', 'joint_2.pos', 'joint_3.pos', 'joint_4.pos', 'joint_5.pos', 'joint_6.pos', 'gripper.pos']}, 'complementary_info.is_intervention': {'dtype': 'float32', 'shape': (1,), 'names': ['is_intervention']}, 'complementary_info.state': {'dtype': 'float32', 'shape': (1,), 'names': ['state']}, 'complementary_info.collector_policy_id': {'dtype': 'string', 'shape': (1,), 'names': ['collector_policy_id']}}
INFO 2026-05-28 14:00:53.300 ls/utils.py:227 Stop recording
INFO 2026-05-28 14:00:54.749 ls/utils.py:227 Exiting
INFO 2026-05-28 14:01:16.403 t_record.py:325 Human-in-loop recording is enabled. Press 'i' to toggle takeover. Press 's' to mark success and end, 'f' to mark failure and end. Recorded `action` is the executed action. Policy output (when policy is enabled) is stored in `complementary_info.policy_action`. Collector source is stored in `complementary_info.collector_policy_id`. ACP inference: enable=False use_cfg=False cfg_beta=1.000.
INFO 2026-05-28 14:01:16.403 t_record.py:343 {'acp_inference': {'cfg_beta': 1.0, 'enable': False, 'use_cfg': False},
 'collector_policy_id_human': 'human',
 'collector_policy_id_policy': 'human',
 'communication_retry_interval_s': 0.1,
 'communication_retry_timeout_s': 2.0,
 'dataset': {'episode_time_s': 120,
             'fps': 30,
             'num_episodes': 50,
             'num_image_writer_processes': 0,
             'num_image_writer_threads_per_camera': 4,
             'private': False,
             'push_to_hub': False,
             'rename_map': {},
             'repo_id': 'local_data',
             'reset_time_s': 1,
             'root': '/home/ghr/VLA/package_data/single/qwen3_subtask_multipackage/subtask3_4',
             'single_task': 'Grab the package and place it into the box.',
             'tags': None,
             'vcodec': 'libsvtav1',
             'video': True,
             'video_encoding_batch_size': 1},
 'default_episode_success': 'failure',
 'display_compressed_images': False,
 'display_data': True,
 'display_ip': None,
 'display_port': None,
 'enable_collector_policy_id': True,
 'enable_episode_outcome_labeling': True,
 'episode_failure_key': 'f',
 'episode_success_key': 's',
 'intervention_state_machine_enabled': False,
 'intervention_toggle_key': 'i',
 'play_sounds': True,
 'policy': None,
 'policy_sync_parallel': True,
 'policy_sync_to_teleop': False,
 'require_episode_success_label': False,
 'resume': False,
 'robot': {'calibration_dir': None,
           'calibration_scale': 1000,
           'cameras': {'top': {'backend': <Cv2Backends.ANY: 0>,
                               'color_mode': <ColorMode.RGB: 'rgb'>,
                               'fourcc': None,
                               'fps': 30,
                               'height': 480,
                               'index_or_path': 4,
                               'rotation': <Cv2Rotation.NO_ROTATION: 0>,
                               'warmup_s': 1,
                               'width': 640},
                       'wrist': {'backend': <Cv2Backends.ANY: 0>,
                                 'color_mode': <ColorMode.RGB: 'rgb'>,
                                 'fourcc': None,
                                 'fps': 30,
                                 'height': 480,
                                 'index_or_path': 10,
                                 'rotation': <Cv2Rotation.NO_ROTATION: 0>,
                                 'warmup_s': 1,
                                 'width': 640}},
           'can_auto_init': True,
           'disable_on_disconnect': False,
           'enable_on_connect': True,
           'enable_timeout_s': 3.0,
           'gripper_effort_default': 1000,
           'gripper_status_code': 1,
           'high_follow': True,
           'id': 'my_piper_follower',
           'judge_flag': False,
           'log_level': 'WARNING',
           'mode_refresh_interval_s': 1.0,
           'port': 'can1',
           'require_calibration': True,
           'speed_ratio': 50,
           'startup_sleep_s': 0.1,
           'sync_gripper': True},
 'teleop': {'calibration_dir': None,
            'calibration_scale': 1000,
            'can_auto_init': True,
            'command_high_follow': True,
            'command_speed_ratio': 50,
            'disable_on_disconnect': False,
            'enable_timeout_s': 3.0,
            'fallback_to_feedback': True,
            'gravity_comp_base_rpy_deg': (0.0, 0.0, 0.0),
            'gravity_comp_control_hz': 200.0,
            'gravity_comp_mit_kd': 0.0,
            'gravity_comp_mit_kp': 0.0,
            'gravity_comp_torque_limit': 8.0,
            'gravity_comp_tx_ratio': (0.2, 0.2, 0.2, 0.2, 0.2, 0.2),
            'gripper_effort_default': 1000,
            'gripper_status_code': 1,
            'id': 'my_piper_leader',
            'judge_flag': False,
            'log_level': 'WARNING',
            'manual_control': True,
            'mode_refresh_interval_s': 1.0,
            'port': 'can0',
            'prefer_ctrl_messages': True,
            'require_calibration': True,
            'startup_sleep_s': 0.1,
            'sync_gripper': True}}
INFO 2026-05-28 14:01:16.414 t_record.py:371 dataset_features: {'action': {'dtype': 'float32', 'names': ['joint_1.pos', 'joint_2.pos', 'joint_3.pos', 'joint_4.pos', 'joint_5.pos', 'joint_6.pos', 'gripper.pos'], 'shape': (7,)}, 'observation.state': {'dtype': 'float32', 'names': ['joint_1.pos', 'joint_2.pos', 'joint_3.pos', 'joint_4.pos', 'joint_5.pos', 'joint_6.pos', 'gripper.pos'], 'shape': (7,)}, 'observation.images.wrist': {'dtype': 'video', 'shape': (480, 640, 3), 'names': ['height', 'width', 'channels']}, 'observation.images.top': {'dtype': 'video', 'shape': (480, 640, 3), 'names': ['height', 'width', 'channels']}}
INFO 2026-05-28 14:01:16.414 t_record.py:382 dataset_features: {'action': {'dtype': 'float32', 'names': ['joint_1.pos', 'joint_2.pos', 'joint_3.pos', 'joint_4.pos', 'joint_5.pos', 'joint_6.pos', 'gripper.pos'], 'shape': (7,)}, 'observation.state': {'dtype': 'float32', 'names': ['joint_1.pos', 'joint_2.pos', 'joint_3.pos', 'joint_4.pos', 'joint_5.pos', 'joint_6.pos', 'gripper.pos'], 'shape': (7,)}, 'observation.images.wrist': {'dtype': 'video', 'shape': (480, 640, 3), 'names': ['height', 'width', 'channels']}, 'observation.images.top': {'dtype': 'video', 'shape': (480, 640, 3), 'names': ['height', 'width', 'channels']}, 'complementary_info.policy_action': {'dtype': 'float32', 'shape': (7,), 'names': ['joint_1.pos', 'joint_2.pos', 'joint_3.pos', 'joint_4.pos', 'joint_5.pos', 'joint_6.pos', 'gripper.pos']}, 'complementary_info.is_intervention': {'dtype': 'float32', 'shape': (1,), 'names': ['is_intervention']}, 'complementary_info.state': {'dtype': 'float32', 'shape': (1,), 'names': ['state']}, 'complementary_info.collector_policy_id': {'dtype': 'string', 'shape': (1,), 'names': ['collector_policy_id']}}
INFO 2026-05-28 14:01:17.955 a_opencv.py:179 OpenCVCamera(10) connected.
INFO 2026-05-28 14:01:19.167 a_opencv.py:179 OpenCVCamera(4) connected.
INFO 2026-05-28 14:01:19.167 follower.py:139 my_piper_follower PiperFollower connected.
INFO 2026-05-28 14:01:19.978 r_leader.py:130 my_piper_leader PiperLeader connected.
INFO 2026-05-28 14:01:19.979 t_record.py:446 robot and teleop all conected
INFO 2026-05-28 14:01:19.980 ls/utils.py:227 Recording episode 0
WARNING 2026-05-28 14:01:21.918 t_record.py:512 Episode 0 has no explicit success/failure label, defaulting to 'success'.
INFO 2026-05-28 14:01:21.918 ls/utils.py:227 Reset the environment
INFO 2026-05-28 14:01:37.168 ls/utils.py:227 Stop recording
INFO 2026-05-28 14:01:38.627 a_opencv.py:592 OpenCVCamera(10) disconnected.
INFO 2026-05-28 14:01:38.639 a_opencv.py:592 OpenCVCamera(4) disconnected.
INFO 2026-05-28 14:01:38.639 follower.py:339 my_piper_follower PiperFollower disconnected.
INFO 2026-05-28 14:01:38.643 r_leader.py:468 my_piper_leader PiperLeader disconnected.
INFO 2026-05-28 14:01:38.643 ls/utils.py:227 Exiting
INFO 2026-05-28 14:04:05.922 t_record.py:325 Human-in-loop recording is enabled. Press 'i' to toggle takeover. Press 's' to mark success and end, 'f' to mark failure and end. Recorded `action` is the executed action. Policy output (when policy is enabled) is stored in `complementary_info.policy_action`. Collector source is stored in `complementary_info.collector_policy_id`. ACP inference: enable=False use_cfg=False cfg_beta=1.000.
INFO 2026-05-28 14:04:05.922 t_record.py:343 {'acp_inference': {'cfg_beta': 1.0, 'enable': False, 'use_cfg': False},
 'collector_policy_id_human': 'human',
 'collector_policy_id_policy': 'human',
 'communication_retry_interval_s': 0.1,
 'communication_retry_timeout_s': 2.0,
 'dataset': {'episode_time_s': 120,
             'fps': 30,
             'num_episodes': 50,
             'num_image_writer_processes': 0,
             'num_image_writer_threads_per_camera': 4,
             'private': False,
             'push_to_hub': False,
             'rename_map': {},
             'repo_id': 'local_data',
             'reset_time_s': 1,
             'root': '/home/ghr/VLA/package_data/single/qwen3_subtask_multipackage/subtask3_4',
             'single_task': 'Grab the package and place it into the box.',
             'tags': None,
             'vcodec': 'libsvtav1',
             'video': True,
             'video_encoding_batch_size': 1},
 'default_episode_success': 'failure',
 'display_compressed_images': False,
 'display_data': True,
 'display_ip': None,
 'display_port': None,
 'enable_collector_policy_id': True,
 'enable_episode_outcome_labeling': True,
 'episode_failure_key': 'f',
 'episode_success_key': 's',
 'intervention_state_machine_enabled': False,
 'intervention_toggle_key': 'i',
 'play_sounds': True,
 'policy': None,
 'policy_sync_parallel': True,
 'policy_sync_to_teleop': False,
 'require_episode_success_label': False,
 'resume': False,
 'robot': {'calibration_dir': None,
           'calibration_scale': 1000,
           'cameras': {'top': {'backend': <Cv2Backends.ANY: 0>,
                               'color_mode': <ColorMode.RGB: 'rgb'>,
                               'fourcc': None,
                               'fps': 30,
                               'height': 480,
                               'index_or_path': 4,
                               'rotation': <Cv2Rotation.NO_ROTATION: 0>,
                               'warmup_s': 1,
                               'width': 640},
                       'wrist': {'backend': <Cv2Backends.ANY: 0>,
                                 'color_mode': <ColorMode.RGB: 'rgb'>,
                                 'fourcc': None,
                                 'fps': 30,
                                 'height': 480,
                                 'index_or_path': 10,
                                 'rotation': <Cv2Rotation.NO_ROTATION: 0>,
                                 'warmup_s': 1,
                                 'width': 640}},
           'can_auto_init': True,
           'disable_on_disconnect': False,
           'enable_on_connect': True,
           'enable_timeout_s': 3.0,
           'gripper_effort_default': 1000,
           'gripper_status_code': 1,
           'high_follow': True,
           'id': 'my_piper_follower',
           'judge_flag': False,
           'log_level': 'WARNING',
           'mode_refresh_interval_s': 1.0,
           'port': 'can1',
           'require_calibration': True,
           'speed_ratio': 50,
           'startup_sleep_s': 0.1,
           'sync_gripper': True},
 'teleop': {'calibration_dir': None,
            'calibration_scale': 1000,
            'can_auto_init': True,
            'command_high_follow': True,
            'command_speed_ratio': 50,
            'disable_on_disconnect': False,
            'enable_timeout_s': 3.0,
            'fallback_to_feedback': True,
            'gravity_comp_base_rpy_deg': (0.0, 0.0, 0.0),
            'gravity_comp_control_hz': 200.0,
            'gravity_comp_mit_kd': 0.0,
            'gravity_comp_mit_kp': 0.0,
            'gravity_comp_torque_limit': 8.0,
            'gravity_comp_tx_ratio': (0.2, 0.2, 0.2, 0.2, 0.2, 0.2),
            'gripper_effort_default': 1000,
            'gripper_status_code': 1,
            'id': 'my_piper_leader',
            'judge_flag': False,
            'log_level': 'WARNING',
            'manual_control': True,
            'mode_refresh_interval_s': 1.0,
            'port': 'can0',
            'prefer_ctrl_messages': True,
            'require_calibration': True,
            'startup_sleep_s': 0.1,
            'sync_gripper': True}}
INFO 2026-05-28 14:04:05.939 t_record.py:371 dataset_features: {'action': {'dtype': 'float32', 'names': ['joint_1.pos', 'joint_2.pos', 'joint_3.pos', 'joint_4.pos', 'joint_5.pos', 'joint_6.pos', 'gripper.pos'], 'shape': (7,)}, 'observation.state': {'dtype': 'float32', 'names': ['joint_1.pos', 'joint_2.pos', 'joint_3.pos', 'joint_4.pos', 'joint_5.pos', 'joint_6.pos', 'gripper.pos'], 'shape': (7,)}, 'observation.images.wrist': {'dtype': 'video', 'shape': (480, 640, 3), 'names': ['height', 'width', 'channels']}, 'observation.images.top': {'dtype': 'video', 'shape': (480, 640, 3), 'names': ['height', 'width', 'channels']}}
INFO 2026-05-28 14:04:05.939 t_record.py:382 dataset_features: {'action': {'dtype': 'float32', 'names': ['joint_1.pos', 'joint_2.pos', 'joint_3.pos', 'joint_4.pos', 'joint_5.pos', 'joint_6.pos', 'gripper.pos'], 'shape': (7,)}, 'observation.state': {'dtype': 'float32', 'names': ['joint_1.pos', 'joint_2.pos', 'joint_3.pos', 'joint_4.pos', 'joint_5.pos', 'joint_6.pos', 'gripper.pos'], 'shape': (7,)}, 'observation.images.wrist': {'dtype': 'video', 'shape': (480, 640, 3), 'names': ['height', 'width', 'channels']}, 'observation.images.top': {'dtype': 'video', 'shape': (480, 640, 3), 'names': ['height', 'width', 'channels']}, 'complementary_info.policy_action': {'dtype': 'float32', 'shape': (7,), 'names': ['joint_1.pos', 'joint_2.pos', 'joint_3.pos', 'joint_4.pos', 'joint_5.pos', 'joint_6.pos', 'gripper.pos']}, 'complementary_info.is_intervention': {'dtype': 'float32', 'shape': (1,), 'names': ['is_intervention']}, 'complementary_info.state': {'dtype': 'float32', 'shape': (1,), 'names': ['state']}, 'complementary_info.collector_policy_id': {'dtype': 'string', 'shape': (1,), 'names': ['collector_policy_id']}}
INFO 2026-05-28 14:04:07.283 a_opencv.py:179 OpenCVCamera(10) connected.
INFO 2026-05-28 14:04:08.496 a_opencv.py:179 OpenCVCamera(4) connected.
INFO 2026-05-28 14:04:08.496 follower.py:139 my_piper_follower PiperFollower connected.
INFO 2026-05-28 14:04:09.325 r_leader.py:130 my_piper_leader PiperLeader connected.
INFO 2026-05-28 14:04:09.325 t_record.py:446 robot and teleop all conected
INFO 2026-05-28 14:04:09.326 ls/utils.py:227 Recording episode 0
WARNING 2026-05-28 14:05:04.129 t_record.py:512 Episode 0 has no explicit success/failure label, defaulting to 'success'.
INFO 2026-05-28 14:05:04.129 ls/utils.py:227 Reset the environment
INFO 2026-05-28 14:05:14.017 ls/utils.py:227 Re-record episode
INFO 2026-05-28 14:05:14.017 ls/utils.py:227 Recording episode 0
WARNING 2026-05-28 14:05:22.006 t_record.py:512 Episode 0 has no explicit success/failure label, defaulting to 'success'.
INFO 2026-05-28 14:05:22.006 ls/utils.py:227 Reset the environment
INFO 2026-05-28 14:05:39.292 ls/utils.py:227 Recording episode 1
WARNING 2026-05-28 14:05:44.739 t_record.py:512 Episode 1 has no explicit success/failure label, defaulting to 'success'.
INFO 2026-05-28 14:05:44.739 ls/utils.py:227 Reset the environment
INFO 2026-05-28 14:05:50.222 ls/utils.py:227 Recording episode 2
WARNING 2026-05-28 14:05:55.100 t_record.py:512 Episode 2 has no explicit success/failure label, defaulting to 'success'.
INFO 2026-05-28 14:05:55.101 ls/utils.py:227 Reset the environment
INFO 2026-05-28 14:06:01.100 ls/utils.py:227 Recording episode 3
WARNING 2026-05-28 14:06:05.980 t_record.py:512 Episode 3 has no explicit success/failure label, defaulting to 'success'.
INFO 2026-05-28 14:06:05.980 ls/utils.py:227 Reset the environment
INFO 2026-05-28 14:06:11.409 ls/utils.py:227 Recording episode 4
WARNING 2026-05-28 14:06:16.021 t_record.py:512 Episode 4 has no explicit success/failure label, defaulting to 'success'.
INFO 2026-05-28 14:06:16.021 ls/utils.py:227 Reset the environment
INFO 2026-05-28 14:06:59.260 ls/utils.py:227 Recording episode 5
WARNING 2026-05-28 14:07:05.846 t_record.py:512 Episode 5 has no explicit success/failure label, defaulting to 'success'.
INFO 2026-05-28 14:07:05.846 ls/utils.py:227 Reset the environment
INFO 2026-05-28 14:07:13.670 ls/utils.py:227 Recording episode 6
WARNING 2026-05-28 14:07:19.051 t_record.py:512 Episode 6 has no explicit success/failure label, defaulting to 'success'.
INFO 2026-05-28 14:07:19.052 ls/utils.py:227 Reset the environment
INFO 2026-05-28 14:07:25.518 ls/utils.py:227 Recording episode 7
WARNING 2026-05-28 14:07:31.201 t_record.py:512 Episode 7 has no explicit success/failure label, defaulting to 'success'.
INFO 2026-05-28 14:07:31.201 ls/utils.py:227 Reset the environment
INFO 2026-05-28 14:07:42.200 ls/utils.py:227 Recording episode 8
WARNING 2026-05-28 14:07:47.448 t_record.py:512 Episode 8 has no explicit success/failure label, defaulting to 'success'.
INFO 2026-05-28 14:07:47.448 ls/utils.py:227 Reset the environment
INFO 2026-05-28 14:07:54.205 ls/utils.py:227 Recording episode 9
WARNING 2026-05-28 14:07:59.886 t_record.py:512 Episode 9 has no explicit success/failure label, defaulting to 'success'.
INFO 2026-05-28 14:07:59.886 ls/utils.py:227 Reset the environment
INFO 2026-05-28 14:08:24.546 ls/utils.py:227 Recording episode 10
WARNING 2026-05-28 14:08:29.391 t_record.py:512 Episode 10 has no explicit success/failure label, defaulting to 'success'.
INFO 2026-05-28 14:08:29.391 ls/utils.py:227 Reset the environment
INFO 2026-05-28 14:08:36.470 ls/utils.py:227 Recording episode 11
WARNING 2026-05-28 14:08:42.452 t_record.py:512 Episode 11 has no explicit success/failure label, defaulting to 'success'.
INFO 2026-05-28 14:08:42.452 ls/utils.py:227 Reset the environment
INFO 2026-05-28 14:08:57.656 ls/utils.py:227 Recording episode 12
WARNING 2026-05-28 14:09:04.673 t_record.py:512 Episode 12 has no explicit success/failure label, defaulting to 'success'.
INFO 2026-05-28 14:09:04.673 ls/utils.py:227 Reset the environment
INFO 2026-05-28 14:09:12.521 ls/utils.py:227 Recording episode 13
WARNING 2026-05-28 14:09:16.365 t_record.py:512 Episode 13 has no explicit success/failure label, defaulting to 'success'.
INFO 2026-05-28 14:09:16.365 ls/utils.py:227 Reset the environment
INFO 2026-05-28 14:09:23.193 ls/utils.py:227 Recording episode 14
WARNING 2026-05-28 14:09:27.570 t_record.py:512 Episode 14 has no explicit success/failure label, defaulting to 'success'.
INFO 2026-05-28 14:09:27.570 ls/utils.py:227 Reset the environment
INFO 2026-05-28 14:09:50.317 ls/utils.py:227 Recording episode 15
WARNING 2026-05-28 14:09:55.464 t_record.py:512 Episode 15 has no explicit success/failure label, defaulting to 'success'.
INFO 2026-05-28 14:09:55.464 ls/utils.py:227 Reset the environment
INFO 2026-05-28 14:10:02.500 ls/utils.py:227 Recording episode 16
WARNING 2026-05-28 14:10:06.878 t_record.py:512 Episode 16 has no explicit success/failure label, defaulting to 'success'.
INFO 2026-05-28 14:10:06.879 ls/utils.py:227 Reset the environment
INFO 2026-05-28 14:10:12.312 ls/utils.py:227 Recording episode 17
WARNING 2026-05-28 14:10:16.790 t_record.py:512 Episode 17 has no explicit success/failure label, defaulting to 'success'.
INFO 2026-05-28 14:10:16.790 ls/utils.py:227 Reset the environment
INFO 2026-05-28 14:10:23.286 ls/utils.py:227 Recording episode 18
WARNING 2026-05-28 14:10:27.864 t_record.py:512 Episode 18 has no explicit success/failure label, defaulting to 'success'.
INFO 2026-05-28 14:10:27.864 ls/utils.py:227 Reset the environment
INFO 2026-05-28 14:10:34.356 ls/utils.py:227 Recording episode 19
WARNING 2026-05-28 14:10:39.336 t_record.py:512 Episode 19 has no explicit success/failure label, defaulting to 'success'.
INFO 2026-05-28 14:10:39.336 ls/utils.py:227 Reset the environment
INFO 2026-05-28 14:10:55.103 ls/utils.py:227 Recording episode 20
WARNING 2026-05-28 14:11:00.215 t_record.py:512 Episode 20 has no explicit success/failure label, defaulting to 'success'.
INFO 2026-05-28 14:11:00.215 ls/utils.py:227 Reset the environment
INFO 2026-05-28 14:11:07.003 ls/utils.py:227 Recording episode 21
WARNING 2026-05-28 14:11:12.583 t_record.py:512 Episode 21 has no explicit success/failure label, defaulting to 'success'.
INFO 2026-05-28 14:11:12.583 ls/utils.py:227 Reset the environment
INFO 2026-05-28 14:11:18.613 ls/utils.py:227 Recording episode 22
WARNING 2026-05-28 14:11:22.956 t_record.py:512 Episode 22 has no explicit success/failure label, defaulting to 'success'.
INFO 2026-05-28 14:11:22.956 ls/utils.py:227 Reset the environment
INFO 2026-05-28 14:15:45.183 ls/utils.py:227 Recording episode 23
WARNING 2026-05-28 14:15:50.028 t_record.py:512 Episode 23 has no explicit success/failure label, defaulting to 'success'.
INFO 2026-05-28 14:15:50.029 ls/utils.py:227 Reset the environment
INFO 2026-05-28 14:15:55.475 ls/utils.py:227 Recording episode 24
WARNING 2026-05-28 14:16:00.555 t_record.py:512 Episode 24 has no explicit success/failure label, defaulting to 'success'.
INFO 2026-05-28 14:16:00.555 ls/utils.py:227 Reset the environment
INFO 2026-05-28 14:16:06.719 ls/utils.py:227 Recording episode 25
WARNING 2026-05-28 14:16:10.932 t_record.py:512 Episode 25 has no explicit success/failure label, defaulting to 'success'.
INFO 2026-05-28 14:16:10.932 ls/utils.py:227 Reset the environment
INFO 2026-05-28 14:16:16.621 ls/utils.py:227 Recording episode 26
WARNING 2026-05-28 14:16:21.000 t_record.py:512 Episode 26 has no explicit success/failure label, defaulting to 'success'.
INFO 2026-05-28 14:16:21.000 ls/utils.py:227 Reset the environment
INFO 2026-05-28 14:16:26.750 ls/utils.py:227 Recording episode 27
WARNING 2026-05-28 14:16:30.927 t_record.py:512 Episode 27 has no explicit success/failure label, defaulting to 'success'.
INFO 2026-05-28 14:16:30.927 ls/utils.py:227 Reset the environment
INFO 2026-05-28 14:16:45.439 ls/utils.py:227 Recording episode 28
WARNING 2026-05-28 14:16:47.412 t_record.py:512 Episode 28 has no explicit success/failure label, defaulting to 'success'.
INFO 2026-05-28 14:16:47.412 ls/utils.py:227 Reset the environment
INFO 2026-05-28 14:16:50.122 ls/utils.py:227 Re-record episode
INFO 2026-05-28 14:16:50.122 ls/utils.py:227 Recording episode 28
WARNING 2026-05-28 14:16:55.070 t_record.py:512 Episode 28 has no explicit success/failure label, defaulting to 'success'.
INFO 2026-05-28 14:16:55.070 ls/utils.py:227 Reset the environment
INFO 2026-05-28 14:17:01.452 ls/utils.py:227 Recording episode 29
WARNING 2026-05-28 14:17:05.597 t_record.py:512 Episode 29 has no explicit success/failure label, defaulting to 'success'.
INFO 2026-05-28 14:17:05.597 ls/utils.py:227 Reset the environment
INFO 2026-05-28 14:17:38.822 ls/utils.py:227 Recording episode 30
WARNING 2026-05-28 14:17:43.435 t_record.py:512 Episode 30 has no explicit success/failure label, defaulting to 'success'.
INFO 2026-05-28 14:17:43.435 ls/utils.py:227 Reset the environment
INFO 2026-05-28 14:17:49.140 ls/utils.py:227 Recording episode 31
WARNING 2026-05-28 14:17:52.885 t_record.py:512 Episode 31 has no explicit success/failure label, defaulting to 'success'.
INFO 2026-05-28 14:17:52.885 ls/utils.py:227 Reset the environment
INFO 2026-05-28 14:17:58.694 ls/utils.py:227 Recording episode 32
WARNING 2026-05-28 14:18:02.738 t_record.py:512 Episode 32 has no explicit success/failure label, defaulting to 'success'.
INFO 2026-05-28 14:18:02.738 ls/utils.py:227 Reset the environment
INFO 2026-05-28 14:18:08.345 ls/utils.py:227 Recording episode 33
WARNING 2026-05-28 14:18:12.590 t_record.py:512 Episode 33 has no explicit success/failure label, defaulting to 'success'.
INFO 2026-05-28 14:18:12.590 ls/utils.py:227 Reset the environment
INFO 2026-05-28 14:18:18.518 ls/utils.py:227 Recording episode 34
WARNING 2026-05-28 14:18:22.696 t_record.py:512 Episode 34 has no explicit success/failure label, defaulting to 'success'.
INFO 2026-05-28 14:18:22.696 ls/utils.py:227 Reset the environment
INFO 2026-05-28 14:18:43.634 ls/utils.py:227 Recording episode 35
WARNING 2026-05-28 14:18:48.551 t_record.py:512 Episode 35 has no explicit success/failure label, defaulting to 'success'.
INFO 2026-05-28 14:18:48.551 ls/utils.py:227 Reset the environment
INFO 2026-05-28 14:18:55.283 ls/utils.py:227 Recording episode 36
WARNING 2026-05-28 14:19:00.062 t_record.py:512 Episode 36 has no explicit success/failure label, defaulting to 'success'.
INFO 2026-05-28 14:19:00.062 ls/utils.py:227 Reset the environment
INFO 2026-05-28 14:19:05.500 ls/utils.py:227 Recording episode 37
WARNING 2026-05-28 14:19:10.113 t_record.py:512 Episode 37 has no explicit success/failure label, defaulting to 'success'.
INFO 2026-05-28 14:19:10.113 ls/utils.py:227 Reset the environment
INFO 2026-05-28 14:19:16.278 ls/utils.py:227 Recording episode 38
WARNING 2026-05-28 14:19:20.824 t_record.py:512 Episode 38 has no explicit success/failure label, defaulting to 'success'.
INFO 2026-05-28 14:19:20.824 ls/utils.py:227 Reset the environment
INFO 2026-05-28 14:19:27.150 ls/utils.py:227 Recording episode 39
WARNING 2026-05-28 14:19:31.461 t_record.py:512 Episode 39 has no explicit success/failure label, defaulting to 'success'.
INFO 2026-05-28 14:19:31.461 ls/utils.py:227 Reset the environment
INFO 2026-05-28 14:20:02.403 ls/utils.py:227 Recording episode 40
WARNING 2026-05-28 14:20:06.848 t_record.py:512 Episode 40 has no explicit success/failure label, defaulting to 'success'.
INFO 2026-05-28 14:20:06.848 ls/utils.py:227 Reset the environment
INFO 2026-05-28 14:20:13.985 ls/utils.py:227 Recording episode 41
WARNING 2026-05-28 14:20:18.232 t_record.py:512 Episode 41 has no explicit success/failure label, defaulting to 'success'.
INFO 2026-05-28 14:20:18.232 ls/utils.py:227 Reset the environment
INFO 2026-05-28 14:20:25.504 ls/utils.py:227 Recording episode 42
WARNING 2026-05-28 14:20:29.415 t_record.py:512 Episode 42 has no explicit success/failure label, defaulting to 'success'.
INFO 2026-05-28 14:20:29.415 ls/utils.py:227 Reset the environment
INFO 2026-05-28 14:20:37.080 ls/utils.py:227 Recording episode 43
WARNING 2026-05-28 14:20:41.191 t_record.py:512 Episode 43 has no explicit success/failure label, defaulting to 'success'.
INFO 2026-05-28 14:20:41.191 ls/utils.py:227 Reset the environment
INFO 2026-05-28 14:20:49.054 ls/utils.py:227 Recording episode 44
WARNING 2026-05-28 14:20:53.566 t_record.py:512 Episode 44 has no explicit success/failure label, defaulting to 'success'.
INFO 2026-05-28 14:20:53.566 ls/utils.py:227 Reset the environment
INFO 2026-05-28 14:21:08.586 ls/utils.py:227 Recording episode 45
WARNING 2026-05-28 14:21:12.931 t_record.py:512 Episode 45 has no explicit success/failure label, defaulting to 'success'.
INFO 2026-05-28 14:21:12.931 ls/utils.py:227 Reset the environment
INFO 2026-05-28 14:21:19.925 ls/utils.py:227 Recording episode 46
WARNING 2026-05-28 14:21:23.970 t_record.py:512 Episode 46 has no explicit success/failure label, defaulting to 'success'.
INFO 2026-05-28 14:21:23.970 ls/utils.py:227 Reset the environment
INFO 2026-05-28 14:21:29.788 ls/utils.py:227 Recording episode 47
WARNING 2026-05-28 14:21:33.866 t_record.py:512 Episode 47 has no explicit success/failure label, defaulting to 'success'.
INFO 2026-05-28 14:21:33.866 ls/utils.py:227 Reset the environment
INFO 2026-05-28 14:21:40.574 ls/utils.py:227 Recording episode 48
WARNING 2026-05-28 14:21:45.620 t_record.py:512 Episode 48 has no explicit success/failure label, defaulting to 'success'.
INFO 2026-05-28 14:21:45.620 ls/utils.py:227 Reset the environment
INFO 2026-05-28 14:21:52.649 ls/utils.py:227 Recording episode 49
WARNING 2026-05-28 14:21:56.658 t_record.py:512 Episode 49 has no explicit success/failure label, defaulting to 'success'.
INFO 2026-05-28 14:21:59.528 ls/utils.py:227 Stop recording
INFO 2026-05-28 14:22:00.791 t_record.py:570 To inspect the recorded dataset, run:
  lerobot-dataset-report --dataset local_data
INFO 2026-05-28 14:22:00.820 a_opencv.py:592 OpenCVCamera(10) disconnected.
INFO 2026-05-28 14:22:00.839 a_opencv.py:592 OpenCVCamera(4) disconnected.
INFO 2026-05-28 14:22:00.839 follower.py:339 my_piper_follower PiperFollower disconnected.
INFO 2026-05-28 14:22:00.840 r_leader.py:468 my_piper_leader PiperLeader disconnected.
INFO 2026-05-28 14:22:00.840 ls/utils.py:227 Exiting
INFO 2026-05-28 14:37:39.018 t_record.py:325 Human-in-loop recording is enabled. Press 'i' to toggle takeover. Press 's' to mark success and end, 'f' to mark failure and end. Recorded `action` is the executed action. Policy output (when policy is enabled) is stored in `complementary_info.policy_action`. Collector source is stored in `complementary_info.collector_policy_id`. ACP inference: enable=False use_cfg=False cfg_beta=1.000.
INFO 2026-05-28 14:37:39.019 t_record.py:343 {'acp_inference': {'cfg_beta': 1.0, 'enable': False, 'use_cfg': False},
 'collector_policy_id_human': 'human',
 'collector_policy_id_policy': 'human',
 'communication_retry_interval_s': 0.1,
 'communication_retry_timeout_s': 2.0,
 'dataset': {'episode_time_s': 120,
             'fps': 30,
             'num_episodes': 50,
             'num_image_writer_processes': 0,
             'num_image_writer_threads_per_camera': 4,
             'private': False,
             'push_to_hub': False,
             'rename_map': {},
             'repo_id': 'local_data',
             'reset_time_s': 1,
             'root': '/home/ghr/VLA/package_data/single/qwen3_subtask_multipackage/subtask2_3',
             'single_task': 'Flip the package if the barcode is not facing up.',
             'tags': None,
             'vcodec': 'libsvtav1',
             'video': True,
             'video_encoding_batch_size': 1},
 'default_episode_success': 'failure',
 'display_compressed_images': False,
 'display_data': True,
 'display_ip': None,
 'display_port': None,
 'enable_collector_policy_id': True,
 'enable_episode_outcome_labeling': True,
 'episode_failure_key': 'f',
 'episode_success_key': 's',
 'intervention_state_machine_enabled': False,
 'intervention_toggle_key': 'i',
 'play_sounds': True,
 'policy': None,
 'policy_sync_parallel': True,
 'policy_sync_to_teleop': False,
 'require_episode_success_label': False,
 'resume': False,
 'robot': {'calibration_dir': None,
           'calibration_scale': 1000,
           'cameras': {'top': {'backend': <Cv2Backends.ANY: 0>,
                               'color_mode': <ColorMode.RGB: 'rgb'>,
                               'fourcc': None,
                               'fps': 30,
                               'height': 480,
                               'index_or_path': 4,
                               'rotation': <Cv2Rotation.NO_ROTATION: 0>,
                               'warmup_s': 1,
                               'width': 640},
                       'wrist': {'backend': <Cv2Backends.ANY: 0>,
                                 'color_mode': <ColorMode.RGB: 'rgb'>,
                                 'fourcc': None,
                                 'fps': 30,
                                 'height': 480,
                                 'index_or_path': 10,
                                 'rotation': <Cv2Rotation.NO_ROTATION: 0>,
                                 'warmup_s': 1,
                                 'width': 640}},
           'can_auto_init': True,
           'disable_on_disconnect': False,
           'enable_on_connect': True,
           'enable_timeout_s': 3.0,
           'gripper_effort_default': 1000,
           'gripper_status_code': 1,
           'high_follow': True,
           'id': 'my_piper_follower',
           'judge_flag': False,
           'log_level': 'WARNING',
           'mode_refresh_interval_s': 1.0,
           'port': 'can1',
           'require_calibration': True,
           'speed_ratio': 50,
           'startup_sleep_s': 0.1,
           'sync_gripper': True},
 'teleop': {'calibration_dir': None,
            'calibration_scale': 1000,
            'can_auto_init': True,
            'command_high_follow': True,
            'command_speed_ratio': 50,
            'disable_on_disconnect': False,
            'enable_timeout_s': 3.0,
            'fallback_to_feedback': True,
            'gravity_comp_base_rpy_deg': (0.0, 0.0, 0.0),
            'gravity_comp_control_hz': 200.0,
            'gravity_comp_mit_kd': 0.0,
            'gravity_comp_mit_kp': 0.0,
            'gravity_comp_torque_limit': 8.0,
            'gravity_comp_tx_ratio': (0.2, 0.2, 0.2, 0.2, 0.2, 0.2),
            'gripper_effort_default': 1000,
            'gripper_status_code': 1,
            'id': 'my_piper_leader',
            'judge_flag': False,
            'log_level': 'WARNING',
            'manual_control': True,
            'mode_refresh_interval_s': 1.0,
            'port': 'can0',
            'prefer_ctrl_messages': True,
            'require_calibration': True,
            'startup_sleep_s': 0.1,
            'sync_gripper': True}}
INFO 2026-05-28 14:37:39.030 t_record.py:371 dataset_features: {'action': {'dtype': 'float32', 'names': ['joint_1.pos', 'joint_2.pos', 'joint_3.pos', 'joint_4.pos', 'joint_5.pos', 'joint_6.pos', 'gripper.pos'], 'shape': (7,)}, 'observation.state': {'dtype': 'float32', 'names': ['joint_1.pos', 'joint_2.pos', 'joint_3.pos', 'joint_4.pos', 'joint_5.pos', 'joint_6.pos', 'gripper.pos'], 'shape': (7,)}, 'observation.images.wrist': {'dtype': 'video', 'shape': (480, 640, 3), 'names': ['height', 'width', 'channels']}, 'observation.images.top': {'dtype': 'video', 'shape': (480, 640, 3), 'names': ['height', 'width', 'channels']}}
INFO 2026-05-28 14:37:39.030 t_record.py:382 dataset_features: {'action': {'dtype': 'float32', 'names': ['joint_1.pos', 'joint_2.pos', 'joint_3.pos', 'joint_4.pos', 'joint_5.pos', 'joint_6.pos', 'gripper.pos'], 'shape': (7,)}, 'observation.state': {'dtype': 'float32', 'names': ['joint_1.pos', 'joint_2.pos', 'joint_3.pos', 'joint_4.pos', 'joint_5.pos', 'joint_6.pos', 'gripper.pos'], 'shape': (7,)}, 'observation.images.wrist': {'dtype': 'video', 'shape': (480, 640, 3), 'names': ['height', 'width', 'channels']}, 'observation.images.top': {'dtype': 'video', 'shape': (480, 640, 3), 'names': ['height', 'width', 'channels']}, 'complementary_info.policy_action': {'dtype': 'float32', 'shape': (7,), 'names': ['joint_1.pos', 'joint_2.pos', 'joint_3.pos', 'joint_4.pos', 'joint_5.pos', 'joint_6.pos', 'gripper.pos']}, 'complementary_info.is_intervention': {'dtype': 'float32', 'shape': (1,), 'names': ['is_intervention']}, 'complementary_info.state': {'dtype': 'float32', 'shape': (1,), 'names': ['state']}, 'complementary_info.collector_policy_id': {'dtype': 'string', 'shape': (1,), 'names': ['collector_policy_id']}}
INFO 2026-05-28 14:37:40.373 a_opencv.py:179 OpenCVCamera(10) connected.
INFO 2026-05-28 14:37:41.587 a_opencv.py:179 OpenCVCamera(4) connected.
INFO 2026-05-28 14:37:41.587 follower.py:139 my_piper_follower PiperFollower connected.
INFO 2026-05-28 14:37:42.404 r_leader.py:130 my_piper_leader PiperLeader connected.
INFO 2026-05-28 14:37:42.405 t_record.py:446 robot and teleop all conected
INFO 2026-05-28 14:37:42.405 ls/utils.py:227 Recording episode 0
WARNING 2026-05-28 14:37:43.743 t_record.py:512 Episode 0 has no explicit success/failure label, defaulting to 'success'.
INFO 2026-05-28 14:37:43.743 ls/utils.py:227 Reset the environment
INFO 2026-05-28 14:37:49.627 ls/utils.py:227 Re-record episode
INFO 2026-05-28 14:37:49.628 ls/utils.py:227 Recording episode 0
WARNING 2026-05-28 14:37:52.902 t_record.py:512 Episode 0 has no explicit success/failure label, defaulting to 'success'.
INFO 2026-05-28 14:37:52.902 ls/utils.py:227 Reset the environment
INFO 2026-05-28 14:37:53.766 ls/utils.py:227 Re-record episode
INFO 2026-05-28 14:37:53.768 ls/utils.py:227 Recording episode 0
WARNING 2026-05-28 14:38:02.141 t_record.py:512 Episode 0 has no explicit success/failure label, defaulting to 'success'.
INFO 2026-05-28 14:38:02.141 ls/utils.py:227 Reset the environment
INFO 2026-05-28 14:39:35.347 ls/utils.py:227 Stop recording
INFO 2026-05-28 14:39:36.805 a_opencv.py:592 OpenCVCamera(10) disconnected.
INFO 2026-05-28 14:39:36.816 a_opencv.py:592 OpenCVCamera(4) disconnected.
INFO 2026-05-28 14:39:36.816 follower.py:339 my_piper_follower PiperFollower disconnected.
INFO 2026-05-28 14:39:36.818 r_leader.py:468 my_piper_leader PiperLeader disconnected.
INFO 2026-05-28 14:39:36.818 ls/utils.py:227 Exiting
INFO 2026-05-28 14:41:04.368 t_record.py:325 Human-in-loop recording is enabled. Press 'i' to toggle takeover. Press 's' to mark success and end, 'f' to mark failure and end. Recorded `action` is the executed action. Policy output (when policy is enabled) is stored in `complementary_info.policy_action`. Collector source is stored in `complementary_info.collector_policy_id`. ACP inference: enable=False use_cfg=False cfg_beta=1.000.
INFO 2026-05-28 14:41:04.369 t_record.py:343 {'acp_inference': {'cfg_beta': 1.0, 'enable': False, 'use_cfg': False},
 'collector_policy_id_human': 'human',
 'collector_policy_id_policy': 'human',
 'communication_retry_interval_s': 0.1,
 'communication_retry_timeout_s': 2.0,
 'dataset': {'episode_time_s': 120,
             'fps': 30,
             'num_episodes': 50,
             'num_image_writer_processes': 0,
             'num_image_writer_threads_per_camera': 4,
             'private': False,
             'push_to_hub': False,
             'rename_map': {},
             'repo_id': 'local_data',
             'reset_time_s': 1,
             'root': '/home/ghr/VLA/package_data/single/qwen3_subtask_multipackage/subtask2_3',
             'single_task': 'Flip the package if the barcode is not facing up.',
             'tags': None,
             'vcodec': 'libsvtav1',
             'video': True,
             'video_encoding_batch_size': 1},
 'default_episode_success': 'failure',
 'display_compressed_images': False,
 'display_data': True,
 'display_ip': None,
 'display_port': None,
 'enable_collector_policy_id': True,
 'enable_episode_outcome_labeling': True,
 'episode_failure_key': 'f',
 'episode_success_key': 's',
 'intervention_state_machine_enabled': False,
 'intervention_toggle_key': 'i',
 'play_sounds': True,
 'policy': None,
 'policy_sync_parallel': True,
 'policy_sync_to_teleop': False,
 'require_episode_success_label': False,
 'resume': False,
 'robot': {'calibration_dir': None,
           'calibration_scale': 1000,
           'cameras': {'top': {'backend': <Cv2Backends.ANY: 0>,
                               'color_mode': <ColorMode.RGB: 'rgb'>,
                               'fourcc': None,
                               'fps': 30,
                               'height': 480,
                               'index_or_path': 4,
                               'rotation': <Cv2Rotation.NO_ROTATION: 0>,
                               'warmup_s': 1,
                               'width': 640},
                       'wrist': {'backend': <Cv2Backends.ANY: 0>,
                                 'color_mode': <ColorMode.RGB: 'rgb'>,
                                 'fourcc': None,
                                 'fps': 30,
                                 'height': 480,
                                 'index_or_path': 10,
                                 'rotation': <Cv2Rotation.NO_ROTATION: 0>,
                                 'warmup_s': 1,
                                 'width': 640}},
           'can_auto_init': True,
           'disable_on_disconnect': False,
           'enable_on_connect': True,
           'enable_timeout_s': 3.0,
           'gripper_effort_default': 1000,
           'gripper_status_code': 1,
           'high_follow': True,
           'id': 'my_piper_follower',
           'judge_flag': False,
           'log_level': 'WARNING',
           'mode_refresh_interval_s': 1.0,
           'port': 'can1',
           'require_calibration': True,
           'speed_ratio': 50,
           'startup_sleep_s': 0.1,
           'sync_gripper': True},
 'teleop': {'calibration_dir': None,
            'calibration_scale': 1000,
            'can_auto_init': True,
            'command_high_follow': True,
            'command_speed_ratio': 50,
            'disable_on_disconnect': False,
            'enable_timeout_s': 3.0,
            'fallback_to_feedback': True,
            'gravity_comp_base_rpy_deg': (0.0, 0.0, 0.0),
            'gravity_comp_control_hz': 200.0,
            'gravity_comp_mit_kd': 0.0,
            'gravity_comp_mit_kp': 0.0,
            'gravity_comp_torque_limit': 8.0,
            'gravity_comp_tx_ratio': (0.2, 0.2, 0.2, 0.2, 0.2, 0.2),
            'gripper_effort_default': 1000,
            'gripper_status_code': 1,
            'id': 'my_piper_leader',
            'judge_flag': False,
            'log_level': 'WARNING',
            'manual_control': True,
            'mode_refresh_interval_s': 1.0,
            'port': 'can0',
            'prefer_ctrl_messages': True,
            'require_calibration': True,
            'startup_sleep_s': 0.1,
            'sync_gripper': True}}
INFO 2026-05-28 14:41:04.380 t_record.py:371 dataset_features: {'action': {'dtype': 'float32', 'names': ['joint_1.pos', 'joint_2.pos', 'joint_3.pos', 'joint_4.pos', 'joint_5.pos', 'joint_6.pos', 'gripper.pos'], 'shape': (7,)}, 'observation.state': {'dtype': 'float32', 'names': ['joint_1.pos', 'joint_2.pos', 'joint_3.pos', 'joint_4.pos', 'joint_5.pos', 'joint_6.pos', 'gripper.pos'], 'shape': (7,)}, 'observation.images.wrist': {'dtype': 'video', 'shape': (480, 640, 3), 'names': ['height', 'width', 'channels']}, 'observation.images.top': {'dtype': 'video', 'shape': (480, 640, 3), 'names': ['height', 'width', 'channels']}}
INFO 2026-05-28 14:41:04.380 t_record.py:382 dataset_features: {'action': {'dtype': 'float32', 'names': ['joint_1.pos', 'joint_2.pos', 'joint_3.pos', 'joint_4.pos', 'joint_5.pos', 'joint_6.pos', 'gripper.pos'], 'shape': (7,)}, 'observation.state': {'dtype': 'float32', 'names': ['joint_1.pos', 'joint_2.pos', 'joint_3.pos', 'joint_4.pos', 'joint_5.pos', 'joint_6.pos', 'gripper.pos'], 'shape': (7,)}, 'observation.images.wrist': {'dtype': 'video', 'shape': (480, 640, 3), 'names': ['height', 'width', 'channels']}, 'observation.images.top': {'dtype': 'video', 'shape': (480, 640, 3), 'names': ['height', 'width', 'channels']}, 'complementary_info.policy_action': {'dtype': 'float32', 'shape': (7,), 'names': ['joint_1.pos', 'joint_2.pos', 'joint_3.pos', 'joint_4.pos', 'joint_5.pos', 'joint_6.pos', 'gripper.pos']}, 'complementary_info.is_intervention': {'dtype': 'float32', 'shape': (1,), 'names': ['is_intervention']}, 'complementary_info.state': {'dtype': 'float32', 'shape': (1,), 'names': ['state']}, 'complementary_info.collector_policy_id': {'dtype': 'string', 'shape': (1,), 'names': ['collector_policy_id']}}
INFO 2026-05-28 14:41:05.721 a_opencv.py:179 OpenCVCamera(10) connected.
INFO 2026-05-28 14:41:06.936 a_opencv.py:179 OpenCVCamera(4) connected.
INFO 2026-05-28 14:41:06.936 follower.py:139 my_piper_follower PiperFollower connected.
INFO 2026-05-28 14:41:07.766 r_leader.py:130 my_piper_leader PiperLeader connected.
INFO 2026-05-28 14:41:07.767 t_record.py:446 robot and teleop all conected
INFO 2026-05-28 14:41:07.768 ls/utils.py:227 Recording episode 0
WARNING 2026-05-28 14:41:08.905 t_record.py:512 Episode 0 has no explicit success/failure label, defaulting to 'success'.
INFO 2026-05-28 14:41:08.905 ls/utils.py:227 Reset the environment
INFO 2026-05-28 14:41:15.321 ls/utils.py:227 Re-record episode
INFO 2026-05-28 14:41:15.322 ls/utils.py:227 Recording episode 0
WARNING 2026-05-28 14:41:20.808 t_record.py:512 Episode 0 has no explicit success/failure label, defaulting to 'success'.
INFO 2026-05-28 14:41:20.808 ls/utils.py:227 Reset the environment
INFO 2026-05-28 14:41:30.059 ls/utils.py:227 Recording episode 1
WARNING 2026-05-28 14:41:36.073 t_record.py:512 Episode 1 has no explicit success/failure label, defaulting to 'success'.
INFO 2026-05-28 14:41:36.073 ls/utils.py:227 Reset the environment
INFO 2026-05-28 14:41:45.007 ls/utils.py:227 Recording episode 2
WARNING 2026-05-28 14:41:50.286 t_record.py:512 Episode 2 has no explicit success/failure label, defaulting to 'success'.
INFO 2026-05-28 14:41:50.286 ls/utils.py:227 Reset the environment
INFO 2026-05-28 14:41:59.229 ls/utils.py:227 Recording episode 3
WARNING 2026-05-28 14:42:06.112 t_record.py:512 Episode 3 has no explicit success/failure label, defaulting to 'success'.
INFO 2026-05-28 14:42:06.112 ls/utils.py:227 Reset the environment
INFO 2026-05-28 14:42:17.471 ls/utils.py:227 Recording episode 4
WARNING 2026-05-28 14:42:23.151 t_record.py:512 Episode 4 has no explicit success/failure label, defaulting to 'success'.
INFO 2026-05-28 14:42:23.151 ls/utils.py:227 Reset the environment
INFO 2026-05-28 14:42:45.471 ls/utils.py:227 Recording episode 5
WARNING 2026-05-28 14:42:51.619 t_record.py:512 Episode 5 has no explicit success/failure label, defaulting to 'success'.
INFO 2026-05-28 14:42:51.619 ls/utils.py:227 Reset the environment
INFO 2026-05-28 14:43:03.256 ls/utils.py:227 Recording episode 6
WARNING 2026-05-28 14:43:08.568 t_record.py:512 Episode 6 has no explicit success/failure label, defaulting to 'success'.
INFO 2026-05-28 14:43:08.569 ls/utils.py:227 Reset the environment
INFO 2026-05-28 14:43:22.278 ls/utils.py:227 Recording episode 7
WARNING 2026-05-28 14:43:27.557 t_record.py:512 Episode 7 has no explicit success/failure label, defaulting to 'success'.
INFO 2026-05-28 14:43:27.557 ls/utils.py:227 Reset the environment
INFO 2026-05-28 14:43:36.136 ls/utils.py:227 Recording episode 8
WARNING 2026-05-28 14:43:41.715 t_record.py:512 Episode 8 has no explicit success/failure label, defaulting to 'success'.
INFO 2026-05-28 14:43:41.715 ls/utils.py:227 Reset the environment
INFO 2026-05-28 14:43:54.984 ls/utils.py:227 Recording episode 9
WARNING 2026-05-28 14:43:59.294 t_record.py:512 Episode 9 has no explicit success/failure label, defaulting to 'success'.
INFO 2026-05-28 14:43:59.294 ls/utils.py:227 Reset the environment
INFO 2026-05-28 14:44:15.080 ls/utils.py:227 Recording episode 10
WARNING 2026-05-28 14:44:19.590 t_record.py:512 Episode 10 has no explicit success/failure label, defaulting to 'success'.
INFO 2026-05-28 14:44:19.590 ls/utils.py:227 Reset the environment
INFO 2026-05-28 14:44:29.855 ls/utils.py:227 Recording episode 11
WARNING 2026-05-28 14:44:33.931 t_record.py:512 Episode 11 has no explicit success/failure label, defaulting to 'success'.
INFO 2026-05-28 14:44:33.931 ls/utils.py:227 Reset the environment
INFO 2026-05-28 14:44:41.468 ls/utils.py:227 Recording episode 12
WARNING 2026-05-28 14:44:46.180 t_record.py:512 Episode 12 has no explicit success/failure label, defaulting to 'success'.
INFO 2026-05-28 14:44:46.180 ls/utils.py:227 Reset the environment
INFO 2026-05-28 14:44:54.502 ls/utils.py:227 Recording episode 13
WARNING 2026-05-28 14:44:58.813 t_record.py:512 Episode 13 has no explicit success/failure label, defaulting to 'success'.
INFO 2026-05-28 14:44:58.813 ls/utils.py:227 Reset the environment
INFO 2026-05-28 14:45:06.564 ls/utils.py:227 Recording episode 14
WARNING 2026-05-28 14:45:10.873 t_record.py:512 Episode 14 has no explicit success/failure label, defaulting to 'success'.
INFO 2026-05-28 14:45:10.873 ls/utils.py:227 Reset the environment
INFO 2026-05-28 14:45:25.434 ls/utils.py:227 Recording episode 15
WARNING 2026-05-28 14:45:29.845 t_record.py:512 Episode 15 has no explicit success/failure label, defaulting to 'success'.
INFO 2026-05-28 14:45:29.845 ls/utils.py:227 Reset the environment
INFO 2026-05-28 14:45:39.297 ls/utils.py:227 Recording episode 16
WARNING 2026-05-28 14:45:43.975 t_record.py:512 Episode 16 has no explicit success/failure label, defaulting to 'success'.
INFO 2026-05-28 14:45:43.975 ls/utils.py:227 Reset the environment
INFO 2026-05-28 14:45:54.400 ls/utils.py:227 Recording episode 17
WARNING 2026-05-28 14:45:58.478 t_record.py:512 Episode 17 has no explicit success/failure label, defaulting to 'success'.
INFO 2026-05-28 14:45:58.478 ls/utils.py:227 Reset the environment
INFO 2026-05-28 14:46:11.979 ls/utils.py:227 Recording episode 18
WARNING 2026-05-28 14:46:16.024 t_record.py:512 Episode 18 has no explicit success/failure label, defaulting to 'success'.
INFO 2026-05-28 14:46:16.024 ls/utils.py:227 Reset the environment
INFO 2026-05-28 14:46:25.094 ls/utils.py:227 Recording episode 19
WARNING 2026-05-28 14:46:29.438 t_record.py:512 Episode 19 has no explicit success/failure label, defaulting to 'success'.
INFO 2026-05-28 14:46:29.438 ls/utils.py:227 Reset the environment
INFO 2026-05-28 14:46:57.938 ls/utils.py:227 Recording episode 20
WARNING 2026-05-28 14:47:01.715 t_record.py:512 Episode 20 has no explicit success/failure label, defaulting to 'success'.
INFO 2026-05-28 14:47:01.715 ls/utils.py:227 Reset the environment
INFO 2026-05-28 14:47:10.950 ls/utils.py:227 Recording episode 21
WARNING 2026-05-28 14:47:15.729 t_record.py:512 Episode 21 has no explicit success/failure label, defaulting to 'success'.
INFO 2026-05-28 14:47:15.729 ls/utils.py:227 Reset the environment
INFO 2026-05-28 14:47:24.139 ls/utils.py:227 Recording episode 22
WARNING 2026-05-28 14:47:28.251 t_record.py:512 Episode 22 has no explicit success/failure label, defaulting to 'success'.
INFO 2026-05-28 14:47:28.251 ls/utils.py:227 Reset the environment
INFO 2026-05-28 14:47:36.680 ls/utils.py:227 Recording episode 23
WARNING 2026-05-28 14:47:41.093 t_record.py:512 Episode 23 has no explicit success/failure label, defaulting to 'success'.
INFO 2026-05-28 14:47:41.093 ls/utils.py:227 Reset the environment
INFO 2026-05-28 14:47:49.869 ls/utils.py:227 Recording episode 24
WARNING 2026-05-28 14:47:53.513 t_record.py:512 Episode 24 has no explicit success/failure label, defaulting to 'success'.
INFO 2026-05-28 14:47:53.513 ls/utils.py:227 Reset the environment
INFO 2026-05-28 14:48:29.390 ls/utils.py:227 Recording episode 25
WARNING 2026-05-28 14:48:33.768 t_record.py:512 Episode 25 has no explicit success/failure label, defaulting to 'success'.
INFO 2026-05-28 14:48:33.768 ls/utils.py:227 Reset the environment
INFO 2026-05-28 14:48:42.956 ls/utils.py:227 Recording episode 26
WARNING 2026-05-28 14:48:46.899 t_record.py:512 Episode 26 has no explicit success/failure label, defaulting to 'success'.
INFO 2026-05-28 14:48:46.899 ls/utils.py:227 Reset the environment
INFO 2026-05-28 14:48:54.391 ls/utils.py:227 Recording episode 27
WARNING 2026-05-28 14:48:58.468 t_record.py:512 Episode 27 has no explicit success/failure label, defaulting to 'success'.
INFO 2026-05-28 14:48:58.468 ls/utils.py:227 Reset the environment
INFO 2026-05-28 14:49:06.879 ls/utils.py:227 Recording episode 28
WARNING 2026-05-28 14:49:10.856 t_record.py:512 Episode 28 has no explicit success/failure label, defaulting to 'success'.
INFO 2026-05-28 14:49:10.856 ls/utils.py:227 Reset the environment
INFO 2026-05-28 14:49:19.418 ls/utils.py:227 Recording episode 29
WARNING 2026-05-28 14:49:26.469 t_record.py:512 Episode 29 has no explicit success/failure label, defaulting to 'success'.
INFO 2026-05-28 14:49:26.469 ls/utils.py:227 Reset the environment
INFO 2026-05-28 14:49:48.072 ls/utils.py:227 Recording episode 30
WARNING 2026-05-28 14:49:51.549 t_record.py:512 Episode 30 has no explicit success/failure label, defaulting to 'success'.
INFO 2026-05-28 14:49:51.549 ls/utils.py:227 Reset the environment
INFO 2026-05-28 14:50:01.000 ls/utils.py:227 Recording episode 31
WARNING 2026-05-28 14:50:05.212 t_record.py:512 Episode 31 has no explicit success/failure label, defaulting to 'success'.
INFO 2026-05-28 14:50:05.212 ls/utils.py:227 Reset the environment
INFO 2026-05-28 14:50:13.965 ls/utils.py:227 Recording episode 32
WARNING 2026-05-28 14:50:17.608 t_record.py:512 Episode 32 has no explicit success/failure label, defaulting to 'success'.
INFO 2026-05-28 14:50:17.608 ls/utils.py:227 Reset the environment
INFO 2026-05-28 14:50:29.356 ls/utils.py:227 Recording episode 33
WARNING 2026-05-28 14:50:33.767 t_record.py:512 Episode 33 has no explicit success/failure label, defaulting to 'success'.
INFO 2026-05-28 14:50:33.768 ls/utils.py:227 Reset the environment
INFO 2026-05-28 14:50:42.417 ls/utils.py:227 Recording episode 34
WARNING 2026-05-28 14:50:46.729 t_record.py:512 Episode 34 has no explicit success/failure label, defaulting to 'success'.
INFO 2026-05-28 14:50:46.729 ls/utils.py:227 Reset the environment
INFO 2026-05-28 14:51:06.506 ls/utils.py:227 Recording episode 35
WARNING 2026-05-28 14:51:11.354 t_record.py:512 Episode 35 has no explicit success/failure label, defaulting to 'success'.
INFO 2026-05-28 14:51:11.354 ls/utils.py:227 Reset the environment
INFO 2026-05-28 14:51:18.516 ls/utils.py:227 Recording episode 36
WARNING 2026-05-28 14:51:22.728 t_record.py:512 Episode 36 has no explicit success/failure label, defaulting to 'success'.
INFO 2026-05-28 14:51:22.728 ls/utils.py:227 Reset the environment
INFO 2026-05-28 14:51:30.214 ls/utils.py:227 Recording episode 37
WARNING 2026-05-28 14:51:34.557 t_record.py:512 Episode 37 has no explicit success/failure label, defaulting to 'success'.
INFO 2026-05-28 14:51:34.557 ls/utils.py:227 Reset the environment
INFO 2026-05-28 14:51:42.812 ls/utils.py:227 Recording episode 38
WARNING 2026-05-28 14:51:47.156 t_record.py:512 Episode 38 has no explicit success/failure label, defaulting to 'success'.
INFO 2026-05-28 14:51:47.156 ls/utils.py:227 Reset the environment
INFO 2026-05-28 14:51:55.382 ls/utils.py:227 Recording episode 39
WARNING 2026-05-28 14:51:59.759 t_record.py:512 Episode 39 has no explicit success/failure label, defaulting to 'success'.
INFO 2026-05-28 14:51:59.759 ls/utils.py:227 Reset the environment
INFO 2026-05-28 14:52:12.485 ls/utils.py:227 Recording episode 40
WARNING 2026-05-28 14:52:16.730 t_record.py:512 Episode 40 has no explicit success/failure label, defaulting to 'success'.
INFO 2026-05-28 14:52:16.730 ls/utils.py:227 Reset the environment
INFO 2026-05-28 14:52:26.984 ls/utils.py:227 Recording episode 41
WARNING 2026-05-28 14:52:31.396 t_record.py:512 Episode 41 has no explicit success/failure label, defaulting to 'success'.
INFO 2026-05-28 14:52:31.396 ls/utils.py:227 Reset the environment
INFO 2026-05-28 14:54:08.268 ls/utils.py:227 Recording episode 42
WARNING 2026-05-28 14:54:12.879 t_record.py:512 Episode 42 has no explicit success/failure label, defaulting to 'success'.
INFO 2026-05-28 14:54:12.879 ls/utils.py:227 Reset the environment
INFO 2026-05-28 14:54:23.087 ls/utils.py:227 Recording episode 43
WARNING 2026-05-28 14:54:27.966 t_record.py:512 Episode 43 has no explicit success/failure label, defaulting to 'success'.
INFO 2026-05-28 14:54:27.966 ls/utils.py:227 Reset the environment
INFO 2026-05-28 14:54:35.555 ls/utils.py:227 Recording episode 44
WARNING 2026-05-28 14:54:40.099 t_record.py:512 Episode 44 has no explicit success/failure label, defaulting to 'success'.
INFO 2026-05-28 14:54:40.099 ls/utils.py:227 Reset the environment
INFO 2026-05-28 14:54:54.406 ls/utils.py:227 Recording episode 45
WARNING 2026-05-28 14:54:58.817 t_record.py:512 Episode 45 has no explicit success/failure label, defaulting to 'success'.
INFO 2026-05-28 14:54:58.817 ls/utils.py:227 Reset the environment
INFO 2026-05-28 14:55:06.791 ls/utils.py:227 Recording episode 46
WARNING 2026-05-28 14:55:11.837 t_record.py:512 Episode 46 has no explicit success/failure label, defaulting to 'success'.
INFO 2026-05-28 14:55:11.837 ls/utils.py:227 Reset the environment
INFO 2026-05-28 14:55:20.849 ls/utils.py:227 Recording episode 47
WARNING 2026-05-28 14:55:25.661 t_record.py:512 Episode 47 has no explicit success/failure label, defaulting to 'success'.
INFO 2026-05-28 14:55:25.661 ls/utils.py:227 Reset the environment
INFO 2026-05-28 14:55:33.234 ls/utils.py:227 Recording episode 48
WARNING 2026-05-28 14:55:38.180 t_record.py:512 Episode 48 has no explicit success/failure label, defaulting to 'success'.
INFO 2026-05-28 14:55:38.180 ls/utils.py:227 Reset the environment
INFO 2026-05-28 14:55:46.984 ls/utils.py:227 Recording episode 49
WARNING 2026-05-28 14:55:51.497 t_record.py:512 Episode 49 has no explicit success/failure label, defaulting to 'success'.
INFO 2026-05-28 14:55:54.467 ls/utils.py:227 Stop recording
INFO 2026-05-28 14:55:55.717 t_record.py:570 To inspect the recorded dataset, run:
  lerobot-dataset-report --dataset local_data
INFO 2026-05-28 14:55:55.746 a_opencv.py:592 OpenCVCamera(10) disconnected.
INFO 2026-05-28 14:55:55.771 a_opencv.py:592 OpenCVCamera(4) disconnected.
INFO 2026-05-28 14:55:55.772 follower.py:339 my_piper_follower PiperFollower disconnected.
INFO 2026-05-28 14:55:55.773 r_leader.py:468 my_piper_leader PiperLeader disconnected.
INFO 2026-05-28 14:55:55.773 ls/utils.py:227 Exiting
INFO 2026-05-28 15:33:40.643 t_record.py:325 Human-in-loop recording is enabled. Press 'i' to toggle takeover. Press 's' to mark success and end, 'f' to mark failure and end. Recorded `action` is the executed action. Policy output (when policy is enabled) is stored in `complementary_info.policy_action`. Collector source is stored in `complementary_info.collector_policy_id`. ACP inference: enable=False use_cfg=False cfg_beta=1.000.
INFO 2026-05-28 15:33:40.644 t_record.py:343 {'acp_inference': {'cfg_beta': 1.0, 'enable': False, 'use_cfg': False},
 'collector_policy_id_human': 'human',
 'collector_policy_id_policy': 'human',
 'communication_retry_interval_s': 0.1,
 'communication_retry_timeout_s': 2.0,
 'dataset': {'episode_time_s': 120,
             'fps': 30,
             'num_episodes': 50,
             'num_image_writer_processes': 0,
             'num_image_writer_threads_per_camera': 4,
             'private': False,
             'push_to_hub': False,
             'rename_map': {},
             'repo_id': 'local_data',
             'reset_time_s': 1,
             'root': '/home/ghr/VLA/package_data/single/evo-rl/mutipackage_subtask1_1',
             'single_task': 'Grab the package and place it on the pallet.',
             'tags': None,
             'vcodec': 'libsvtav1',
             'video': True,
             'video_encoding_batch_size': 1},
 'default_episode_success': 'failure',
 'display_compressed_images': False,
 'display_data': True,
 'display_ip': None,
 'display_port': None,
 'enable_collector_policy_id': True,
 'enable_episode_outcome_labeling': True,
 'episode_failure_key': 'f',
 'episode_success_key': 's',
 'intervention_state_machine_enabled': False,
 'intervention_toggle_key': 'i',
 'play_sounds': True,
 'policy': None,
 'policy_sync_parallel': True,
 'policy_sync_to_teleop': False,
 'require_episode_success_label': False,
 'resume': False,
 'robot': {'calibration_dir': None,
           'calibration_scale': 1000,
           'cameras': {'top': {'backend': <Cv2Backends.ANY: 0>,
                               'color_mode': <ColorMode.RGB: 'rgb'>,
                               'fourcc': None,
                               'fps': 30,
                               'height': 480,
                               'index_or_path': 4,
                               'rotation': <Cv2Rotation.NO_ROTATION: 0>,
                               'warmup_s': 1,
                               'width': 640},
                       'wrist': {'backend': <Cv2Backends.ANY: 0>,
                                 'color_mode': <ColorMode.RGB: 'rgb'>,
                                 'fourcc': None,
                                 'fps': 30,
                                 'height': 480,
                                 'index_or_path': 10,
                                 'rotation': <Cv2Rotation.NO_ROTATION: 0>,
                                 'warmup_s': 1,
                                 'width': 640}},
           'can_auto_init': True,
           'disable_on_disconnect': False,
           'enable_on_connect': True,
           'enable_timeout_s': 3.0,
           'gripper_effort_default': 1000,
           'gripper_status_code': 1,
           'high_follow': True,
           'id': 'my_piper_follower',
           'judge_flag': False,
           'log_level': 'WARNING',
           'mode_refresh_interval_s': 1.0,
           'port': 'can1',
           'require_calibration': True,
           'speed_ratio': 50,
           'startup_sleep_s': 0.1,
           'sync_gripper': True},
 'teleop': {'calibration_dir': None,
            'calibration_scale': 1000,
            'can_auto_init': True,
            'command_high_follow': True,
            'command_speed_ratio': 50,
            'disable_on_disconnect': False,
            'enable_timeout_s': 3.0,
            'fallback_to_feedback': True,
            'gravity_comp_base_rpy_deg': (0.0, 0.0, 0.0),
            'gravity_comp_control_hz': 200.0,
            'gravity_comp_mit_kd': 0.0,
            'gravity_comp_mit_kp': 0.0,
            'gravity_comp_torque_limit': 8.0,
            'gravity_comp_tx_ratio': (0.2, 0.2, 0.2, 0.2, 0.2, 0.2),
            'gripper_effort_default': 1000,
            'gripper_status_code': 1,
            'id': 'my_piper_leader',
            'judge_flag': False,
            'log_level': 'WARNING',
            'manual_control': True,
            'mode_refresh_interval_s': 1.0,
            'port': 'can0',
            'prefer_ctrl_messages': True,
            'require_calibration': True,
            'startup_sleep_s': 0.1,
            'sync_gripper': True}}
INFO 2026-05-28 15:33:40.792 t_record.py:371 dataset_features: {'action': {'dtype': 'float32', 'names': ['joint_1.pos', 'joint_2.pos', 'joint_3.pos', 'joint_4.pos', 'joint_5.pos', 'joint_6.pos', 'gripper.pos'], 'shape': (7,)}, 'observation.state': {'dtype': 'float32', 'names': ['joint_1.pos', 'joint_2.pos', 'joint_3.pos', 'joint_4.pos', 'joint_5.pos', 'joint_6.pos', 'gripper.pos'], 'shape': (7,)}, 'observation.images.wrist': {'dtype': 'video', 'shape': (480, 640, 3), 'names': ['height', 'width', 'channels']}, 'observation.images.top': {'dtype': 'video', 'shape': (480, 640, 3), 'names': ['height', 'width', 'channels']}}
INFO 2026-05-28 15:33:40.792 t_record.py:382 dataset_features: {'action': {'dtype': 'float32', 'names': ['joint_1.pos', 'joint_2.pos', 'joint_3.pos', 'joint_4.pos', 'joint_5.pos', 'joint_6.pos', 'gripper.pos'], 'shape': (7,)}, 'observation.state': {'dtype': 'float32', 'names': ['joint_1.pos', 'joint_2.pos', 'joint_3.pos', 'joint_4.pos', 'joint_5.pos', 'joint_6.pos', 'gripper.pos'], 'shape': (7,)}, 'observation.images.wrist': {'dtype': 'video', 'shape': (480, 640, 3), 'names': ['height', 'width', 'channels']}, 'observation.images.top': {'dtype': 'video', 'shape': (480, 640, 3), 'names': ['height', 'width', 'channels']}, 'complementary_info.policy_action': {'dtype': 'float32', 'shape': (7,), 'names': ['joint_1.pos', 'joint_2.pos', 'joint_3.pos', 'joint_4.pos', 'joint_5.pos', 'joint_6.pos', 'gripper.pos']}, 'complementary_info.is_intervention': {'dtype': 'float32', 'shape': (1,), 'names': ['is_intervention']}, 'complementary_info.state': {'dtype': 'float32', 'shape': (1,), 'names': ['state']}, 'complementary_info.collector_policy_id': {'dtype': 'string', 'shape': (1,), 'names': ['collector_policy_id']}}
INFO 2026-05-28 15:33:42.134 a_opencv.py:179 OpenCVCamera(10) connected.
INFO 2026-05-28 15:33:43.348 a_opencv.py:179 OpenCVCamera(4) connected.
INFO 2026-05-28 15:33:43.348 follower.py:139 my_piper_follower PiperFollower connected.
INFO 2026-05-28 15:33:44.211 r_leader.py:130 my_piper_leader PiperLeader connected.
INFO 2026-05-28 15:33:44.211 t_record.py:446 robot and teleop all conected
INFO 2026-05-28 15:33:44.213 ls/utils.py:227 Recording episode 0
WARNING 2026-05-28 15:33:45.819 t_record.py:512 Episode 0 has no explicit success/failure label, defaulting to 'success'.
INFO 2026-05-28 15:33:45.819 ls/utils.py:227 Reset the environment
INFO 2026-05-28 15:34:48.556 ls/utils.py:227 Re-record episode
INFO 2026-05-28 15:34:48.557 ls/utils.py:227 Recording episode 0
WARNING 2026-05-28 15:34:59.258 t_record.py:512 Episode 0 has no explicit success/failure label, defaulting to 'success'.
INFO 2026-05-28 15:34:59.258 ls/utils.py:227 Reset the environment
INFO 2026-05-28 15:35:11.099 ls/utils.py:227 Recording episode 1
WARNING 2026-05-28 15:35:20.189 t_record.py:512 Episode 1 has no explicit success/failure label, defaulting to 'success'.
INFO 2026-05-28 15:35:20.189 ls/utils.py:227 Reset the environment
INFO 2026-05-28 15:35:27.228 ls/utils.py:227 Recording episode 2
WARNING 2026-05-28 15:35:36.484 t_record.py:512 Episode 2 has no explicit success/failure label, defaulting to 'success'.
INFO 2026-05-28 15:35:36.484 ls/utils.py:227 Reset the environment
INFO 2026-05-28 15:35:54.594 ls/utils.py:227 Recording episode 3
WARNING 2026-05-28 15:36:03.160 t_record.py:512 Episode 3 has no explicit success/failure label, defaulting to 'success'.
INFO 2026-05-28 15:36:03.160 ls/utils.py:227 Reset the environment
INFO 2026-05-28 15:36:11.943 ls/utils.py:227 Recording episode 4
WARNING 2026-05-28 15:36:20.028 t_record.py:512 Episode 4 has no explicit success/failure label, defaulting to 'success'.
INFO 2026-05-28 15:36:20.028 ls/utils.py:227 Reset the environment
INFO 2026-05-28 15:38:33.453 ls/utils.py:227 Recording episode 5
WARNING 2026-05-28 15:38:41.337 t_record.py:512 Episode 5 has no explicit success/failure label, defaulting to 'success'.
INFO 2026-05-28 15:38:41.337 ls/utils.py:227 Reset the environment
INFO 2026-05-28 15:38:51.770 ls/utils.py:227 Recording episode 6
WARNING 2026-05-28 15:38:59.566 t_record.py:512 Episode 6 has no explicit success/failure label, defaulting to 'success'.
INFO 2026-05-28 15:38:59.566 ls/utils.py:227 Reset the environment
INFO 2026-05-28 15:39:06.337 ls/utils.py:227 Recording episode 7
WARNING 2026-05-28 15:39:14.122 t_record.py:512 Episode 7 has no explicit success/failure label, defaulting to 'success'.
INFO 2026-05-28 15:39:14.122 ls/utils.py:227 Reset the environment
INFO 2026-05-28 15:39:19.247 ls/utils.py:227 Recording episode 8
WARNING 2026-05-28 15:39:26.542 t_record.py:512 Episode 8 has no explicit success/failure label, defaulting to 'success'.
INFO 2026-05-28 15:39:26.543 ls/utils.py:227 Reset the environment
INFO 2026-05-28 15:39:30.926 ls/utils.py:227 Recording episode 9
WARNING 2026-05-28 15:39:40.016 t_record.py:512 Episode 9 has no explicit success/failure label, defaulting to 'success'.
INFO 2026-05-28 15:39:40.016 ls/utils.py:227 Reset the environment
INFO 2026-05-28 15:39:55.317 ls/utils.py:227 Recording episode 10
WARNING 2026-05-28 15:39:58.593 t_record.py:512 Episode 10 has no explicit success/failure label, defaulting to 'success'.
INFO 2026-05-28 15:39:58.593 ls/utils.py:227 Reset the environment
INFO 2026-05-28 15:39:59.129 ls/utils.py:227 Re-record episode
INFO 2026-05-28 15:39:59.129 ls/utils.py:227 Recording episode 10
WARNING 2026-05-28 15:40:08.101 t_record.py:512 Episode 10 has no explicit success/failure label, defaulting to 'success'.
INFO 2026-05-28 15:40:08.101 ls/utils.py:227 Reset the environment
INFO 2026-05-28 15:40:15.206 ls/utils.py:227 Recording episode 11
WARNING 2026-05-28 15:40:23.559 t_record.py:512 Episode 11 has no explicit success/failure label, defaulting to 'success'.
INFO 2026-05-28 15:40:23.559 ls/utils.py:227 Reset the environment
INFO 2026-05-28 15:40:31.193 ls/utils.py:227 Recording episode 12
WARNING 2026-05-28 15:40:38.445 t_record.py:512 Episode 12 has no explicit success/failure label, defaulting to 'success'.
INFO 2026-05-28 15:40:38.445 ls/utils.py:227 Reset the environment
INFO 2026-05-28 15:40:47.652 ls/utils.py:227 Recording episode 13
WARNING 2026-05-28 15:40:55.105 t_record.py:512 Episode 13 has no explicit success/failure label, defaulting to 'success'.
INFO 2026-05-28 15:40:55.105 ls/utils.py:227 Reset the environment
INFO 2026-05-28 15:41:03.991 ls/utils.py:227 Recording episode 14
WARNING 2026-05-28 15:41:11.677 t_record.py:512 Episode 14 has no explicit success/failure label, defaulting to 'success'.
INFO 2026-05-28 15:41:11.677 ls/utils.py:227 Reset the environment
INFO 2026-05-28 15:41:28.066 ls/utils.py:227 Recording episode 15
WARNING 2026-05-28 15:41:35.351 t_record.py:512 Episode 15 has no explicit success/failure label, defaulting to 'success'.
INFO 2026-05-28 15:41:35.351 ls/utils.py:227 Reset the environment
INFO 2026-05-28 15:41:43.150 ls/utils.py:227 Recording episode 16
WARNING 2026-05-28 15:41:50.672 t_record.py:512 Episode 16 has no explicit success/failure label, defaulting to 'success'.
INFO 2026-05-28 15:41:50.672 ls/utils.py:227 Reset the environment
INFO 2026-05-28 15:41:59.830 ls/utils.py:227 Recording episode 17
WARNING 2026-05-28 15:42:07.515 t_record.py:512 Episode 17 has no explicit success/failure label, defaulting to 'success'.
INFO 2026-05-28 15:42:07.515 ls/utils.py:227 Reset the environment
INFO 2026-05-28 15:42:14.547 ls/utils.py:227 Recording episode 18
WARNING 2026-05-28 15:42:22.071 t_record.py:512 Episode 18 has no explicit success/failure label, defaulting to 'success'.
INFO 2026-05-28 15:42:22.071 ls/utils.py:227 Reset the environment
INFO 2026-05-28 15:42:26.297 ls/utils.py:227 Recording episode 19
WARNING 2026-05-28 15:42:35.018 t_record.py:512 Episode 19 has no explicit success/failure label, defaulting to 'success'.
INFO 2026-05-28 15:42:35.018 ls/utils.py:227 Reset the environment
INFO 2026-05-28 15:43:00.307 ls/utils.py:227 Recording episode 20
WARNING 2026-05-28 15:43:08.772 t_record.py:512 Episode 20 has no explicit success/failure label, defaulting to 'success'.
INFO 2026-05-28 15:43:08.772 ls/utils.py:227 Reset the environment
INFO 2026-05-28 15:43:18.668 ls/utils.py:227 Recording episode 21
WARNING 2026-05-28 15:43:26.892 t_record.py:512 Episode 21 has no explicit success/failure label, defaulting to 'success'.
INFO 2026-05-28 15:43:26.892 ls/utils.py:227 Reset the environment
INFO 2026-05-28 15:43:34.588 ls/utils.py:227 Recording episode 22
WARNING 2026-05-28 15:43:41.839 t_record.py:512 Episode 22 has no explicit success/failure label, defaulting to 'success'.
INFO 2026-05-28 15:43:41.839 ls/utils.py:227 Reset the environment
INFO 2026-05-28 15:43:50.583 ls/utils.py:227 Recording episode 23
WARNING 2026-05-28 15:43:57.701 t_record.py:512 Episode 23 has no explicit success/failure label, defaulting to 'success'.
INFO 2026-05-28 15:43:57.701 ls/utils.py:227 Reset the environment
INFO 2026-05-28 15:44:08.494 ls/utils.py:227 Recording episode 24
WARNING 2026-05-28 15:44:16.448 t_record.py:512 Episode 24 has no explicit success/failure label, defaulting to 'success'.
INFO 2026-05-28 15:44:16.448 ls/utils.py:227 Reset the environment
INFO 2026-05-28 15:44:31.197 ls/utils.py:227 Recording episode 25
WARNING 2026-05-28 15:44:40.587 t_record.py:512 Episode 25 has no explicit success/failure label, defaulting to 'success'.
INFO 2026-05-28 15:44:40.587 ls/utils.py:227 Reset the environment
INFO 2026-05-28 15:44:48.075 ls/utils.py:227 Recording episode 26
WARNING 2026-05-28 15:44:55.328 t_record.py:512 Episode 26 has no explicit success/failure label, defaulting to 'success'.
INFO 2026-05-28 15:44:55.328 ls/utils.py:227 Reset the environment
INFO 2026-05-28 15:45:02.548 ls/utils.py:227 Recording episode 27
WARNING 2026-05-28 15:45:10.167 t_record.py:512 Episode 27 has no explicit success/failure label, defaulting to 'success'.
INFO 2026-05-28 15:45:10.167 ls/utils.py:227 Reset the environment
INFO 2026-05-28 15:45:17.479 ls/utils.py:227 Recording episode 28
WARNING 2026-05-28 15:45:24.629 t_record.py:512 Episode 28 has no explicit success/failure label, defaulting to 'success'.
INFO 2026-05-28 15:45:24.630 ls/utils.py:227 Reset the environment
INFO 2026-05-28 15:45:32.920 ls/utils.py:227 Recording episode 29
WARNING 2026-05-28 15:45:40.307 t_record.py:512 Episode 29 has no explicit success/failure label, defaulting to 'success'.
INFO 2026-05-28 15:45:40.307 ls/utils.py:227 Reset the environment
INFO 2026-05-28 15:46:01.099 ls/utils.py:227 Recording episode 30
WARNING 2026-05-28 15:46:08.890 t_record.py:512 Episode 30 has no explicit success/failure label, defaulting to 'success'.
INFO 2026-05-28 15:46:08.890 ls/utils.py:227 Reset the environment
INFO 2026-05-28 15:46:19.930 ls/utils.py:227 Recording episode 31
WARNING 2026-05-28 15:46:28.283 t_record.py:512 Episode 31 has no explicit success/failure label, defaulting to 'success'.
INFO 2026-05-28 15:46:28.283 ls/utils.py:227 Reset the environment
INFO 2026-05-28 15:46:37.825 ls/utils.py:227 Recording episode 32
WARNING 2026-05-28 15:46:44.916 t_record.py:512 Episode 32 has no explicit success/failure label, defaulting to 'success'.
INFO 2026-05-28 15:46:44.916 ls/utils.py:227 Reset the environment
INFO 2026-05-28 15:46:52.386 ls/utils.py:227 Recording episode 33
WARNING 2026-05-28 15:46:59.737 t_record.py:512 Episode 33 has no explicit success/failure label, defaulting to 'success'.
INFO 2026-05-28 15:46:59.738 ls/utils.py:227 Reset the environment
INFO 2026-05-28 15:47:07.577 ls/utils.py:227 Recording episode 34
WARNING 2026-05-28 15:47:14.895 t_record.py:512 Episode 34 has no explicit success/failure label, defaulting to 'success'.
INFO 2026-05-28 15:47:14.895 ls/utils.py:227 Reset the environment
INFO 2026-05-28 15:47:33.517 ls/utils.py:227 Recording episode 35
WARNING 2026-05-28 15:47:40.835 t_record.py:512 Episode 35 has no explicit success/failure label, defaulting to 'success'.
INFO 2026-05-28 15:47:40.835 ls/utils.py:227 Reset the environment
INFO 2026-05-28 15:47:49.353 ls/utils.py:227 Recording episode 36
WARNING 2026-05-28 15:47:56.638 t_record.py:512 Episode 36 has no explicit success/failure label, defaulting to 'success'.
INFO 2026-05-28 15:47:56.638 ls/utils.py:227 Reset the environment
INFO 2026-05-28 15:48:05.266 ls/utils.py:227 Recording episode 37
WARNING 2026-05-28 15:48:12.750 t_record.py:512 Episode 37 has no explicit success/failure label, defaulting to 'success'.
INFO 2026-05-28 15:48:12.750 ls/utils.py:227 Reset the environment
INFO 2026-05-28 15:48:20.344 ls/utils.py:227 Recording episode 38
WARNING 2026-05-28 15:48:27.563 t_record.py:512 Episode 38 has no explicit success/failure label, defaulting to 'success'.
INFO 2026-05-28 15:48:27.564 ls/utils.py:227 Reset the environment
INFO 2026-05-28 15:48:36.604 ls/utils.py:227 Recording episode 39
WARNING 2026-05-28 15:48:43.454 t_record.py:512 Episode 39 has no explicit success/failure label, defaulting to 'success'.
INFO 2026-05-28 15:48:43.454 ls/utils.py:227 Reset the environment
INFO 2026-05-28 15:48:57.641 ls/utils.py:227 Recording episode 40
WARNING 2026-05-28 15:49:04.624 t_record.py:512 Episode 40 has no explicit success/failure label, defaulting to 'success'.
INFO 2026-05-28 15:49:04.624 ls/utils.py:227 Reset the environment
INFO 2026-05-28 15:49:13.043 ls/utils.py:227 Recording episode 41
WARNING 2026-05-28 15:49:20.628 t_record.py:512 Episode 41 has no explicit success/failure label, defaulting to 'success'.
INFO 2026-05-28 15:49:20.628 ls/utils.py:227 Reset the environment
INFO 2026-05-28 15:49:27.715 ls/utils.py:227 Recording episode 42
WARNING 2026-05-28 15:49:34.498 t_record.py:512 Episode 42 has no explicit success/failure label, defaulting to 'success'.
INFO 2026-05-28 15:49:34.498 ls/utils.py:227 Reset the environment
INFO 2026-05-28 15:49:42.317 ls/utils.py:227 Recording episode 43
WARNING 2026-05-28 15:49:49.234 t_record.py:512 Episode 43 has no explicit success/failure label, defaulting to 'success'.
INFO 2026-05-28 15:49:49.234 ls/utils.py:227 Reset the environment
INFO 2026-05-28 15:49:57.177 ls/utils.py:227 Recording episode 44
WARNING 2026-05-28 15:50:03.994 t_record.py:512 Episode 44 has no explicit success/failure label, defaulting to 'success'.
INFO 2026-05-28 15:50:03.994 ls/utils.py:227 Reset the environment
INFO 2026-05-28 15:50:14.865 ls/utils.py:227 Recording episode 45
WARNING 2026-05-28 15:50:16.536 t_record.py:512 Episode 45 has no explicit success/failure label, defaulting to 'success'.
INFO 2026-05-28 15:50:16.536 ls/utils.py:227 Reset the environment
INFO 2026-05-28 15:50:26.407 ls/utils.py:227 Re-record episode
INFO 2026-05-28 15:50:26.408 ls/utils.py:227 Recording episode 45
WARNING 2026-05-28 15:50:34.359 t_record.py:512 Episode 45 has no explicit success/failure label, defaulting to 'success'.
INFO 2026-05-28 15:50:34.359 ls/utils.py:227 Reset the environment
INFO 2026-05-28 15:50:43.881 ls/utils.py:227 Recording episode 46
WARNING 2026-05-28 15:50:50.231 t_record.py:512 Episode 46 has no explicit success/failure label, defaulting to 'success'.
INFO 2026-05-28 15:50:50.231 ls/utils.py:227 Reset the environment
INFO 2026-05-28 15:50:58.530 ls/utils.py:227 Recording episode 47
WARNING 2026-05-28 15:51:05.247 t_record.py:512 Episode 47 has no explicit success/failure label, defaulting to 'success'.
INFO 2026-05-28 15:51:05.247 ls/utils.py:227 Reset the environment
INFO 2026-05-28 15:51:23.951 ls/utils.py:227 Recording episode 48
WARNING 2026-05-28 15:51:31.236 t_record.py:512 Episode 48 has no explicit success/failure label, defaulting to 'success'.
INFO 2026-05-28 15:51:31.236 ls/utils.py:227 Reset the environment
INFO 2026-05-28 15:51:43.636 ls/utils.py:227 Recording episode 49
WARNING 2026-05-28 15:51:51.091 t_record.py:512 Episode 49 has no explicit success/failure label, defaulting to 'success'.
INFO 2026-05-28 15:51:54.859 ls/utils.py:227 Stop recording
INFO 2026-05-28 15:51:56.133 t_record.py:570 To inspect the recorded dataset, run:
  lerobot-dataset-report --dataset local_data
INFO 2026-05-28 15:51:56.165 a_opencv.py:592 OpenCVCamera(10) disconnected.
INFO 2026-05-28 15:51:56.185 a_opencv.py:592 OpenCVCamera(4) disconnected.
INFO 2026-05-28 15:51:56.185 follower.py:339 my_piper_follower PiperFollower disconnected.
INFO 2026-05-28 15:51:56.185 r_leader.py:468 my_piper_leader PiperLeader disconnected.
INFO 2026-05-28 15:51:56.186 ls/utils.py:227 Exiting
INFO 2026-05-28 15:53:03.601 t_record.py:325 Human-in-loop recording is enabled. Press 'i' to toggle takeover. Press 's' to mark success and end, 'f' to mark failure and end. Recorded `action` is the executed action. Policy output (when policy is enabled) is stored in `complementary_info.policy_action`. Collector source is stored in `complementary_info.collector_policy_id`. ACP inference: enable=False use_cfg=False cfg_beta=1.000.
INFO 2026-05-28 15:53:03.601 t_record.py:343 {'acp_inference': {'cfg_beta': 1.0, 'enable': False, 'use_cfg': False},
 'collector_policy_id_human': 'human',
 'collector_policy_id_policy': 'human',
 'communication_retry_interval_s': 0.1,
 'communication_retry_timeout_s': 2.0,
 'dataset': {'episode_time_s': 120,
             'fps': 30,
             'num_episodes': 50,
             'num_image_writer_processes': 0,
             'num_image_writer_threads_per_camera': 4,
             'private': False,
             'push_to_hub': False,
             'rename_map': {},
             'repo_id': 'local_data',
             'reset_time_s': 1,
             'root': '/home/ghr/VLA/package_data/single/qwen3_subtask_multipackage/subtask3_5',
             'single_task': 'Grab the package and place it into the box.',
             'tags': None,
             'vcodec': 'libsvtav1',
             'video': True,
             'video_encoding_batch_size': 1},
 'default_episode_success': 'failure',
 'display_compressed_images': False,
 'display_data': True,
 'display_ip': None,
 'display_port': None,
 'enable_collector_policy_id': True,
 'enable_episode_outcome_labeling': True,
 'episode_failure_key': 'f',
 'episode_success_key': 's',
 'intervention_state_machine_enabled': False,
 'intervention_toggle_key': 'i',
 'play_sounds': True,
 'policy': None,
 'policy_sync_parallel': True,
 'policy_sync_to_teleop': False,
 'require_episode_success_label': False,
 'resume': False,
 'robot': {'calibration_dir': None,
           'calibration_scale': 1000,
           'cameras': {'top': {'backend': <Cv2Backends.ANY: 0>,
                               'color_mode': <ColorMode.RGB: 'rgb'>,
                               'fourcc': None,
                               'fps': 30,
                               'height': 480,
                               'index_or_path': 4,
                               'rotation': <Cv2Rotation.NO_ROTATION: 0>,
                               'warmup_s': 1,
                               'width': 640},
                       'wrist': {'backend': <Cv2Backends.ANY: 0>,
                                 'color_mode': <ColorMode.RGB: 'rgb'>,
                                 'fourcc': None,
                                 'fps': 30,
                                 'height': 480,
                                 'index_or_path': 10,
                                 'rotation': <Cv2Rotation.NO_ROTATION: 0>,
                                 'warmup_s': 1,
                                 'width': 640}},
           'can_auto_init': True,
           'disable_on_disconnect': False,
           'enable_on_connect': True,
           'enable_timeout_s': 3.0,
           'gripper_effort_default': 1000,
           'gripper_status_code': 1,
           'high_follow': True,
           'id': 'my_piper_follower',
           'judge_flag': False,
           'log_level': 'WARNING',
           'mode_refresh_interval_s': 1.0,
           'port': 'can1',
           'require_calibration': True,
           'speed_ratio': 50,
           'startup_sleep_s': 0.1,
           'sync_gripper': True},
 'teleop': {'calibration_dir': None,
            'calibration_scale': 1000,
            'can_auto_init': True,
            'command_high_follow': True,
            'command_speed_ratio': 50,
            'disable_on_disconnect': False,
            'enable_timeout_s': 3.0,
            'fallback_to_feedback': True,
            'gravity_comp_base_rpy_deg': (0.0, 0.0, 0.0),
            'gravity_comp_control_hz': 200.0,
            'gravity_comp_mit_kd': 0.0,
            'gravity_comp_mit_kp': 0.0,
            'gravity_comp_torque_limit': 8.0,
            'gravity_comp_tx_ratio': (0.2, 0.2, 0.2, 0.2, 0.2, 0.2),
            'gripper_effort_default': 1000,
            'gripper_status_code': 1,
            'id': 'my_piper_leader',
            'judge_flag': False,
            'log_level': 'WARNING',
            'manual_control': True,
            'mode_refresh_interval_s': 1.0,
            'port': 'can0',
            'prefer_ctrl_messages': True,
            'require_calibration': True,
            'startup_sleep_s': 0.1,
            'sync_gripper': True}}
INFO 2026-05-28 15:53:03.612 t_record.py:371 dataset_features: {'action': {'dtype': 'float32', 'names': ['joint_1.pos', 'joint_2.pos', 'joint_3.pos', 'joint_4.pos', 'joint_5.pos', 'joint_6.pos', 'gripper.pos'], 'shape': (7,)}, 'observation.state': {'dtype': 'float32', 'names': ['joint_1.pos', 'joint_2.pos', 'joint_3.pos', 'joint_4.pos', 'joint_5.pos', 'joint_6.pos', 'gripper.pos'], 'shape': (7,)}, 'observation.images.wrist': {'dtype': 'video', 'shape': (480, 640, 3), 'names': ['height', 'width', 'channels']}, 'observation.images.top': {'dtype': 'video', 'shape': (480, 640, 3), 'names': ['height', 'width', 'channels']}}
INFO 2026-05-28 15:53:03.612 t_record.py:382 dataset_features: {'action': {'dtype': 'float32', 'names': ['joint_1.pos', 'joint_2.pos', 'joint_3.pos', 'joint_4.pos', 'joint_5.pos', 'joint_6.pos', 'gripper.pos'], 'shape': (7,)}, 'observation.state': {'dtype': 'float32', 'names': ['joint_1.pos', 'joint_2.pos', 'joint_3.pos', 'joint_4.pos', 'joint_5.pos', 'joint_6.pos', 'gripper.pos'], 'shape': (7,)}, 'observation.images.wrist': {'dtype': 'video', 'shape': (480, 640, 3), 'names': ['height', 'width', 'channels']}, 'observation.images.top': {'dtype': 'video', 'shape': (480, 640, 3), 'names': ['height', 'width', 'channels']}, 'complementary_info.policy_action': {'dtype': 'float32', 'shape': (7,), 'names': ['joint_1.pos', 'joint_2.pos', 'joint_3.pos', 'joint_4.pos', 'joint_5.pos', 'joint_6.pos', 'gripper.pos']}, 'complementary_info.is_intervention': {'dtype': 'float32', 'shape': (1,), 'names': ['is_intervention']}, 'complementary_info.state': {'dtype': 'float32', 'shape': (1,), 'names': ['state']}, 'complementary_info.collector_policy_id': {'dtype': 'string', 'shape': (1,), 'names': ['collector_policy_id']}}
INFO 2026-05-28 15:53:04.956 a_opencv.py:179 OpenCVCamera(10) connected.
INFO 2026-05-28 15:53:06.169 a_opencv.py:179 OpenCVCamera(4) connected.
INFO 2026-05-28 15:53:06.170 follower.py:139 my_piper_follower PiperFollower connected.
INFO 2026-05-28 15:53:06.996 r_leader.py:130 my_piper_leader PiperLeader connected.
INFO 2026-05-28 15:53:06.997 t_record.py:446 robot and teleop all conected
INFO 2026-05-28 15:53:06.997 ls/utils.py:227 Recording episode 0
WARNING 2026-05-28 15:53:09.605 t_record.py:512 Episode 0 has no explicit success/failure label, defaulting to 'success'.
INFO 2026-05-28 15:53:09.605 ls/utils.py:227 Reset the environment
INFO 2026-05-28 15:53:19.212 ls/utils.py:227 Re-record episode
INFO 2026-05-28 15:53:19.213 ls/utils.py:227 Recording episode 0
WARNING 2026-05-28 15:53:27.968 t_record.py:512 Episode 0 has no explicit success/failure label, defaulting to 'success'.
INFO 2026-05-28 15:53:27.968 ls/utils.py:227 Reset the environment
INFO 2026-05-28 15:54:15.513 ls/utils.py:227 Recording episode 1
WARNING 2026-05-28 15:54:22.297 t_record.py:512 Episode 1 has no explicit success/failure label, defaulting to 'success'.
INFO 2026-05-28 15:54:22.297 ls/utils.py:227 Reset the environment
INFO 2026-05-28 15:54:30.602 ls/utils.py:227 Recording episode 2
WARNING 2026-05-28 15:54:31.840 t_record.py:512 Episode 2 has no explicit success/failure label, defaulting to 'success'.
INFO 2026-05-28 15:54:31.840 ls/utils.py:227 Reset the environment
INFO 2026-05-28 15:54:33.686 ls/utils.py:227 Re-record episode
INFO 2026-05-28 15:54:33.687 ls/utils.py:227 Recording episode 2
WARNING 2026-05-28 15:54:41.408 t_record.py:512 Episode 2 has no explicit success/failure label, defaulting to 'success'.
INFO 2026-05-28 15:54:41.408 ls/utils.py:227 Reset the environment
INFO 2026-05-28 15:54:54.068 ls/utils.py:227 Recording episode 3
WARNING 2026-05-28 15:55:01.386 t_record.py:512 Episode 3 has no explicit success/failure label, defaulting to 'success'.
INFO 2026-05-28 15:55:01.386 ls/utils.py:227 Reset the environment
INFO 2026-05-28 15:55:10.908 ls/utils.py:227 Recording episode 4
WARNING 2026-05-28 15:55:17.861 t_record.py:512 Episode 4 has no explicit success/failure label, defaulting to 'success'.
INFO 2026-05-28 15:55:17.861 ls/utils.py:227 Reset the environment
INFO 2026-05-28 15:55:33.861 ls/utils.py:227 Recording episode 5
WARNING 2026-05-28 15:55:40.879 t_record.py:512 Episode 5 has no explicit success/failure label, defaulting to 'success'.
INFO 2026-05-28 15:55:40.879 ls/utils.py:227 Reset the environment
INFO 2026-05-28 15:55:52.702 ls/utils.py:227 Recording episode 6
WARNING 2026-05-28 15:55:58.952 t_record.py:512 Episode 6 has no explicit success/failure label, defaulting to 'success'.
INFO 2026-05-28 15:55:58.952 ls/utils.py:227 Reset the environment
INFO 2026-05-28 15:56:09.442 ls/utils.py:227 Recording episode 7
WARNING 2026-05-28 15:56:15.991 t_record.py:512 Episode 7 has no explicit success/failure label, defaulting to 'success'.
INFO 2026-05-28 15:56:15.991 ls/utils.py:227 Reset the environment
INFO 2026-05-28 16:03:03.174 ls/utils.py:227 Recording episode 8
WARNING 2026-05-28 16:09:46.262 t_record.py:512 Episode 8 has no explicit success/failure label, defaulting to 'success'.
INFO 2026-05-28 16:09:46.262 ls/utils.py:227 Reset the environment
INFO 2026-05-28 16:12:39.093 ls/utils.py:227 Recording episode 9
WARNING 2026-05-28 16:12:39.095 t_record.py:512 Episode 9 has no explicit success/failure label, defaulting to 'success'.
INFO 2026-05-28 16:12:39.095 ls/utils.py:227 Reset the environment
INFO 2026-05-28 16:12:51.033 ls/utils.py:227 Stop recording
INFO 2026-05-28 16:12:52.278 t_record.py:570 To inspect the recorded dataset, run:
  lerobot-dataset-report --dataset local_data
INFO 2026-05-28 16:12:52.312 a_opencv.py:592 OpenCVCamera(10) disconnected.
INFO 2026-05-28 16:12:52.321 a_opencv.py:592 OpenCVCamera(4) disconnected.
INFO 2026-05-28 16:12:52.321 follower.py:339 my_piper_follower PiperFollower disconnected.
INFO 2026-05-28 16:12:52.321 r_leader.py:468 my_piper_leader PiperLeader disconnected.
INFO 2026-05-28 16:12:52.321 ls/utils.py:227 Exiting
INFO 2026-05-29 10:33:17.490 t_record.py:325 Human-in-loop recording is enabled. Press 'i' to toggle takeover. Press 's' to mark success and end, 'f' to mark failure and end. Recorded `action` is the executed action. Policy output (when policy is enabled) is stored in `complementary_info.policy_action`. Collector source is stored in `complementary_info.collector_policy_id`. ACP inference: enable=False use_cfg=False cfg_beta=1.000.
INFO 2026-05-29 10:33:17.491 t_record.py:343 {'acp_inference': {'cfg_beta': 1.0, 'enable': False, 'use_cfg': False},
 'collector_policy_id_human': 'human',
 'collector_policy_id_policy': 'human',
 'communication_retry_interval_s': 0.1,
 'communication_retry_timeout_s': 2.0,
 'dataset': {'episode_time_s': 120,
             'fps': 30,
             'num_episodes': 50,
             'num_image_writer_processes': 0,
             'num_image_writer_threads_per_camera': 4,
             'private': False,
             'push_to_hub': False,
             'rename_map': {},
             'repo_id': 'local_data',
             'reset_time_s': 1,
             'root': '/home/ghr/VLA/package_data/single/qwen3_subtask_multipackage/subtask1_3',
             'single_task': 'Grab the package and place it on the pallet.',
             'tags': None,
             'vcodec': 'libsvtav1',
             'video': True,
             'video_encoding_batch_size': 1},
 'default_episode_success': 'failure',
 'display_compressed_images': False,
 'display_data': True,
 'display_ip': None,
 'display_port': None,
 'enable_collector_policy_id': True,
 'enable_episode_outcome_labeling': True,
 'episode_failure_key': 'f',
 'episode_success_key': 's',
 'intervention_state_machine_enabled': False,
 'intervention_toggle_key': 'i',
 'play_sounds': True,
 'policy': None,
 'policy_sync_parallel': True,
 'policy_sync_to_teleop': False,
 'require_episode_success_label': False,
 'resume': False,
 'robot': {'calibration_dir': None,
           'calibration_scale': 1000,
           'cameras': {'top': {'backend': <Cv2Backends.ANY: 0>,
                               'color_mode': <ColorMode.RGB: 'rgb'>,
                               'fourcc': None,
                               'fps': 30,
                               'height': 480,
                               'index_or_path': 4,
                               'rotation': <Cv2Rotation.NO_ROTATION: 0>,
                               'warmup_s': 1,
                               'width': 640},
                       'wrist': {'backend': <Cv2Backends.ANY: 0>,
                                 'color_mode': <ColorMode.RGB: 'rgb'>,
                                 'fourcc': None,
                                 'fps': 30,
                                 'height': 480,
                                 'index_or_path': 10,
                                 'rotation': <Cv2Rotation.NO_ROTATION: 0>,
                                 'warmup_s': 1,
                                 'width': 640}},
           'can_auto_init': True,
           'disable_on_disconnect': False,
           'enable_on_connect': True,
           'enable_timeout_s': 3.0,
           'gripper_effort_default': 1000,
           'gripper_status_code': 1,
           'high_follow': True,
           'id': 'my_piper_follower',
           'judge_flag': False,
           'log_level': 'WARNING',
           'mode_refresh_interval_s': 1.0,
           'port': 'can1',
           'require_calibration': True,
           'speed_ratio': 50,
           'startup_sleep_s': 0.1,
           'sync_gripper': True},
 'teleop': {'calibration_dir': None,
            'calibration_scale': 1000,
            'can_auto_init': True,
            'command_high_follow': True,
            'command_speed_ratio': 50,
            'disable_on_disconnect': False,
            'enable_timeout_s': 3.0,
            'fallback_to_feedback': True,
            'gravity_comp_base_rpy_deg': (0.0, 0.0, 0.0),
            'gravity_comp_control_hz': 200.0,
            'gravity_comp_mit_kd': 0.0,
            'gravity_comp_mit_kp': 0.0,
            'gravity_comp_torque_limit': 8.0,
            'gravity_comp_tx_ratio': (0.2, 0.2, 0.2, 0.2, 0.2, 0.2),
            'gripper_effort_default': 1000,
            'gripper_status_code': 1,
            'id': 'my_piper_leader',
            'judge_flag': False,
            'log_level': 'WARNING',
            'manual_control': True,
            'mode_refresh_interval_s': 1.0,
            'port': 'can0',
            'prefer_ctrl_messages': True,
            'require_calibration': True,
            'startup_sleep_s': 0.1,
            'sync_gripper': True}}
INFO 2026-05-29 10:33:17.757 t_record.py:371 dataset_features: {'action': {'dtype': 'float32', 'names': ['joint_1.pos', 'joint_2.pos', 'joint_3.pos', 'joint_4.pos', 'joint_5.pos', 'joint_6.pos', 'gripper.pos'], 'shape': (7,)}, 'observation.state': {'dtype': 'float32', 'names': ['joint_1.pos', 'joint_2.pos', 'joint_3.pos', 'joint_4.pos', 'joint_5.pos', 'joint_6.pos', 'gripper.pos'], 'shape': (7,)}, 'observation.images.wrist': {'dtype': 'video', 'shape': (480, 640, 3), 'names': ['height', 'width', 'channels']}, 'observation.images.top': {'dtype': 'video', 'shape': (480, 640, 3), 'names': ['height', 'width', 'channels']}}
INFO 2026-05-29 10:33:17.757 t_record.py:382 dataset_features: {'action': {'dtype': 'float32', 'names': ['joint_1.pos', 'joint_2.pos', 'joint_3.pos', 'joint_4.pos', 'joint_5.pos', 'joint_6.pos', 'gripper.pos'], 'shape': (7,)}, 'observation.state': {'dtype': 'float32', 'names': ['joint_1.pos', 'joint_2.pos', 'joint_3.pos', 'joint_4.pos', 'joint_5.pos', 'joint_6.pos', 'gripper.pos'], 'shape': (7,)}, 'observation.images.wrist': {'dtype': 'video', 'shape': (480, 640, 3), 'names': ['height', 'width', 'channels']}, 'observation.images.top': {'dtype': 'video', 'shape': (480, 640, 3), 'names': ['height', 'width', 'channels']}, 'complementary_info.policy_action': {'dtype': 'float32', 'shape': (7,), 'names': ['joint_1.pos', 'joint_2.pos', 'joint_3.pos', 'joint_4.pos', 'joint_5.pos', 'joint_6.pos', 'gripper.pos']}, 'complementary_info.is_intervention': {'dtype': 'float32', 'shape': (1,), 'names': ['is_intervention']}, 'complementary_info.state': {'dtype': 'float32', 'shape': (1,), 'names': ['state']}, 'complementary_info.collector_policy_id': {'dtype': 'string', 'shape': (1,), 'names': ['collector_policy_id']}}
INFO 2026-05-29 10:33:19.124 a_opencv.py:179 OpenCVCamera(10) connected.
INFO 2026-05-29 10:33:20.337 a_opencv.py:179 OpenCVCamera(4) connected.
INFO 2026-05-29 10:33:20.338 follower.py:139 my_piper_follower PiperFollower connected.
INFO 2026-05-29 10:33:21.636 r_leader.py:130 my_piper_leader PiperLeader connected.
INFO 2026-05-29 10:33:21.636 t_record.py:446 robot and teleop all conected
INFO 2026-05-29 10:33:21.638 ls/utils.py:227 Recording episode 0
WARNING 2026-05-29 10:33:34.750 t_record.py:512 Episode 0 has no explicit success/failure label, defaulting to 'success'.
INFO 2026-05-29 10:33:34.750 ls/utils.py:227 Reset the environment
INFO 2026-05-29 10:37:31.019 ls/utils.py:227 Re-record episode
INFO 2026-05-29 10:37:31.020 ls/utils.py:227 Recording episode 0
WARNING 2026-05-29 10:37:44.082 t_record.py:512 Episode 0 has no explicit success/failure label, defaulting to 'success'.
INFO 2026-05-29 10:37:44.082 ls/utils.py:227 Reset the environment
INFO 2026-05-29 10:37:56.586 ls/utils.py:227 Recording episode 1
WARNING 2026-05-29 10:38:02.399 t_record.py:512 Episode 1 has no explicit success/failure label, defaulting to 'success'.
INFO 2026-05-29 10:38:02.399 ls/utils.py:227 Reset the environment
INFO 2026-05-29 10:38:14.927 ls/utils.py:227 Recording episode 2
WARNING 2026-05-29 10:38:17.701 t_record.py:512 Episode 2 has no explicit success/failure label, defaulting to 'success'.
INFO 2026-05-29 10:38:17.702 ls/utils.py:227 Reset the environment
INFO 2026-05-29 10:38:18.504 ls/utils.py:227 Re-record episode
INFO 2026-05-29 10:38:18.505 ls/utils.py:227 Recording episode 2
WARNING 2026-05-29 10:38:25.109 t_record.py:512 Episode 2 has no explicit success/failure label, defaulting to 'success'.
INFO 2026-05-29 10:38:25.109 ls/utils.py:227 Reset the environment
INFO 2026-05-29 10:38:34.837 ls/utils.py:227 Recording episode 3
WARNING 2026-05-29 10:38:43.093 t_record.py:512 Episode 3 has no explicit success/failure label, defaulting to 'success'.
INFO 2026-05-29 10:38:43.093 ls/utils.py:227 Reset the environment
INFO 2026-05-29 10:38:53.166 ls/utils.py:227 Recording episode 4
WARNING 2026-05-29 10:39:00.552 t_record.py:512 Episode 4 has no explicit success/failure label, defaulting to 'success'.
INFO 2026-05-29 10:39:00.552 ls/utils.py:227 Reset the environment
INFO 2026-05-29 10:39:11.771 ls/utils.py:227 Recording episode 5
WARNING 2026-05-29 10:39:18.254 t_record.py:512 Episode 5 has no explicit success/failure label, defaulting to 'success'.
INFO 2026-05-29 10:39:18.254 ls/utils.py:227 Reset the environment
INFO 2026-05-29 10:39:26.177 ls/utils.py:227 Recording episode 6
WARNING 2026-05-29 10:39:28.317 t_record.py:512 Episode 6 has no explicit success/failure label, defaulting to 'success'.
INFO 2026-05-29 10:39:28.317 ls/utils.py:227 Reset the environment
INFO 2026-05-29 10:39:29.654 ls/utils.py:227 Re-record episode
INFO 2026-05-29 10:39:29.654 ls/utils.py:227 Recording episode 6
WARNING 2026-05-29 10:39:36.314 t_record.py:512 Episode 6 has no explicit success/failure label, defaulting to 'success'.
INFO 2026-05-29 10:39:36.314 ls/utils.py:227 Reset the environment
INFO 2026-05-29 10:39:43.973 ls/utils.py:227 Recording episode 7
WARNING 2026-05-29 10:39:49.220 t_record.py:512 Episode 7 has no explicit success/failure label, defaulting to 'success'.
INFO 2026-05-29 10:39:49.220 ls/utils.py:227 Reset the environment
INFO 2026-05-29 10:39:56.405 ls/utils.py:227 Recording episode 8
WARNING 2026-05-29 10:40:01.954 t_record.py:512 Episode 8 has no explicit success/failure label, defaulting to 'success'.
INFO 2026-05-29 10:40:01.954 ls/utils.py:227 Reset the environment
INFO 2026-05-29 10:40:11.389 ls/utils.py:227 Recording episode 9
WARNING 2026-05-29 10:40:18.076 t_record.py:512 Episode 9 has no explicit success/failure label, defaulting to 'success'.
INFO 2026-05-29 10:40:18.076 ls/utils.py:227 Reset the environment
INFO 2026-05-29 10:40:26.965 ls/utils.py:227 Recording episode 10
WARNING 2026-05-29 10:40:34.594 t_record.py:512 Episode 10 has no explicit success/failure label, defaulting to 'success'.
INFO 2026-05-29 10:40:34.594 ls/utils.py:227 Reset the environment
INFO 2026-05-29 10:40:43.692 ls/utils.py:227 Recording episode 11
WARNING 2026-05-29 10:40:49.276 t_record.py:512 Episode 11 has no explicit success/failure label, defaulting to 'success'.
INFO 2026-05-29 10:40:49.276 ls/utils.py:227 Reset the environment
INFO 2026-05-29 10:40:59.165 ls/utils.py:227 Recording episode 12
WARNING 2026-05-29 10:41:04.512 t_record.py:512 Episode 12 has no explicit success/failure label, defaulting to 'success'.
INFO 2026-05-29 10:41:04.512 ls/utils.py:227 Reset the environment
INFO 2026-05-29 10:41:12.750 ls/utils.py:227 Recording episode 13
WARNING 2026-05-29 10:41:18.163 t_record.py:512 Episode 13 has no explicit success/failure label, defaulting to 'success'.
INFO 2026-05-29 10:41:18.163 ls/utils.py:227 Reset the environment
INFO 2026-05-29 10:41:29.601 ls/utils.py:227 Recording episode 14
WARNING 2026-05-29 10:41:33.980 t_record.py:512 Episode 14 has no explicit success/failure label, defaulting to 'success'.
INFO 2026-05-29 10:41:33.980 ls/utils.py:227 Reset the environment
INFO 2026-05-29 10:41:42.831 ls/utils.py:227 Recording episode 15
WARNING 2026-05-29 10:41:48.914 t_record.py:512 Episode 15 has no explicit success/failure label, defaulting to 'success'.
INFO 2026-05-29 10:41:48.914 ls/utils.py:227 Reset the environment
INFO 2026-05-29 10:41:57.557 ls/utils.py:227 Recording episode 16
WARNING 2026-05-29 10:42:02.905 t_record.py:512 Episode 16 has no explicit success/failure label, defaulting to 'success'.
INFO 2026-05-29 10:42:02.905 ls/utils.py:227 Reset the environment
INFO 2026-05-29 10:42:20.903 ls/utils.py:227 Recording episode 17
WARNING 2026-05-29 10:42:26.850 t_record.py:512 Episode 17 has no explicit success/failure label, defaulting to 'success'.
INFO 2026-05-29 10:42:26.851 ls/utils.py:227 Reset the environment
INFO 2026-05-29 10:42:36.748 ls/utils.py:227 Recording episode 18
WARNING 2026-05-29 10:42:46.730 t_record.py:512 Episode 18 has no explicit success/failure label, defaulting to 'success'.
INFO 2026-05-29 10:42:46.730 ls/utils.py:227 Reset the environment
INFO 2026-05-29 10:42:56.413 ls/utils.py:227 Recording episode 19
WARNING 2026-05-29 10:43:02.862 t_record.py:512 Episode 19 has no explicit success/failure label, defaulting to 'success'.
INFO 2026-05-29 10:43:02.862 ls/utils.py:227 Reset the environment
INFO 2026-05-29 10:43:12.391 ls/utils.py:227 Recording episode 20
WARNING 2026-05-29 10:43:17.370 t_record.py:512 Episode 20 has no explicit success/failure label, defaulting to 'success'.
INFO 2026-05-29 10:43:17.370 ls/utils.py:227 Reset the environment
INFO 2026-05-29 10:43:26.380 ls/utils.py:227 Recording episode 21
WARNING 2026-05-29 10:43:31.158 t_record.py:512 Episode 21 has no explicit success/failure label, defaulting to 'success'.
INFO 2026-05-29 10:43:31.158 ls/utils.py:227 Reset the environment
INFO 2026-05-29 10:43:40.368 ls/utils.py:227 Recording episode 22
WARNING 2026-05-29 10:43:45.413 t_record.py:512 Episode 22 has no explicit success/failure label, defaulting to 'success'.
INFO 2026-05-29 10:43:45.413 ls/utils.py:227 Reset the environment
INFO 2026-05-29 10:43:54.296 ls/utils.py:227 Recording episode 23
WARNING 2026-05-29 10:43:58.507 t_record.py:512 Episode 23 has no explicit success/failure label, defaulting to 'success'.
INFO 2026-05-29 10:43:58.507 ls/utils.py:227 Reset the environment
INFO 2026-05-29 10:44:04.890 ls/utils.py:227 Recording episode 24
WARNING 2026-05-29 10:44:09.769 t_record.py:512 Episode 24 has no explicit success/failure label, defaulting to 'success'.
INFO 2026-05-29 10:44:09.769 ls/utils.py:227 Reset the environment
INFO 2026-05-29 10:44:18.381 ls/utils.py:227 Recording episode 25
WARNING 2026-05-29 10:44:22.324 t_record.py:512 Episode 25 has no explicit success/failure label, defaulting to 'success'.
INFO 2026-05-29 10:44:22.324 ls/utils.py:227 Reset the environment
INFO 2026-05-29 10:44:28.897 ls/utils.py:227 Recording episode 26
WARNING 2026-05-29 10:44:34.044 t_record.py:512 Episode 26 has no explicit success/failure label, defaulting to 'success'.
INFO 2026-05-29 10:44:34.044 ls/utils.py:227 Reset the environment
INFO 2026-05-29 10:44:40.996 ls/utils.py:227 Recording episode 27
WARNING 2026-05-29 10:44:45.273 t_record.py:512 Episode 27 has no explicit success/failure label, defaulting to 'success'.
INFO 2026-05-29 10:44:45.273 ls/utils.py:227 Reset the environment
INFO 2026-05-29 10:44:54.715 ls/utils.py:227 Recording episode 28
WARNING 2026-05-29 10:44:59.093 t_record.py:512 Episode 28 has no explicit success/failure label, defaulting to 'success'.
INFO 2026-05-29 10:44:59.094 ls/utils.py:227 Reset the environment
INFO 2026-05-29 10:45:06.288 ls/utils.py:227 Recording episode 29
WARNING 2026-05-29 10:45:10.899 t_record.py:512 Episode 29 has no explicit success/failure label, defaulting to 'success'.
INFO 2026-05-29 10:45:10.899 ls/utils.py:227 Reset the environment
INFO 2026-05-29 10:45:18.632 ls/utils.py:227 Stop recording
INFO 2026-05-29 10:45:19.906 t_record.py:570 To inspect the recorded dataset, run:
  lerobot-dataset-report --dataset local_data
INFO 2026-05-29 10:45:19.923 a_opencv.py:592 OpenCVCamera(10) disconnected.
INFO 2026-05-29 10:45:19.935 a_opencv.py:592 OpenCVCamera(4) disconnected.
INFO 2026-05-29 10:45:19.935 follower.py:339 my_piper_follower PiperFollower disconnected.
INFO 2026-05-29 10:45:19.938 r_leader.py:468 my_piper_leader PiperLeader disconnected.
INFO 2026-05-29 10:45:19.938 ls/utils.py:227 Exiting
INFO 2026-05-29 10:46:14.317 t_record.py:325 Human-in-loop recording is enabled. Press 'i' to toggle takeover. Press 's' to mark success and end, 'f' to mark failure and end. Recorded `action` is the executed action. Policy output (when policy is enabled) is stored in `complementary_info.policy_action`. Collector source is stored in `complementary_info.collector_policy_id`. ACP inference: enable=False use_cfg=False cfg_beta=1.000.
INFO 2026-05-29 10:46:14.318 t_record.py:343 {'acp_inference': {'cfg_beta': 1.0, 'enable': False, 'use_cfg': False},
 'collector_policy_id_human': 'human',
 'collector_policy_id_policy': 'human',
 'communication_retry_interval_s': 0.1,
 'communication_retry_timeout_s': 2.0,
 'dataset': {'episode_time_s': 120,
             'fps': 30,
             'num_episodes': 50,
             'num_image_writer_processes': 0,
             'num_image_writer_threads_per_camera': 4,
             'private': False,
             'push_to_hub': False,
             'rename_map': {},
             'repo_id': 'local_data',
             'reset_time_s': 1,
             'root': '/home/ghr/VLA/package_data/single/qwen3_subtask_multipackage/subtask2_4',
             'single_task': 'Flip the package if the barcode is not facing up.',
             'tags': None,
             'vcodec': 'libsvtav1',
             'video': True,
             'video_encoding_batch_size': 1},
 'default_episode_success': 'failure',
 'display_compressed_images': False,
 'display_data': True,
 'display_ip': None,
 'display_port': None,
 'enable_collector_policy_id': True,
 'enable_episode_outcome_labeling': True,
 'episode_failure_key': 'f',
 'episode_success_key': 's',
 'intervention_state_machine_enabled': False,
 'intervention_toggle_key': 'i',
 'play_sounds': True,
 'policy': None,
 'policy_sync_parallel': True,
 'policy_sync_to_teleop': False,
 'require_episode_success_label': False,
 'resume': False,
 'robot': {'calibration_dir': None,
           'calibration_scale': 1000,
           'cameras': {'top': {'backend': <Cv2Backends.ANY: 0>,
                               'color_mode': <ColorMode.RGB: 'rgb'>,
                               'fourcc': None,
                               'fps': 30,
                               'height': 480,
                               'index_or_path': 4,
                               'rotation': <Cv2Rotation.NO_ROTATION: 0>,
                               'warmup_s': 1,
                               'width': 640},
                       'wrist': {'backend': <Cv2Backends.ANY: 0>,
                                 'color_mode': <ColorMode.RGB: 'rgb'>,
                                 'fourcc': None,
                                 'fps': 30,
                                 'height': 480,
                                 'index_or_path': 10,
                                 'rotation': <Cv2Rotation.NO_ROTATION: 0>,
                                 'warmup_s': 1,
                                 'width': 640}},
           'can_auto_init': True,
           'disable_on_disconnect': False,
           'enable_on_connect': True,
           'enable_timeout_s': 3.0,
           'gripper_effort_default': 1000,
           'gripper_status_code': 1,
           'high_follow': True,
           'id': 'my_piper_follower',
           'judge_flag': False,
           'log_level': 'WARNING',
           'mode_refresh_interval_s': 1.0,
           'port': 'can1',
           'require_calibration': True,
           'speed_ratio': 50,
           'startup_sleep_s': 0.1,
           'sync_gripper': True},
 'teleop': {'calibration_dir': None,
            'calibration_scale': 1000,
            'can_auto_init': True,
            'command_high_follow': True,
            'command_speed_ratio': 50,
            'disable_on_disconnect': False,
            'enable_timeout_s': 3.0,
            'fallback_to_feedback': True,
            'gravity_comp_base_rpy_deg': (0.0, 0.0, 0.0),
            'gravity_comp_control_hz': 200.0,
            'gravity_comp_mit_kd': 0.0,
            'gravity_comp_mit_kp': 0.0,
            'gravity_comp_torque_limit': 8.0,
            'gravity_comp_tx_ratio': (0.2, 0.2, 0.2, 0.2, 0.2, 0.2),
            'gripper_effort_default': 1000,
            'gripper_status_code': 1,
            'id': 'my_piper_leader',
            'judge_flag': False,
            'log_level': 'WARNING',
            'manual_control': True,
            'mode_refresh_interval_s': 1.0,
            'port': 'can0',
            'prefer_ctrl_messages': True,
            'require_calibration': True,
            'startup_sleep_s': 0.1,
            'sync_gripper': True}}
INFO 2026-05-29 10:46:14.329 t_record.py:371 dataset_features: {'action': {'dtype': 'float32', 'names': ['joint_1.pos', 'joint_2.pos', 'joint_3.pos', 'joint_4.pos', 'joint_5.pos', 'joint_6.pos', 'gripper.pos'], 'shape': (7,)}, 'observation.state': {'dtype': 'float32', 'names': ['joint_1.pos', 'joint_2.pos', 'joint_3.pos', 'joint_4.pos', 'joint_5.pos', 'joint_6.pos', 'gripper.pos'], 'shape': (7,)}, 'observation.images.wrist': {'dtype': 'video', 'shape': (480, 640, 3), 'names': ['height', 'width', 'channels']}, 'observation.images.top': {'dtype': 'video', 'shape': (480, 640, 3), 'names': ['height', 'width', 'channels']}}
INFO 2026-05-29 10:46:14.329 t_record.py:382 dataset_features: {'action': {'dtype': 'float32', 'names': ['joint_1.pos', 'joint_2.pos', 'joint_3.pos', 'joint_4.pos', 'joint_5.pos', 'joint_6.pos', 'gripper.pos'], 'shape': (7,)}, 'observation.state': {'dtype': 'float32', 'names': ['joint_1.pos', 'joint_2.pos', 'joint_3.pos', 'joint_4.pos', 'joint_5.pos', 'joint_6.pos', 'gripper.pos'], 'shape': (7,)}, 'observation.images.wrist': {'dtype': 'video', 'shape': (480, 640, 3), 'names': ['height', 'width', 'channels']}, 'observation.images.top': {'dtype': 'video', 'shape': (480, 640, 3), 'names': ['height', 'width', 'channels']}, 'complementary_info.policy_action': {'dtype': 'float32', 'shape': (7,), 'names': ['joint_1.pos', 'joint_2.pos', 'joint_3.pos', 'joint_4.pos', 'joint_5.pos', 'joint_6.pos', 'gripper.pos']}, 'complementary_info.is_intervention': {'dtype': 'float32', 'shape': (1,), 'names': ['is_intervention']}, 'complementary_info.state': {'dtype': 'float32', 'shape': (1,), 'names': ['state']}, 'complementary_info.collector_policy_id': {'dtype': 'string', 'shape': (1,), 'names': ['collector_policy_id']}}
INFO 2026-05-29 10:46:15.675 a_opencv.py:179 OpenCVCamera(10) connected.
INFO 2026-05-29 10:46:16.888 a_opencv.py:179 OpenCVCamera(4) connected.
INFO 2026-05-29 10:46:16.888 follower.py:139 my_piper_follower PiperFollower connected.
INFO 2026-05-29 10:46:17.710 r_leader.py:130 my_piper_leader PiperLeader connected.
INFO 2026-05-29 10:46:17.710 t_record.py:446 robot and teleop all conected
INFO 2026-05-29 10:46:17.711 ls/utils.py:227 Recording episode 0
WARNING 2026-05-29 10:46:23.793 t_record.py:512 Episode 0 has no explicit success/failure label, defaulting to 'success'.
INFO 2026-05-29 10:46:23.793 ls/utils.py:227 Reset the environment
INFO 2026-05-29 10:46:26.933 ls/utils.py:227 Re-record episode
INFO 2026-05-29 10:46:26.934 ls/utils.py:227 Recording episode 0
WARNING 2026-05-29 10:46:32.647 t_record.py:512 Episode 0 has no explicit success/failure label, defaulting to 'success'.
INFO 2026-05-29 10:46:32.647 ls/utils.py:227 Reset the environment
INFO 2026-05-29 10:46:41.191 ls/utils.py:227 Recording episode 1
WARNING 2026-05-29 10:46:45.367 t_record.py:512 Episode 1 has no explicit success/failure label, defaulting to 'success'.
INFO 2026-05-29 10:46:45.367 ls/utils.py:227 Reset the environment
INFO 2026-05-29 10:46:54.103 ls/utils.py:227 Recording episode 2
WARNING 2026-05-29 10:46:58.380 t_record.py:512 Episode 2 has no explicit success/failure label, defaulting to 'success'.
INFO 2026-05-29 10:46:58.380 ls/utils.py:227 Reset the environment
INFO 2026-05-29 10:47:09.235 ls/utils.py:227 Recording episode 3
WARNING 2026-05-29 10:47:13.178 t_record.py:512 Episode 3 has no explicit success/failure label, defaulting to 'success'.
INFO 2026-05-29 10:47:13.178 ls/utils.py:227 Reset the environment
INFO 2026-05-29 10:47:23.292 ls/utils.py:227 Recording episode 4
WARNING 2026-05-29 10:47:27.100 t_record.py:512 Episode 4 has no explicit success/failure label, defaulting to 'success'.
INFO 2026-05-29 10:47:27.100 ls/utils.py:227 Reset the environment
INFO 2026-05-29 10:47:34.752 ls/utils.py:227 Recording episode 5
WARNING 2026-05-29 10:47:38.562 t_record.py:512 Episode 5 has no explicit success/failure label, defaulting to 'success'.
INFO 2026-05-29 10:47:38.562 ls/utils.py:227 Reset the environment
INFO 2026-05-29 10:47:56.371 ls/utils.py:227 Recording episode 6
WARNING 2026-05-29 10:48:01.116 t_record.py:512 Episode 6 has no explicit success/failure label, defaulting to 'success'.
INFO 2026-05-29 10:48:01.116 ls/utils.py:227 Reset the environment
INFO 2026-05-29 10:48:07.584 ls/utils.py:227 Recording episode 7
WARNING 2026-05-29 10:48:11.928 t_record.py:512 Episode 7 has no explicit success/failure label, defaulting to 'success'.
INFO 2026-05-29 10:48:11.928 ls/utils.py:227 Reset the environment
INFO 2026-05-29 10:48:19.316 ls/utils.py:227 Recording episode 8
WARNING 2026-05-29 10:48:23.293 t_record.py:512 Episode 8 has no explicit success/failure label, defaulting to 'success'.
INFO 2026-05-29 10:48:23.293 ls/utils.py:227 Reset the environment
INFO 2026-05-29 10:48:30.939 ls/utils.py:227 Recording episode 9
WARNING 2026-05-29 10:48:34.948 t_record.py:512 Episode 9 has no explicit success/failure label, defaulting to 'success'.
INFO 2026-05-29 10:48:34.948 ls/utils.py:227 Reset the environment
INFO 2026-05-29 10:48:42.334 ls/utils.py:227 Recording episode 10
WARNING 2026-05-29 10:48:46.044 t_record.py:512 Episode 10 has no explicit success/failure label, defaulting to 'success'.
INFO 2026-05-29 10:48:46.044 ls/utils.py:227 Reset the environment
INFO 2026-05-29 10:48:54.515 ls/utils.py:227 Recording episode 11
WARNING 2026-05-29 10:48:58.628 t_record.py:512 Episode 11 has no explicit success/failure label, defaulting to 'success'.
INFO 2026-05-29 10:48:58.628 ls/utils.py:227 Reset the environment
INFO 2026-05-29 10:49:15.013 ls/utils.py:227 Recording episode 12
WARNING 2026-05-29 10:49:19.290 t_record.py:512 Episode 12 has no explicit success/failure label, defaulting to 'success'.
INFO 2026-05-29 10:49:19.290 ls/utils.py:227 Reset the environment
INFO 2026-05-29 10:49:26.948 ls/utils.py:227 Recording episode 13
WARNING 2026-05-29 10:49:30.659 t_record.py:512 Episode 13 has no explicit success/failure label, defaulting to 'success'.
INFO 2026-05-29 10:49:30.659 ls/utils.py:227 Reset the environment
INFO 2026-05-29 10:49:39.090 ls/utils.py:227 Recording episode 14
WARNING 2026-05-29 10:49:43.767 t_record.py:512 Episode 14 has no explicit success/failure label, defaulting to 'success'.
INFO 2026-05-29 10:49:43.767 ls/utils.py:227 Reset the environment
INFO 2026-05-29 10:49:53.085 ls/utils.py:227 Recording episode 15
WARNING 2026-05-29 10:49:57.230 t_record.py:512 Episode 15 has no explicit success/failure label, defaulting to 'success'.
INFO 2026-05-29 10:49:57.230 ls/utils.py:227 Reset the environment
INFO 2026-05-29 10:50:05.475 ls/utils.py:227 Recording episode 16
WARNING 2026-05-29 10:50:09.285 t_record.py:512 Episode 16 has no explicit success/failure label, defaulting to 'success'.
INFO 2026-05-29 10:50:09.285 ls/utils.py:227 Reset the environment
INFO 2026-05-29 10:50:19.310 ls/utils.py:227 Recording episode 17
WARNING 2026-05-29 10:50:24.726 t_record.py:512 Episode 17 has no explicit success/failure label, defaulting to 'success'.
INFO 2026-05-29 10:50:24.726 ls/utils.py:227 Reset the environment
INFO 2026-05-29 10:50:34.600 ls/utils.py:227 Recording episode 18
WARNING 2026-05-29 10:50:38.510 t_record.py:512 Episode 18 has no explicit success/failure label, defaulting to 'success'.
INFO 2026-05-29 10:50:38.510 ls/utils.py:227 Reset the environment
INFO 2026-05-29 10:50:46.606 ls/utils.py:227 Recording episode 19
WARNING 2026-05-29 10:50:52.188 t_record.py:512 Episode 19 has no explicit success/failure label, defaulting to 'success'.
INFO 2026-05-29 10:50:52.188 ls/utils.py:227 Reset the environment
INFO 2026-05-29 10:51:00.977 ls/utils.py:227 Recording episode 20
WARNING 2026-05-29 10:51:05.789 t_record.py:512 Episode 20 has no explicit success/failure label, defaulting to 'success'.
INFO 2026-05-29 10:51:05.789 ls/utils.py:227 Reset the environment
INFO 2026-05-29 10:51:14.102 ls/utils.py:227 Recording episode 21
WARNING 2026-05-29 10:51:21.555 t_record.py:512 Episode 21 has no explicit success/failure label, defaulting to 'success'.
INFO 2026-05-29 10:51:21.555 ls/utils.py:227 Reset the environment
INFO 2026-05-29 10:51:34.172 ls/utils.py:227 Recording episode 22
WARNING 2026-05-29 10:51:39.353 t_record.py:512 Episode 22 has no explicit success/failure label, defaulting to 'success'.
INFO 2026-05-29 10:51:39.353 ls/utils.py:227 Reset the environment
INFO 2026-05-29 10:51:49.273 ls/utils.py:227 Recording episode 23
WARNING 2026-05-29 10:51:54.121 t_record.py:512 Episode 23 has no explicit success/failure label, defaulting to 'success'.
INFO 2026-05-29 10:51:54.121 ls/utils.py:227 Reset the environment
INFO 2026-05-29 10:52:12.905 ls/utils.py:227 Recording episode 24
WARNING 2026-05-29 10:52:18.287 t_record.py:512 Episode 24 has no explicit success/failure label, defaulting to 'success'.
INFO 2026-05-29 10:52:18.287 ls/utils.py:227 Reset the environment
INFO 2026-05-29 10:52:25.294 ls/utils.py:227 Recording episode 25
WARNING 2026-05-29 10:52:30.675 t_record.py:512 Episode 25 has no explicit success/failure label, defaulting to 'success'.
INFO 2026-05-29 10:52:30.675 ls/utils.py:227 Reset the environment
INFO 2026-05-29 10:52:38.800 ls/utils.py:227 Recording episode 26
WARNING 2026-05-29 10:52:44.312 t_record.py:512 Episode 26 has no explicit success/failure label, defaulting to 'success'.
INFO 2026-05-29 10:52:44.313 ls/utils.py:227 Reset the environment
INFO 2026-05-29 10:52:53.415 ls/utils.py:227 Recording episode 27
WARNING 2026-05-29 10:52:57.728 t_record.py:512 Episode 27 has no explicit success/failure label, defaulting to 'success'.
INFO 2026-05-29 10:52:57.728 ls/utils.py:227 Reset the environment
INFO 2026-05-29 10:53:07.034 ls/utils.py:227 Recording episode 28
WARNING 2026-05-29 10:53:11.813 t_record.py:512 Episode 28 has no explicit success/failure label, defaulting to 'success'.
INFO 2026-05-29 10:53:11.813 ls/utils.py:227 Reset the environment
INFO 2026-05-29 10:53:21.204 ls/utils.py:227 Recording episode 29
WARNING 2026-05-29 10:53:25.984 t_record.py:512 Episode 29 has no explicit success/failure label, defaulting to 'success'.
INFO 2026-05-29 10:53:25.984 ls/utils.py:227 Reset the environment
INFO 2026-05-29 10:53:30.568 ls/utils.py:227 Stop recording
INFO 2026-05-29 10:53:31.823 t_record.py:570 To inspect the recorded dataset, run:
  lerobot-dataset-report --dataset local_data
INFO 2026-05-29 10:53:31.855 a_opencv.py:592 OpenCVCamera(10) disconnected.
INFO 2026-05-29 10:53:31.888 a_opencv.py:592 OpenCVCamera(4) disconnected.
INFO 2026-05-29 10:53:31.888 follower.py:339 my_piper_follower PiperFollower disconnected.
INFO 2026-05-29 10:53:31.892 r_leader.py:468 my_piper_leader PiperLeader disconnected.
INFO 2026-05-29 10:53:31.892 ls/utils.py:227 Exiting
INFO 2026-05-29 10:54:15.866 t_record.py:325 Human-in-loop recording is enabled. Press 'i' to toggle takeover. Press 's' to mark success and end, 'f' to mark failure and end. Recorded `action` is the executed action. Policy output (when policy is enabled) is stored in `complementary_info.policy_action`. Collector source is stored in `complementary_info.collector_policy_id`. ACP inference: enable=False use_cfg=False cfg_beta=1.000.
INFO 2026-05-29 10:54:15.867 t_record.py:343 {'acp_inference': {'cfg_beta': 1.0, 'enable': False, 'use_cfg': False},
 'collector_policy_id_human': 'human',
 'collector_policy_id_policy': 'human',
 'communication_retry_interval_s': 0.1,
 'communication_retry_timeout_s': 2.0,
 'dataset': {'episode_time_s': 120,
             'fps': 30,
             'num_episodes': 50,
             'num_image_writer_processes': 0,
             'num_image_writer_threads_per_camera': 4,
             'private': False,
             'push_to_hub': False,
             'rename_map': {},
             'repo_id': 'local_data',
             'reset_time_s': 1,
             'root': '/home/ghr/VLA/package_data/single/qwen3_subtask_multipackage/subtask3_6',
             'single_task': 'Grab the package and place it into the box.',
             'tags': None,
             'vcodec': 'libsvtav1',
             'video': True,
             'video_encoding_batch_size': 1},
 'default_episode_success': 'failure',
 'display_compressed_images': False,
 'display_data': True,
 'display_ip': None,
 'display_port': None,
 'enable_collector_policy_id': True,
 'enable_episode_outcome_labeling': True,
 'episode_failure_key': 'f',
 'episode_success_key': 's',
 'intervention_state_machine_enabled': False,
 'intervention_toggle_key': 'i',
 'play_sounds': True,
 'policy': None,
 'policy_sync_parallel': True,
 'policy_sync_to_teleop': False,
 'require_episode_success_label': False,
 'resume': False,
 'robot': {'calibration_dir': None,
           'calibration_scale': 1000,
           'cameras': {'top': {'backend': <Cv2Backends.ANY: 0>,
                               'color_mode': <ColorMode.RGB: 'rgb'>,
                               'fourcc': None,
                               'fps': 30,
                               'height': 480,
                               'index_or_path': 4,
                               'rotation': <Cv2Rotation.NO_ROTATION: 0>,
                               'warmup_s': 1,
                               'width': 640},
                       'wrist': {'backend': <Cv2Backends.ANY: 0>,
                                 'color_mode': <ColorMode.RGB: 'rgb'>,
                                 'fourcc': None,
                                 'fps': 30,
                                 'height': 480,
                                 'index_or_path': 10,
                                 'rotation': <Cv2Rotation.NO_ROTATION: 0>,
                                 'warmup_s': 1,
                                 'width': 640}},
           'can_auto_init': True,
           'disable_on_disconnect': False,
           'enable_on_connect': True,
           'enable_timeout_s': 3.0,
           'gripper_effort_default': 1000,
           'gripper_status_code': 1,
           'high_follow': True,
           'id': 'my_piper_follower',
           'judge_flag': False,
           'log_level': 'WARNING',
           'mode_refresh_interval_s': 1.0,
           'port': 'can1',
           'require_calibration': True,
           'speed_ratio': 50,
           'startup_sleep_s': 0.1,
           'sync_gripper': True},
 'teleop': {'calibration_dir': None,
            'calibration_scale': 1000,
            'can_auto_init': True,
            'command_high_follow': True,
            'command_speed_ratio': 50,
            'disable_on_disconnect': False,
            'enable_timeout_s': 3.0,
            'fallback_to_feedback': True,
            'gravity_comp_base_rpy_deg': (0.0, 0.0, 0.0),
            'gravity_comp_control_hz': 200.0,
            'gravity_comp_mit_kd': 0.0,
            'gravity_comp_mit_kp': 0.0,
            'gravity_comp_torque_limit': 8.0,
            'gravity_comp_tx_ratio': (0.2, 0.2, 0.2, 0.2, 0.2, 0.2),
            'gripper_effort_default': 1000,
            'gripper_status_code': 1,
            'id': 'my_piper_leader',
            'judge_flag': False,
            'log_level': 'WARNING',
            'manual_control': True,
            'mode_refresh_interval_s': 1.0,
            'port': 'can0',
            'prefer_ctrl_messages': True,
            'require_calibration': True,
            'startup_sleep_s': 0.1,
            'sync_gripper': True}}
INFO 2026-05-29 10:54:15.878 t_record.py:371 dataset_features: {'action': {'dtype': 'float32', 'names': ['joint_1.pos', 'joint_2.pos', 'joint_3.pos', 'joint_4.pos', 'joint_5.pos', 'joint_6.pos', 'gripper.pos'], 'shape': (7,)}, 'observation.state': {'dtype': 'float32', 'names': ['joint_1.pos', 'joint_2.pos', 'joint_3.pos', 'joint_4.pos', 'joint_5.pos', 'joint_6.pos', 'gripper.pos'], 'shape': (7,)}, 'observation.images.wrist': {'dtype': 'video', 'shape': (480, 640, 3), 'names': ['height', 'width', 'channels']}, 'observation.images.top': {'dtype': 'video', 'shape': (480, 640, 3), 'names': ['height', 'width', 'channels']}}
INFO 2026-05-29 10:54:15.878 t_record.py:382 dataset_features: {'action': {'dtype': 'float32', 'names': ['joint_1.pos', 'joint_2.pos', 'joint_3.pos', 'joint_4.pos', 'joint_5.pos', 'joint_6.pos', 'gripper.pos'], 'shape': (7,)}, 'observation.state': {'dtype': 'float32', 'names': ['joint_1.pos', 'joint_2.pos', 'joint_3.pos', 'joint_4.pos', 'joint_5.pos', 'joint_6.pos', 'gripper.pos'], 'shape': (7,)}, 'observation.images.wrist': {'dtype': 'video', 'shape': (480, 640, 3), 'names': ['height', 'width', 'channels']}, 'observation.images.top': {'dtype': 'video', 'shape': (480, 640, 3), 'names': ['height', 'width', 'channels']}, 'complementary_info.policy_action': {'dtype': 'float32', 'shape': (7,), 'names': ['joint_1.pos', 'joint_2.pos', 'joint_3.pos', 'joint_4.pos', 'joint_5.pos', 'joint_6.pos', 'gripper.pos']}, 'complementary_info.is_intervention': {'dtype': 'float32', 'shape': (1,), 'names': ['is_intervention']}, 'complementary_info.state': {'dtype': 'float32', 'shape': (1,), 'names': ['state']}, 'complementary_info.collector_policy_id': {'dtype': 'string', 'shape': (1,), 'names': ['collector_policy_id']}}
INFO 2026-05-29 10:54:17.221 a_opencv.py:179 OpenCVCamera(10) connected.
INFO 2026-05-29 10:54:18.434 a_opencv.py:179 OpenCVCamera(4) connected.
INFO 2026-05-29 10:54:18.434 follower.py:139 my_piper_follower PiperFollower connected.
INFO 2026-05-29 10:54:19.250 r_leader.py:130 my_piper_leader PiperLeader connected.
INFO 2026-05-29 10:54:19.250 t_record.py:446 robot and teleop all conected
INFO 2026-05-29 10:54:19.251 ls/utils.py:227 Recording episode 0
WARNING 2026-05-29 10:54:27.570 t_record.py:512 Episode 0 has no explicit success/failure label, defaulting to 'success'.
INFO 2026-05-29 10:54:27.571 ls/utils.py:227 Reset the environment
INFO 2026-05-29 10:54:28.808 ls/utils.py:227 Re-record episode
INFO 2026-05-29 10:54:28.809 ls/utils.py:227 Recording episode 0
WARNING 2026-05-29 10:54:35.332 t_record.py:512 Episode 0 has no explicit success/failure label, defaulting to 'success'.
INFO 2026-05-29 10:54:35.332 ls/utils.py:227 Reset the environment
INFO 2026-05-29 10:54:44.189 ls/utils.py:227 Recording episode 1
WARNING 2026-05-29 10:54:48.767 t_record.py:512 Episode 1 has no explicit success/failure label, defaulting to 'success'.
INFO 2026-05-29 10:54:48.767 ls/utils.py:227 Reset the environment
INFO 2026-05-29 10:54:54.145 ls/utils.py:227 Recording episode 2
WARNING 2026-05-29 10:54:58.856 t_record.py:512 Episode 2 has no explicit success/failure label, defaulting to 'success'.
INFO 2026-05-29 10:54:58.856 ls/utils.py:227 Reset the environment
INFO 2026-05-29 10:55:04.749 ls/utils.py:227 Recording episode 3
WARNING 2026-05-29 10:55:09.392 t_record.py:512 Episode 3 has no explicit success/failure label, defaulting to 'success'.
INFO 2026-05-29 10:55:09.393 ls/utils.py:227 Reset the environment
INFO 2026-05-29 10:55:17.448 ls/utils.py:227 Recording episode 4
WARNING 2026-05-29 10:55:22.025 t_record.py:512 Episode 4 has no explicit success/failure label, defaulting to 'success'.
INFO 2026-05-29 10:55:22.025 ls/utils.py:227 Reset the environment
INFO 2026-05-29 10:55:31.856 ls/utils.py:227 Recording episode 5
WARNING 2026-05-29 10:55:36.567 t_record.py:512 Episode 5 has no explicit success/failure label, defaulting to 'success'.
INFO 2026-05-29 10:55:36.567 ls/utils.py:227 Reset the environment
INFO 2026-05-29 10:55:44.792 ls/utils.py:227 Recording episode 6
WARNING 2026-05-29 10:55:49.503 t_record.py:512 Episode 6 has no explicit success/failure label, defaulting to 'success'.
INFO 2026-05-29 10:55:49.503 ls/utils.py:227 Reset the environment
INFO 2026-05-29 10:56:02.387 ls/utils.py:227 Recording episode 7
WARNING 2026-05-29 10:56:07.065 t_record.py:512 Episode 7 has no explicit success/failure label, defaulting to 'success'.
INFO 2026-05-29 10:56:07.065 ls/utils.py:227 Reset the environment
INFO 2026-05-29 10:56:14.696 ls/utils.py:227 Recording episode 8
WARNING 2026-05-29 10:56:19.340 t_record.py:512 Episode 8 has no explicit success/failure label, defaulting to 'success'.
INFO 2026-05-29 10:56:19.341 ls/utils.py:227 Reset the environment
INFO 2026-05-29 10:56:26.786 ls/utils.py:227 Recording episode 9
WARNING 2026-05-29 10:56:31.364 t_record.py:512 Episode 9 has no explicit success/failure label, defaulting to 'success'.
INFO 2026-05-29 10:56:31.364 ls/utils.py:227 Reset the environment
INFO 2026-05-29 10:56:39.507 ls/utils.py:227 Recording episode 10
WARNING 2026-05-29 10:56:44.086 t_record.py:512 Episode 10 has no explicit success/failure label, defaulting to 'success'.
INFO 2026-05-29 10:56:44.086 ls/utils.py:227 Reset the environment
INFO 2026-05-29 10:56:52.033 ls/utils.py:227 Recording episode 11
WARNING 2026-05-29 10:56:56.243 t_record.py:512 Episode 11 has no explicit success/failure label, defaulting to 'success'.
INFO 2026-05-29 10:56:56.243 ls/utils.py:227 Reset the environment
INFO 2026-05-29 10:56:58.349 ls/utils.py:227 Re-record episode
INFO 2026-05-29 10:56:58.350 ls/utils.py:227 Recording episode 11
WARNING 2026-05-29 10:57:03.694 t_record.py:512 Episode 11 has no explicit success/failure label, defaulting to 'success'.
INFO 2026-05-29 10:57:03.694 ls/utils.py:227 Reset the environment
INFO 2026-05-29 10:57:15.813 ls/utils.py:227 Recording episode 12
WARNING 2026-05-29 10:57:20.858 t_record.py:512 Episode 12 has no explicit success/failure label, defaulting to 'success'.
INFO 2026-05-29 10:57:20.858 ls/utils.py:227 Reset the environment
INFO 2026-05-29 10:57:26.800 ls/utils.py:227 Recording episode 13
WARNING 2026-05-29 10:57:31.512 t_record.py:512 Episode 13 has no explicit success/failure label, defaulting to 'success'.
INFO 2026-05-29 10:57:31.512 ls/utils.py:227 Reset the environment
INFO 2026-05-29 10:57:37.620 ls/utils.py:227 Recording episode 14
WARNING 2026-05-29 10:57:41.830 t_record.py:512 Episode 14 has no explicit success/failure label, defaulting to 'success'.
INFO 2026-05-29 10:57:41.830 ls/utils.py:227 Reset the environment
INFO 2026-05-29 10:57:48.801 ls/utils.py:227 Recording episode 15
WARNING 2026-05-29 10:57:53.044 t_record.py:512 Episode 15 has no explicit success/failure label, defaulting to 'success'.
INFO 2026-05-29 10:57:53.044 ls/utils.py:227 Reset the environment
INFO 2026-05-29 10:58:04.045 ls/utils.py:227 Recording episode 16
WARNING 2026-05-29 10:58:08.121 t_record.py:512 Episode 16 has no explicit success/failure label, defaulting to 'success'.
INFO 2026-05-29 10:58:08.121 ls/utils.py:227 Reset the environment
INFO 2026-05-29 10:58:17.268 ls/utils.py:227 Recording episode 17
WARNING 2026-05-29 10:58:21.210 t_record.py:512 Episode 17 has no explicit success/failure label, defaulting to 'success'.
INFO 2026-05-29 10:58:21.210 ls/utils.py:227 Reset the environment
INFO 2026-05-29 10:58:30.073 ls/utils.py:227 Recording episode 18
WARNING 2026-05-29 10:58:35.185 t_record.py:512 Episode 18 has no explicit success/failure label, defaulting to 'success'.
INFO 2026-05-29 10:58:35.185 ls/utils.py:227 Reset the environment
INFO 2026-05-29 10:58:46.287 ls/utils.py:227 Recording episode 19
WARNING 2026-05-29 10:58:51.902 t_record.py:512 Episode 19 has no explicit success/failure label, defaulting to 'success'.
INFO 2026-05-29 10:58:51.902 ls/utils.py:227 Reset the environment
INFO 2026-05-29 10:59:00.569 ls/utils.py:227 Recording episode 20
WARNING 2026-05-29 10:59:04.946 t_record.py:512 Episode 20 has no explicit success/failure label, defaulting to 'success'.
INFO 2026-05-29 10:59:04.946 ls/utils.py:227 Reset the environment
INFO 2026-05-29 10:59:15.530 ls/utils.py:227 Recording episode 21
WARNING 2026-05-29 10:59:19.874 t_record.py:512 Episode 21 has no explicit success/failure label, defaulting to 'success'.
INFO 2026-05-29 10:59:19.874 ls/utils.py:227 Reset the environment
INFO 2026-05-29 10:59:29.328 ls/utils.py:227 Recording episode 22
WARNING 2026-05-29 10:59:33.439 t_record.py:512 Episode 22 has no explicit success/failure label, defaulting to 'success'.
INFO 2026-05-29 10:59:33.439 ls/utils.py:227 Reset the environment
INFO 2026-05-29 10:59:45.092 ls/utils.py:227 Recording episode 23
WARNING 2026-05-29 10:59:49.670 t_record.py:512 Episode 23 has no explicit success/failure label, defaulting to 'success'.
INFO 2026-05-29 10:59:49.670 ls/utils.py:227 Reset the environment
INFO 2026-05-29 10:59:59.919 ls/utils.py:227 Recording episode 24
WARNING 2026-05-29 11:00:04.797 t_record.py:512 Episode 24 has no explicit success/failure label, defaulting to 'success'.
INFO 2026-05-29 11:00:04.797 ls/utils.py:227 Reset the environment
INFO 2026-05-29 11:00:13.130 ls/utils.py:227 Recording episode 25
WARNING 2026-05-29 11:00:17.540 t_record.py:512 Episode 25 has no explicit success/failure label, defaulting to 'success'.
INFO 2026-05-29 11:00:17.540 ls/utils.py:227 Reset the environment
INFO 2026-05-29 11:00:28.360 ls/utils.py:227 Recording episode 26
WARNING 2026-05-29 11:00:32.772 t_record.py:512 Episode 26 has no explicit success/failure label, defaulting to 'success'.
INFO 2026-05-29 11:00:32.772 ls/utils.py:227 Reset the environment
INFO 2026-05-29 11:00:41.150 ls/utils.py:227 Recording episode 27
WARNING 2026-05-29 11:00:45.394 t_record.py:512 Episode 27 has no explicit success/failure label, defaulting to 'success'.
INFO 2026-05-29 11:00:45.394 ls/utils.py:227 Reset the environment
INFO 2026-05-29 11:00:56.249 ls/utils.py:227 Recording episode 28
WARNING 2026-05-29 11:01:00.627 t_record.py:512 Episode 28 has no explicit success/failure label, defaulting to 'success'.
INFO 2026-05-29 11:01:00.627 ls/utils.py:227 Reset the environment
INFO 2026-05-29 11:01:07.808 ls/utils.py:227 Recording episode 29
WARNING 2026-05-29 11:01:12.019 t_record.py:512 Episode 29 has no explicit success/failure label, defaulting to 'success'.
INFO 2026-05-29 11:01:12.019 ls/utils.py:227 Reset the environment
INFO 2026-05-29 11:01:23.718 ls/utils.py:227 Stop recording
INFO 2026-05-29 11:01:24.962 t_record.py:570 To inspect the recorded dataset, run:
  lerobot-dataset-report --dataset local_data
INFO 2026-05-29 11:01:24.989 a_opencv.py:592 OpenCVCamera(10) disconnected.
INFO 2026-05-29 11:01:25.019 a_opencv.py:592 OpenCVCamera(4) disconnected.
INFO 2026-05-29 11:01:25.019 follower.py:339 my_piper_follower PiperFollower disconnected.
INFO 2026-05-29 11:01:25.021 r_leader.py:468 my_piper_leader PiperLeader disconnected.
INFO 2026-05-29 11:01:25.022 ls/utils.py:227 Exiting
INFO 2026-05-29 11:07:46.171 t_record.py:325 Human-in-loop recording is enabled. Press 'i' to toggle takeover. Press 's' to mark success and end, 'f' to mark failure and end. Recorded `action` is the executed action. Policy output (when policy is enabled) is stored in `complementary_info.policy_action`. Collector source is stored in `complementary_info.collector_policy_id`. ACP inference: enable=False use_cfg=False cfg_beta=1.000.
INFO 2026-05-29 11:07:46.171 t_record.py:343 {'acp_inference': {'cfg_beta': 1.0, 'enable': False, 'use_cfg': False},
 'collector_policy_id_human': 'human',
 'collector_policy_id_policy': 'human',
 'communication_retry_interval_s': 0.1,
 'communication_retry_timeout_s': 2.0,
 'dataset': {'episode_time_s': 120,
             'fps': 30,
             'num_episodes': 50,
             'num_image_writer_processes': 0,
             'num_image_writer_threads_per_camera': 4,
             'private': False,
             'push_to_hub': False,
             'rename_map': {},
             'repo_id': 'local_data',
             'reset_time_s': 1,
             'root': '/home/ghr/VLA/package_data/single/evo-rl/mutipackage_subtask1_2',
             'single_task': 'Grab the package and place it on the pallet.',
             'tags': None,
             'vcodec': 'libsvtav1',
             'video': True,
             'video_encoding_batch_size': 1},
 'default_episode_success': 'failure',
 'display_compressed_images': False,
 'display_data': True,
 'display_ip': None,
 'display_port': None,
 'enable_collector_policy_id': True,
 'enable_episode_outcome_labeling': True,
 'episode_failure_key': 'f',
 'episode_success_key': 's',
 'intervention_state_machine_enabled': False,
 'intervention_toggle_key': 'i',
 'play_sounds': True,
 'policy': None,
 'policy_sync_parallel': True,
 'policy_sync_to_teleop': False,
 'require_episode_success_label': False,
 'resume': False,
 'robot': {'calibration_dir': None,
           'calibration_scale': 1000,
           'cameras': {'top': {'backend': <Cv2Backends.ANY: 0>,
                               'color_mode': <ColorMode.RGB: 'rgb'>,
                               'fourcc': None,
                               'fps': 30,
                               'height': 480,
                               'index_or_path': 4,
                               'rotation': <Cv2Rotation.NO_ROTATION: 0>,
                               'warmup_s': 1,
                               'width': 640},
                       'wrist': {'backend': <Cv2Backends.ANY: 0>,
                                 'color_mode': <ColorMode.RGB: 'rgb'>,
                                 'fourcc': None,
                                 'fps': 30,
                                 'height': 480,
                                 'index_or_path': 10,
                                 'rotation': <Cv2Rotation.NO_ROTATION: 0>,
                                 'warmup_s': 1,
                                 'width': 640}},
           'can_auto_init': True,
           'disable_on_disconnect': False,
           'enable_on_connect': True,
           'enable_timeout_s': 3.0,
           'gripper_effort_default': 1000,
           'gripper_status_code': 1,
           'high_follow': True,
           'id': 'my_piper_follower',
           'judge_flag': False,
           'log_level': 'WARNING',
           'mode_refresh_interval_s': 1.0,
           'port': 'can1',
           'require_calibration': True,
           'speed_ratio': 50,
           'startup_sleep_s': 0.1,
           'sync_gripper': True},
 'teleop': {'calibration_dir': None,
            'calibration_scale': 1000,
            'can_auto_init': True,
            'command_high_follow': True,
            'command_speed_ratio': 50,
            'disable_on_disconnect': False,
            'enable_timeout_s': 3.0,
            'fallback_to_feedback': True,
            'gravity_comp_base_rpy_deg': (0.0, 0.0, 0.0),
            'gravity_comp_control_hz': 200.0,
            'gravity_comp_mit_kd': 0.0,
            'gravity_comp_mit_kp': 0.0,
            'gravity_comp_torque_limit': 8.0,
            'gravity_comp_tx_ratio': (0.2, 0.2, 0.2, 0.2, 0.2, 0.2),
            'gripper_effort_default': 1000,
            'gripper_status_code': 1,
            'id': 'my_piper_leader',
            'judge_flag': False,
            'log_level': 'WARNING',
            'manual_control': True,
            'mode_refresh_interval_s': 1.0,
            'port': 'can0',
            'prefer_ctrl_messages': True,
            'require_calibration': True,
            'startup_sleep_s': 0.1,
            'sync_gripper': True}}
INFO 2026-05-29 11:07:46.182 t_record.py:371 dataset_features: {'action': {'dtype': 'float32', 'names': ['joint_1.pos', 'joint_2.pos', 'joint_3.pos', 'joint_4.pos', 'joint_5.pos', 'joint_6.pos', 'gripper.pos'], 'shape': (7,)}, 'observation.state': {'dtype': 'float32', 'names': ['joint_1.pos', 'joint_2.pos', 'joint_3.pos', 'joint_4.pos', 'joint_5.pos', 'joint_6.pos', 'gripper.pos'], 'shape': (7,)}, 'observation.images.wrist': {'dtype': 'video', 'shape': (480, 640, 3), 'names': ['height', 'width', 'channels']}, 'observation.images.top': {'dtype': 'video', 'shape': (480, 640, 3), 'names': ['height', 'width', 'channels']}}
INFO 2026-05-29 11:07:46.182 t_record.py:382 dataset_features: {'action': {'dtype': 'float32', 'names': ['joint_1.pos', 'joint_2.pos', 'joint_3.pos', 'joint_4.pos', 'joint_5.pos', 'joint_6.pos', 'gripper.pos'], 'shape': (7,)}, 'observation.state': {'dtype': 'float32', 'names': ['joint_1.pos', 'joint_2.pos', 'joint_3.pos', 'joint_4.pos', 'joint_5.pos', 'joint_6.pos', 'gripper.pos'], 'shape': (7,)}, 'observation.images.wrist': {'dtype': 'video', 'shape': (480, 640, 3), 'names': ['height', 'width', 'channels']}, 'observation.images.top': {'dtype': 'video', 'shape': (480, 640, 3), 'names': ['height', 'width', 'channels']}, 'complementary_info.policy_action': {'dtype': 'float32', 'shape': (7,), 'names': ['joint_1.pos', 'joint_2.pos', 'joint_3.pos', 'joint_4.pos', 'joint_5.pos', 'joint_6.pos', 'gripper.pos']}, 'complementary_info.is_intervention': {'dtype': 'float32', 'shape': (1,), 'names': ['is_intervention']}, 'complementary_info.state': {'dtype': 'float32', 'shape': (1,), 'names': ['state']}, 'complementary_info.collector_policy_id': {'dtype': 'string', 'shape': (1,), 'names': ['collector_policy_id']}}
INFO 2026-05-29 11:07:47.523 a_opencv.py:179 OpenCVCamera(10) connected.
INFO 2026-05-29 11:07:48.736 a_opencv.py:179 OpenCVCamera(4) connected.
INFO 2026-05-29 11:07:48.736 follower.py:139 my_piper_follower PiperFollower connected.
INFO 2026-05-29 11:07:49.575 r_leader.py:130 my_piper_leader PiperLeader connected.
INFO 2026-05-29 11:07:49.575 t_record.py:446 robot and teleop all conected
INFO 2026-05-29 11:07:49.576 ls/utils.py:227 Recording episode 0
WARNING 2026-05-29 11:08:10.018 t_record.py:512 Episode 0 has no explicit success/failure label, defaulting to 'success'.
INFO 2026-05-29 11:08:10.018 ls/utils.py:227 Reset the environment
INFO 2026-05-29 11:08:19.731 ls/utils.py:227 Re-record episode
INFO 2026-05-29 11:08:19.732 ls/utils.py:227 Recording episode 0
WARNING 2026-05-29 11:08:29.673 t_record.py:512 Episode 0 has no explicit success/failure label, defaulting to 'success'.
INFO 2026-05-29 11:08:29.673 ls/utils.py:227 Reset the environment
INFO 2026-05-29 11:08:41.737 ls/utils.py:227 Recording episode 1
WARNING 2026-05-29 11:08:50.805 t_record.py:512 Episode 1 has no explicit success/failure label, defaulting to 'success'.
INFO 2026-05-29 11:08:50.805 ls/utils.py:227 Reset the environment
INFO 2026-05-29 11:08:58.181 ls/utils.py:227 Recording episode 2
WARNING 2026-05-29 11:09:08.310 t_record.py:512 Episode 2 has no explicit success/failure label, defaulting to 'success'.
INFO 2026-05-29 11:09:08.310 ls/utils.py:227 Reset the environment
INFO 2026-05-29 11:09:15.652 ls/utils.py:227 Recording episode 3
WARNING 2026-05-29 11:09:23.703 t_record.py:512 Episode 3 has no explicit success/failure label, defaulting to 'success'.
INFO 2026-05-29 11:09:23.703 ls/utils.py:227 Reset the environment
INFO 2026-05-29 11:09:29.258 ls/utils.py:227 Recording episode 4
WARNING 2026-05-29 11:09:37.142 t_record.py:512 Episode 4 has no explicit success/failure label, defaulting to 'success'.
INFO 2026-05-29 11:09:37.142 ls/utils.py:227 Reset the environment
INFO 2026-05-29 11:09:45.046 ls/utils.py:227 Recording episode 5
WARNING 2026-05-29 11:09:52.164 t_record.py:512 Episode 5 has no explicit success/failure label, defaulting to 'success'.
INFO 2026-05-29 11:09:52.164 ls/utils.py:227 Reset the environment
INFO 2026-05-29 11:10:05.032 ls/utils.py:227 Recording episode 6
WARNING 2026-05-29 11:10:13.804 t_record.py:512 Episode 6 has no explicit success/failure label, defaulting to 'success'.
INFO 2026-05-29 11:10:13.804 ls/utils.py:227 Reset the environment
INFO 2026-05-29 11:10:21.849 ls/utils.py:227 Recording episode 7
WARNING 2026-05-29 11:10:28.831 t_record.py:512 Episode 7 has no explicit success/failure label, defaulting to 'success'.
INFO 2026-05-29 11:10:28.832 ls/utils.py:227 Reset the environment
INFO 2026-05-29 11:10:36.023 ls/utils.py:227 Recording episode 8
WARNING 2026-05-29 11:10:43.808 t_record.py:512 Episode 8 has no explicit success/failure label, defaulting to 'success'.
INFO 2026-05-29 11:10:43.809 ls/utils.py:227 Reset the environment
INFO 2026-05-29 11:10:51.857 ls/utils.py:227 Recording episode 9
WARNING 2026-05-29 11:10:58.340 t_record.py:512 Episode 9 has no explicit success/failure label, defaulting to 'success'.
INFO 2026-05-29 11:10:58.340 ls/utils.py:227 Reset the environment
INFO 2026-05-29 11:11:05.644 ls/utils.py:227 Recording episode 10
WARNING 2026-05-29 11:11:13.004 t_record.py:512 Episode 10 has no explicit success/failure label, defaulting to 'success'.
INFO 2026-05-29 11:11:13.005 ls/utils.py:227 Reset the environment
INFO 2026-05-29 11:11:23.756 ls/utils.py:227 Recording episode 11
WARNING 2026-05-29 11:11:30.944 t_record.py:512 Episode 11 has no explicit success/failure label, defaulting to 'success'.
INFO 2026-05-29 11:11:30.944 ls/utils.py:227 Reset the environment
INFO 2026-05-29 11:11:37.953 ls/utils.py:227 Recording episode 12
WARNING 2026-05-29 11:11:45.473 t_record.py:512 Episode 12 has no explicit success/failure label, defaulting to 'success'.
INFO 2026-05-29 11:11:45.473 ls/utils.py:227 Reset the environment
INFO 2026-05-29 11:11:53.794 ls/utils.py:227 Recording episode 13
WARNING 2026-05-29 11:12:00.880 t_record.py:512 Episode 13 has no explicit success/failure label, defaulting to 'success'.
INFO 2026-05-29 11:12:00.880 ls/utils.py:227 Reset the environment
INFO 2026-05-29 11:12:12.965 ls/utils.py:227 Recording episode 14
WARNING 2026-05-29 11:12:20.082 t_record.py:512 Episode 14 has no explicit success/failure label, defaulting to 'success'.
INFO 2026-05-29 11:12:20.082 ls/utils.py:227 Reset the environment
INFO 2026-05-29 11:12:25.687 ls/utils.py:227 Recording episode 15
WARNING 2026-05-29 11:12:32.336 t_record.py:512 Episode 15 has no explicit success/failure label, defaulting to 'success'.
INFO 2026-05-29 11:12:32.336 ls/utils.py:227 Reset the environment
INFO 2026-05-29 11:12:39.129 ls/utils.py:227 Recording episode 16
WARNING 2026-05-29 11:12:45.812 t_record.py:512 Episode 16 has no explicit success/failure label, defaulting to 'success'.
INFO 2026-05-29 11:12:45.812 ls/utils.py:227 Reset the environment
INFO 2026-05-29 11:12:52.531 ls/utils.py:227 Recording episode 17
WARNING 2026-05-29 11:12:59.150 t_record.py:512 Episode 17 has no explicit success/failure label, defaulting to 'success'.
INFO 2026-05-29 11:12:59.150 ls/utils.py:227 Reset the environment
INFO 2026-05-29 11:13:07.280 ls/utils.py:227 Recording episode 18
WARNING 2026-05-29 11:13:13.764 t_record.py:512 Episode 18 has no explicit success/failure label, defaulting to 'success'.
INFO 2026-05-29 11:13:13.764 ls/utils.py:227 Reset the environment
INFO 2026-05-29 11:13:25.251 ls/utils.py:227 Recording episode 19
WARNING 2026-05-29 11:13:31.570 t_record.py:512 Episode 19 has no explicit success/failure label, defaulting to 'success'.
INFO 2026-05-29 11:13:31.570 ls/utils.py:227 Reset the environment
INFO 2026-05-29 11:13:36.376 ls/utils.py:227 Recording episode 20
WARNING 2026-05-29 11:13:43.730 t_record.py:512 Episode 20 has no explicit success/failure label, defaulting to 'success'.
INFO 2026-05-29 11:13:43.730 ls/utils.py:227 Reset the environment
INFO 2026-05-29 11:13:50.937 ls/utils.py:227 Recording episode 21
WARNING 2026-05-29 11:13:57.389 t_record.py:512 Episode 21 has no explicit success/failure label, defaulting to 'success'.
INFO 2026-05-29 11:13:57.389 ls/utils.py:227 Reset the environment
INFO 2026-05-29 11:14:05.827 ls/utils.py:227 Recording episode 22
WARNING 2026-05-29 11:14:12.376 t_record.py:512 Episode 22 has no explicit success/failure label, defaulting to 'success'.
INFO 2026-05-29 11:14:12.376 ls/utils.py:227 Reset the environment
INFO 2026-05-29 11:14:22.920 ls/utils.py:227 Recording episode 23
WARNING 2026-05-29 11:14:29.003 t_record.py:512 Episode 23 has no explicit success/failure label, defaulting to 'success'.
INFO 2026-05-29 11:14:29.003 ls/utils.py:227 Reset the environment
INFO 2026-05-29 11:14:35.059 ls/utils.py:227 Recording episode 24
WARNING 2026-05-29 11:14:41.207 t_record.py:512 Episode 24 has no explicit success/failure label, defaulting to 'success'.
INFO 2026-05-29 11:14:41.207 ls/utils.py:227 Reset the environment
INFO 2026-05-29 11:14:47.402 ls/utils.py:227 Recording episode 25
WARNING 2026-05-29 11:14:53.785 t_record.py:512 Episode 25 has no explicit success/failure label, defaulting to 'success'.
INFO 2026-05-29 11:14:53.786 ls/utils.py:227 Reset the environment
INFO 2026-05-29 11:15:03.888 ls/utils.py:227 Recording episode 26
WARNING 2026-05-29 11:15:10.271 t_record.py:512 Episode 26 has no explicit success/failure label, defaulting to 'success'.
INFO 2026-05-29 11:15:10.271 ls/utils.py:227 Reset the environment
INFO 2026-05-29 11:15:19.199 ls/utils.py:227 Recording episode 27
WARNING 2026-05-29 11:15:25.952 t_record.py:512 Episode 27 has no explicit success/failure label, defaulting to 'success'.
INFO 2026-05-29 11:15:25.953 ls/utils.py:227 Reset the environment
INFO 2026-05-29 11:15:38.606 ls/utils.py:227 Recording episode 28
WARNING 2026-05-29 11:15:44.720 t_record.py:512 Episode 28 has no explicit success/failure label, defaulting to 'success'.
INFO 2026-05-29 11:15:44.720 ls/utils.py:227 Reset the environment
INFO 2026-05-29 11:15:52.913 ls/utils.py:227 Recording episode 29
WARNING 2026-05-29 11:15:59.663 t_record.py:512 Episode 29 has no explicit success/failure label, defaulting to 'success'.
INFO 2026-05-29 11:15:59.663 ls/utils.py:227 Reset the environment
INFO 2026-05-29 11:16:18.093 ls/utils.py:227 Recording episode 30
WARNING 2026-05-29 11:16:24.878 t_record.py:512 Episode 30 has no explicit success/failure label, defaulting to 'success'.
INFO 2026-05-29 11:16:24.878 ls/utils.py:227 Reset the environment
INFO 2026-05-29 11:16:32.278 ls/utils.py:227 Recording episode 31
WARNING 2026-05-29 11:16:39.195 t_record.py:512 Episode 31 has no explicit success/failure label, defaulting to 'success'.
INFO 2026-05-29 11:16:39.195 ls/utils.py:227 Reset the environment
INFO 2026-05-29 11:16:46.895 ls/utils.py:227 Recording episode 32
WARNING 2026-05-29 11:16:53.778 t_record.py:512 Episode 32 has no explicit success/failure label, defaulting to 'success'.
INFO 2026-05-29 11:16:53.778 ls/utils.py:227 Reset the environment
INFO 2026-05-29 11:17:06.183 ls/utils.py:227 Recording episode 33
WARNING 2026-05-29 11:17:12.766 t_record.py:512 Episode 33 has no explicit success/failure label, defaulting to 'success'.
INFO 2026-05-29 11:17:12.766 ls/utils.py:227 Reset the environment
INFO 2026-05-29 11:17:18.860 ls/utils.py:227 Recording episode 34
WARNING 2026-05-29 11:17:25.708 t_record.py:512 Episode 34 has no explicit success/failure label, defaulting to 'success'.
INFO 2026-05-29 11:17:25.708 ls/utils.py:227 Reset the environment
INFO 2026-05-29 11:17:34.010 ls/utils.py:227 Recording episode 35
WARNING 2026-05-29 11:17:40.692 t_record.py:512 Episode 35 has no explicit success/failure label, defaulting to 'success'.
INFO 2026-05-29 11:17:40.692 ls/utils.py:227 Reset the environment
INFO 2026-05-29 11:17:48.142 ls/utils.py:227 Recording episode 36
WARNING 2026-05-29 11:17:54.356 t_record.py:512 Episode 36 has no explicit success/failure label, defaulting to 'success'.
INFO 2026-05-29 11:17:54.356 ls/utils.py:227 Reset the environment
INFO 2026-05-29 11:18:00.999 ls/utils.py:227 Recording episode 37
WARNING 2026-05-29 11:18:06.952 t_record.py:512 Episode 37 has no explicit success/failure label, defaulting to 'success'.
INFO 2026-05-29 11:18:06.953 ls/utils.py:227 Reset the environment
INFO 2026-05-29 11:18:14.183 ls/utils.py:227 Recording episode 38
WARNING 2026-05-29 11:18:20.832 t_record.py:512 Episode 38 has no explicit success/failure label, defaulting to 'success'.
INFO 2026-05-29 11:18:20.832 ls/utils.py:227 Reset the environment
INFO 2026-05-29 11:18:32.964 ls/utils.py:227 Recording episode 39
WARNING 2026-05-29 11:18:39.145 t_record.py:512 Episode 39 has no explicit success/failure label, defaulting to 'success'.
INFO 2026-05-29 11:18:39.145 ls/utils.py:227 Reset the environment
INFO 2026-05-29 11:18:46.051 ls/utils.py:227 Recording episode 40
WARNING 2026-05-29 11:18:52.933 t_record.py:512 Episode 40 has no explicit success/failure label, defaulting to 'success'.
INFO 2026-05-29 11:18:52.933 ls/utils.py:227 Reset the environment
INFO 2026-05-29 11:19:00.775 ls/utils.py:227 Recording episode 41
WARNING 2026-05-29 11:19:08.093 t_record.py:512 Episode 41 has no explicit success/failure label, defaulting to 'success'.
INFO 2026-05-29 11:19:08.093 ls/utils.py:227 Reset the environment
INFO 2026-05-29 11:19:16.061 ls/utils.py:227 Recording episode 42
WARNING 2026-05-29 11:19:23.980 t_record.py:512 Episode 42 has no explicit success/failure label, defaulting to 'success'.
INFO 2026-05-29 11:19:23.980 ls/utils.py:227 Reset the environment
INFO 2026-05-29 11:19:32.262 ls/utils.py:227 Recording episode 43
WARNING 2026-05-29 11:19:38.712 t_record.py:512 Episode 43 has no explicit success/failure label, defaulting to 'success'.
INFO 2026-05-29 11:19:38.712 ls/utils.py:227 Reset the environment
INFO 2026-05-29 11:19:48.771 ls/utils.py:227 Recording episode 44
WARNING 2026-05-29 11:19:57.158 t_record.py:512 Episode 44 has no explicit success/failure label, defaulting to 'success'.
INFO 2026-05-29 11:19:57.158 ls/utils.py:227 Reset the environment
INFO 2026-05-29 11:20:22.584 ls/utils.py:227 Re-record episode
INFO 2026-05-29 11:20:22.596 ls/utils.py:227 Stop recording
INFO 2026-05-29 11:20:24.040 t_record.py:570 To inspect the recorded dataset, run:
  lerobot-dataset-report --dataset local_data
INFO 2026-05-29 11:20:24.045 a_opencv.py:592 OpenCVCamera(10) disconnected.
INFO 2026-05-29 11:20:24.058 a_opencv.py:592 OpenCVCamera(4) disconnected.
INFO 2026-05-29 11:20:24.058 follower.py:339 my_piper_follower PiperFollower disconnected.
INFO 2026-05-29 11:20:24.059 r_leader.py:468 my_piper_leader PiperLeader disconnected.
INFO 2026-05-29 11:20:24.059 ls/utils.py:227 Exiting
INFO 2026-05-29 11:29:26.357 t_record.py:325 Human-in-loop recording is enabled. Press 'i' to toggle takeover. Press 's' to mark success and end, 'f' to mark failure and end. Recorded `action` is the executed action. Policy output (when policy is enabled) is stored in `complementary_info.policy_action`. Collector source is stored in `complementary_info.collector_policy_id`. ACP inference: enable=False use_cfg=False cfg_beta=1.000.
INFO 2026-05-29 11:29:26.358 t_record.py:343 {'acp_inference': {'cfg_beta': 1.0, 'enable': False, 'use_cfg': False},
 'collector_policy_id_human': 'human',
 'collector_policy_id_policy': 'human',
 'communication_retry_interval_s': 0.1,
 'communication_retry_timeout_s': 2.0,
 'dataset': {'episode_time_s': 120,
             'fps': 30,
             'num_episodes': 50,
             'num_image_writer_processes': 0,
             'num_image_writer_threads_per_camera': 4,
             'private': False,
             'push_to_hub': False,
             'rename_map': {},
             'repo_id': 'local_data',
             'reset_time_s': 1,
             'root': '/home/ghr/VLA/package_data/single/evo-rl/mutipackage_subtask1_2',
             'single_task': 'Grab the package and place it on the pallet.',
             'tags': None,
             'vcodec': 'libsvtav1',
             'video': True,
             'video_encoding_batch_size': 1},
 'default_episode_success': 'failure',
 'display_compressed_images': False,
 'display_data': True,
 'display_ip': None,
 'display_port': None,
 'enable_collector_policy_id': True,
 'enable_episode_outcome_labeling': True,
 'episode_failure_key': 'f',
 'episode_success_key': 's',
 'intervention_state_machine_enabled': False,
 'intervention_toggle_key': 'i',
 'play_sounds': True,
 'policy': None,
 'policy_sync_parallel': True,
 'policy_sync_to_teleop': False,
 'require_episode_success_label': False,
 'resume': True,
 'robot': {'calibration_dir': None,
           'calibration_scale': 1000,
           'cameras': {'top': {'backend': <Cv2Backends.ANY: 0>,
                               'color_mode': <ColorMode.RGB: 'rgb'>,
                               'fourcc': None,
                               'fps': 30,
                               'height': 480,
                               'index_or_path': 4,
                               'rotation': <Cv2Rotation.NO_ROTATION: 0>,
                               'warmup_s': 1,
                               'width': 640},
                       'wrist': {'backend': <Cv2Backends.ANY: 0>,
                                 'color_mode': <ColorMode.RGB: 'rgb'>,
                                 'fourcc': None,
                                 'fps': 30,
                                 'height': 480,
                                 'index_or_path': 10,
                                 'rotation': <Cv2Rotation.NO_ROTATION: 0>,
                                 'warmup_s': 1,
                                 'width': 640}},
           'can_auto_init': True,
           'disable_on_disconnect': False,
           'enable_on_connect': True,
           'enable_timeout_s': 3.0,
           'gripper_effort_default': 1000,
           'gripper_status_code': 1,
           'high_follow': True,
           'id': 'my_piper_follower',
           'judge_flag': False,
           'log_level': 'WARNING',
           'mode_refresh_interval_s': 1.0,
           'port': 'can1',
           'require_calibration': True,
           'speed_ratio': 50,
           'startup_sleep_s': 0.1,
           'sync_gripper': True},
 'teleop': {'calibration_dir': None,
            'calibration_scale': 1000,
            'can_auto_init': True,
            'command_high_follow': True,
            'command_speed_ratio': 50,
            'disable_on_disconnect': False,
            'enable_timeout_s': 3.0,
            'fallback_to_feedback': True,
            'gravity_comp_base_rpy_deg': (0.0, 0.0, 0.0),
            'gravity_comp_control_hz': 200.0,
            'gravity_comp_mit_kd': 0.0,
            'gravity_comp_mit_kp': 0.0,
            'gravity_comp_torque_limit': 8.0,
            'gravity_comp_tx_ratio': (0.2, 0.2, 0.2, 0.2, 0.2, 0.2),
            'gripper_effort_default': 1000,
            'gripper_status_code': 1,
            'id': 'my_piper_leader',
            'judge_flag': False,
            'log_level': 'WARNING',
            'manual_control': True,
            'mode_refresh_interval_s': 1.0,
            'port': 'can0',
            'prefer_ctrl_messages': True,
            'require_calibration': True,
            'startup_sleep_s': 0.1,
            'sync_gripper': True}}
INFO 2026-05-29 11:29:26.510 t_record.py:371 dataset_features: {'action': {'dtype': 'float32', 'names': ['joint_1.pos', 'joint_2.pos', 'joint_3.pos', 'joint_4.pos', 'joint_5.pos', 'joint_6.pos', 'gripper.pos'], 'shape': (7,)}, 'observation.state': {'dtype': 'float32', 'names': ['joint_1.pos', 'joint_2.pos', 'joint_3.pos', 'joint_4.pos', 'joint_5.pos', 'joint_6.pos', 'gripper.pos'], 'shape': (7,)}, 'observation.images.wrist': {'dtype': 'video', 'shape': (480, 640, 3), 'names': ['height', 'width', 'channels']}, 'observation.images.top': {'dtype': 'video', 'shape': (480, 640, 3), 'names': ['height', 'width', 'channels']}}
INFO 2026-05-29 11:29:26.510 t_record.py:382 dataset_features: {'action': {'dtype': 'float32', 'names': ['joint_1.pos', 'joint_2.pos', 'joint_3.pos', 'joint_4.pos', 'joint_5.pos', 'joint_6.pos', 'gripper.pos'], 'shape': (7,)}, 'observation.state': {'dtype': 'float32', 'names': ['joint_1.pos', 'joint_2.pos', 'joint_3.pos', 'joint_4.pos', 'joint_5.pos', 'joint_6.pos', 'gripper.pos'], 'shape': (7,)}, 'observation.images.wrist': {'dtype': 'video', 'shape': (480, 640, 3), 'names': ['height', 'width', 'channels']}, 'observation.images.top': {'dtype': 'video', 'shape': (480, 640, 3), 'names': ['height', 'width', 'channels']}, 'complementary_info.policy_action': {'dtype': 'float32', 'shape': (7,), 'names': ['joint_1.pos', 'joint_2.pos', 'joint_3.pos', 'joint_4.pos', 'joint_5.pos', 'joint_6.pos', 'gripper.pos']}, 'complementary_info.is_intervention': {'dtype': 'float32', 'shape': (1,), 'names': ['is_intervention']}, 'complementary_info.state': {'dtype': 'float32', 'shape': (1,), 'names': ['state']}, 'complementary_info.collector_policy_id': {'dtype': 'string', 'shape': (1,), 'names': ['collector_policy_id']}}
INFO 2026-05-29 11:29:28.179 a_opencv.py:179 OpenCVCamera(10) connected.
INFO 2026-05-29 11:29:29.394 a_opencv.py:179 OpenCVCamera(4) connected.
INFO 2026-05-29 11:29:29.394 follower.py:139 my_piper_follower PiperFollower connected.
INFO 2026-05-29 11:29:30.444 r_leader.py:130 my_piper_leader PiperLeader connected.
INFO 2026-05-29 11:29:30.444 t_record.py:446 robot and teleop all conected
INFO 2026-05-29 11:29:30.446 ls/utils.py:227 Recording episode 44
WARNING 2026-05-29 11:29:32.217 t_record.py:512 Episode 44 has no explicit success/failure label, defaulting to 'success'.
INFO 2026-05-29 11:29:32.217 ls/utils.py:227 Reset the environment
INFO 2026-05-29 11:29:37.597 ls/utils.py:227 Re-record episode
INFO 2026-05-29 11:29:37.598 ls/utils.py:227 Recording episode 44
WARNING 2026-05-29 11:29:47.931 t_record.py:512 Episode 44 has no explicit success/failure label, defaulting to 'success'.
INFO 2026-05-29 11:29:47.931 ls/utils.py:227 Reset the environment
INFO 2026-05-29 11:29:51.108 ls/utils.py:227 Re-record episode
INFO 2026-05-29 11:29:51.108 ls/utils.py:227 Recording episode 44
WARNING 2026-05-29 11:29:58.424 t_record.py:512 Episode 44 has no explicit success/failure label, defaulting to 'success'.
INFO 2026-05-29 11:29:58.424 ls/utils.py:227 Reset the environment
INFO 2026-05-29 11:30:13.814 ls/utils.py:227 Recording episode 45
WARNING 2026-05-29 11:30:23.803 t_record.py:512 Episode 45 has no explicit success/failure label, defaulting to 'success'.
INFO 2026-05-29 11:30:23.803 ls/utils.py:227 Reset the environment
INFO 2026-05-29 11:30:29.810 ls/utils.py:227 Re-record episode
INFO 2026-05-29 11:30:29.811 ls/utils.py:227 Recording episode 45
WARNING 2026-05-29 11:30:30.947 t_record.py:512 Episode 45 has no explicit success/failure label, defaulting to 'success'.
INFO 2026-05-29 11:30:30.947 ls/utils.py:227 Reset the environment
INFO 2026-05-29 11:30:32.419 ls/utils.py:227 Re-record episode
INFO 2026-05-29 11:30:32.420 ls/utils.py:227 Recording episode 45
WARNING 2026-05-29 11:30:40.177 t_record.py:512 Episode 45 has no explicit success/failure label, defaulting to 'success'.
INFO 2026-05-29 11:30:40.177 ls/utils.py:227 Reset the environment
INFO 2026-05-29 11:30:47.208 ls/utils.py:227 Recording episode 46
WARNING 2026-05-29 11:30:53.924 t_record.py:512 Episode 46 has no explicit success/failure label, defaulting to 'success'.
INFO 2026-05-29 11:30:53.924 ls/utils.py:227 Reset the environment
INFO 2026-05-29 11:31:01.054 ls/utils.py:227 Recording episode 47
WARNING 2026-05-29 11:31:09.140 t_record.py:512 Episode 47 has no explicit success/failure label, defaulting to 'success'.
INFO 2026-05-29 11:31:09.140 ls/utils.py:227 Reset the environment
INFO 2026-05-29 11:31:15.426 ls/utils.py:227 Recording episode 48
WARNING 2026-05-29 11:31:18.333 t_record.py:512 Episode 48 has no explicit success/failure label, defaulting to 'success'.
INFO 2026-05-29 11:31:18.333 ls/utils.py:227 Reset the environment
INFO 2026-05-29 11:31:19.236 ls/utils.py:227 Re-record episode
INFO 2026-05-29 11:31:19.237 ls/utils.py:227 Recording episode 48
WARNING 2026-05-29 11:31:20.172 t_record.py:512 Episode 48 has no explicit success/failure label, defaulting to 'success'.
INFO 2026-05-29 11:31:20.173 ls/utils.py:227 Reset the environment
INFO 2026-05-29 11:31:24.514 ls/utils.py:227 Re-record episode
INFO 2026-05-29 11:31:24.515 ls/utils.py:227 Recording episode 48
WARNING 2026-05-29 11:31:32.366 t_record.py:512 Episode 48 has no explicit success/failure label, defaulting to 'success'.
INFO 2026-05-29 11:31:32.366 ls/utils.py:227 Reset the environment
INFO 2026-05-29 11:31:40.974 ls/utils.py:227 Recording episode 49
WARNING 2026-05-29 11:31:49.101 t_record.py:512 Episode 49 has no explicit success/failure label, defaulting to 'success'.
INFO 2026-05-29 11:31:49.102 ls/utils.py:227 Reset the environment
INFO 2026-05-29 11:32:10.498 ls/utils.py:227 Stop recording
INFO 2026-05-29 11:32:11.928 t_record.py:570 To inspect the recorded dataset, run:
  lerobot-dataset-report --dataset local_data
INFO 2026-05-29 11:32:11.947 a_opencv.py:592 OpenCVCamera(10) disconnected.
INFO 2026-05-29 11:32:11.979 a_opencv.py:592 OpenCVCamera(4) disconnected.
INFO 2026-05-29 11:32:11.980 follower.py:339 my_piper_follower PiperFollower disconnected.
INFO 2026-05-29 11:32:11.984 r_leader.py:468 my_piper_leader PiperLeader disconnected.
INFO 2026-05-29 11:32:11.985 ls/utils.py:227 Exiting
INFO 2026-05-29 11:32:53.244 t_record.py:325 Human-in-loop recording is enabled. Press 'i' to toggle takeover. Press 's' to mark success and end, 'f' to mark failure and end. Recorded `action` is the executed action. Policy output (when policy is enabled) is stored in `complementary_info.policy_action`. Collector source is stored in `complementary_info.collector_policy_id`. ACP inference: enable=False use_cfg=False cfg_beta=1.000.
INFO 2026-05-29 11:32:53.245 t_record.py:343 {'acp_inference': {'cfg_beta': 1.0, 'enable': False, 'use_cfg': False},
 'collector_policy_id_human': 'human',
 'collector_policy_id_policy': 'human',
 'communication_retry_interval_s': 0.1,
 'communication_retry_timeout_s': 2.0,
 'dataset': {'episode_time_s': 120,
             'fps': 30,
             'num_episodes': 50,
             'num_image_writer_processes': 0,
             'num_image_writer_threads_per_camera': 4,
             'private': False,
             'push_to_hub': False,
             'rename_map': {},
             'repo_id': 'local_data',
             'reset_time_s': 1,
             'root': '/home/ghr/VLA/package_data/single/evo-rl/mutipackage_subtask1_3',
             'single_task': 'Grab the package and place it on the pallet.',
             'tags': None,
             'vcodec': 'libsvtav1',
             'video': True,
             'video_encoding_batch_size': 1},
 'default_episode_success': 'failure',
 'display_compressed_images': False,
 'display_data': True,
 'display_ip': None,
 'display_port': None,
 'enable_collector_policy_id': True,
 'enable_episode_outcome_labeling': True,
 'episode_failure_key': 'f',
 'episode_success_key': 's',
 'intervention_state_machine_enabled': False,
 'intervention_toggle_key': 'i',
 'play_sounds': True,
 'policy': None,
 'policy_sync_parallel': True,
 'policy_sync_to_teleop': False,
 'require_episode_success_label': False,
 'resume': True,
 'robot': {'calibration_dir': None,
           'calibration_scale': 1000,
           'cameras': {'top': {'backend': <Cv2Backends.ANY: 0>,
                               'color_mode': <ColorMode.RGB: 'rgb'>,
                               'fourcc': None,
                               'fps': 30,
                               'height': 480,
                               'index_or_path': 4,
                               'rotation': <Cv2Rotation.NO_ROTATION: 0>,
                               'warmup_s': 1,
                               'width': 640},
                       'wrist': {'backend': <Cv2Backends.ANY: 0>,
                                 'color_mode': <ColorMode.RGB: 'rgb'>,
                                 'fourcc': None,
                                 'fps': 30,
                                 'height': 480,
                                 'index_or_path': 10,
                                 'rotation': <Cv2Rotation.NO_ROTATION: 0>,
                                 'warmup_s': 1,
                                 'width': 640}},
           'can_auto_init': True,
           'disable_on_disconnect': False,
           'enable_on_connect': True,
           'enable_timeout_s': 3.0,
           'gripper_effort_default': 1000,
           'gripper_status_code': 1,
           'high_follow': True,
           'id': 'my_piper_follower',
           'judge_flag': False,
           'log_level': 'WARNING',
           'mode_refresh_interval_s': 1.0,
           'port': 'can1',
           'require_calibration': True,
           'speed_ratio': 50,
           'startup_sleep_s': 0.1,
           'sync_gripper': True},
 'teleop': {'calibration_dir': None,
            'calibration_scale': 1000,
            'can_auto_init': True,
            'command_high_follow': True,
            'command_speed_ratio': 50,
            'disable_on_disconnect': False,
            'enable_timeout_s': 3.0,
            'fallback_to_feedback': True,
            'gravity_comp_base_rpy_deg': (0.0, 0.0, 0.0),
            'gravity_comp_control_hz': 200.0,
            'gravity_comp_mit_kd': 0.0,
            'gravity_comp_mit_kp': 0.0,
            'gravity_comp_torque_limit': 8.0,
            'gravity_comp_tx_ratio': (0.2, 0.2, 0.2, 0.2, 0.2, 0.2),
            'gripper_effort_default': 1000,
            'gripper_status_code': 1,
            'id': 'my_piper_leader',
            'judge_flag': False,
            'log_level': 'WARNING',
            'manual_control': True,
            'mode_refresh_interval_s': 1.0,
            'port': 'can0',
            'prefer_ctrl_messages': True,
            'require_calibration': True,
            'startup_sleep_s': 0.1,
            'sync_gripper': True}}
INFO 2026-05-29 11:32:53.256 t_record.py:371 dataset_features: {'action': {'dtype': 'float32', 'names': ['joint_1.pos', 'joint_2.pos', 'joint_3.pos', 'joint_4.pos', 'joint_5.pos', 'joint_6.pos', 'gripper.pos'], 'shape': (7,)}, 'observation.state': {'dtype': 'float32', 'names': ['joint_1.pos', 'joint_2.pos', 'joint_3.pos', 'joint_4.pos', 'joint_5.pos', 'joint_6.pos', 'gripper.pos'], 'shape': (7,)}, 'observation.images.wrist': {'dtype': 'video', 'shape': (480, 640, 3), 'names': ['height', 'width', 'channels']}, 'observation.images.top': {'dtype': 'video', 'shape': (480, 640, 3), 'names': ['height', 'width', 'channels']}}
INFO 2026-05-29 11:32:53.256 t_record.py:382 dataset_features: {'action': {'dtype': 'float32', 'names': ['joint_1.pos', 'joint_2.pos', 'joint_3.pos', 'joint_4.pos', 'joint_5.pos', 'joint_6.pos', 'gripper.pos'], 'shape': (7,)}, 'observation.state': {'dtype': 'float32', 'names': ['joint_1.pos', 'joint_2.pos', 'joint_3.pos', 'joint_4.pos', 'joint_5.pos', 'joint_6.pos', 'gripper.pos'], 'shape': (7,)}, 'observation.images.wrist': {'dtype': 'video', 'shape': (480, 640, 3), 'names': ['height', 'width', 'channels']}, 'observation.images.top': {'dtype': 'video', 'shape': (480, 640, 3), 'names': ['height', 'width', 'channels']}, 'complementary_info.policy_action': {'dtype': 'float32', 'shape': (7,), 'names': ['joint_1.pos', 'joint_2.pos', 'joint_3.pos', 'joint_4.pos', 'joint_5.pos', 'joint_6.pos', 'gripper.pos']}, 'complementary_info.is_intervention': {'dtype': 'float32', 'shape': (1,), 'names': ['is_intervention']}, 'complementary_info.state': {'dtype': 'float32', 'shape': (1,), 'names': ['state']}, 'complementary_info.collector_policy_id': {'dtype': 'string', 'shape': (1,), 'names': ['collector_policy_id']}}
INFO 2026-05-29 11:33:13.260 ls/utils.py:227 Stop recording
INFO 2026-05-29 11:33:14.688 ls/utils.py:227 Exiting
INFO 2026-05-29 11:33:48.585 t_record.py:325 Human-in-loop recording is enabled. Press 'i' to toggle takeover. Press 's' to mark success and end, 'f' to mark failure and end. Recorded `action` is the executed action. Policy output (when policy is enabled) is stored in `complementary_info.policy_action`. Collector source is stored in `complementary_info.collector_policy_id`. ACP inference: enable=False use_cfg=False cfg_beta=1.000.
INFO 2026-05-29 11:33:48.585 t_record.py:343 {'acp_inference': {'cfg_beta': 1.0, 'enable': False, 'use_cfg': False},
 'collector_policy_id_human': 'human',
 'collector_policy_id_policy': 'human',
 'communication_retry_interval_s': 0.1,
 'communication_retry_timeout_s': 2.0,
 'dataset': {'episode_time_s': 120,
             'fps': 30,
             'num_episodes': 50,
             'num_image_writer_processes': 0,
             'num_image_writer_threads_per_camera': 4,
             'private': False,
             'push_to_hub': False,
             'rename_map': {},
             'repo_id': 'local_data',
             'reset_time_s': 1,
             'root': '/home/ghr/VLA/package_data/single/evo-rl/mutipackage_subtask1_3',
             'single_task': 'Grab the package and place it on the pallet.',
             'tags': None,
             'vcodec': 'libsvtav1',
             'video': True,
             'video_encoding_batch_size': 1},
 'default_episode_success': 'failure',
 'display_compressed_images': False,
 'display_data': True,
 'display_ip': None,
 'display_port': None,
 'enable_collector_policy_id': True,
 'enable_episode_outcome_labeling': True,
 'episode_failure_key': 'f',
 'episode_success_key': 's',
 'intervention_state_machine_enabled': False,
 'intervention_toggle_key': 'i',
 'play_sounds': True,
 'policy': None,
 'policy_sync_parallel': True,
 'policy_sync_to_teleop': False,
 'require_episode_success_label': False,
 'resume': False,
 'robot': {'calibration_dir': None,
           'calibration_scale': 1000,
           'cameras': {'top': {'backend': <Cv2Backends.ANY: 0>,
                               'color_mode': <ColorMode.RGB: 'rgb'>,
                               'fourcc': None,
                               'fps': 30,
                               'height': 480,
                               'index_or_path': 4,
                               'rotation': <Cv2Rotation.NO_ROTATION: 0>,
                               'warmup_s': 1,
                               'width': 640},
                       'wrist': {'backend': <Cv2Backends.ANY: 0>,
                                 'color_mode': <ColorMode.RGB: 'rgb'>,
                                 'fourcc': None,
                                 'fps': 30,
                                 'height': 480,
                                 'index_or_path': 10,
                                 'rotation': <Cv2Rotation.NO_ROTATION: 0>,
                                 'warmup_s': 1,
                                 'width': 640}},
           'can_auto_init': True,
           'disable_on_disconnect': False,
           'enable_on_connect': True,
           'enable_timeout_s': 3.0,
           'gripper_effort_default': 1000,
           'gripper_status_code': 1,
           'high_follow': True,
           'id': 'my_piper_follower',
           'judge_flag': False,
           'log_level': 'WARNING',
           'mode_refresh_interval_s': 1.0,
           'port': 'can1',
           'require_calibration': True,
           'speed_ratio': 50,
           'startup_sleep_s': 0.1,
           'sync_gripper': True},
 'teleop': {'calibration_dir': None,
            'calibration_scale': 1000,
            'can_auto_init': True,
            'command_high_follow': True,
            'command_speed_ratio': 50,
            'disable_on_disconnect': False,
            'enable_timeout_s': 3.0,
            'fallback_to_feedback': True,
            'gravity_comp_base_rpy_deg': (0.0, 0.0, 0.0),
            'gravity_comp_control_hz': 200.0,
            'gravity_comp_mit_kd': 0.0,
            'gravity_comp_mit_kp': 0.0,
            'gravity_comp_torque_limit': 8.0,
            'gravity_comp_tx_ratio': (0.2, 0.2, 0.2, 0.2, 0.2, 0.2),
            'gripper_effort_default': 1000,
            'gripper_status_code': 1,
            'id': 'my_piper_leader',
            'judge_flag': False,
            'log_level': 'WARNING',
            'manual_control': True,
            'mode_refresh_interval_s': 1.0,
            'port': 'can0',
            'prefer_ctrl_messages': True,
            'require_calibration': True,
            'startup_sleep_s': 0.1,
            'sync_gripper': True}}
INFO 2026-05-29 11:33:48.596 t_record.py:371 dataset_features: {'action': {'dtype': 'float32', 'names': ['joint_1.pos', 'joint_2.pos', 'joint_3.pos', 'joint_4.pos', 'joint_5.pos', 'joint_6.pos', 'gripper.pos'], 'shape': (7,)}, 'observation.state': {'dtype': 'float32', 'names': ['joint_1.pos', 'joint_2.pos', 'joint_3.pos', 'joint_4.pos', 'joint_5.pos', 'joint_6.pos', 'gripper.pos'], 'shape': (7,)}, 'observation.images.wrist': {'dtype': 'video', 'shape': (480, 640, 3), 'names': ['height', 'width', 'channels']}, 'observation.images.top': {'dtype': 'video', 'shape': (480, 640, 3), 'names': ['height', 'width', 'channels']}}
INFO 2026-05-29 11:33:48.596 t_record.py:382 dataset_features: {'action': {'dtype': 'float32', 'names': ['joint_1.pos', 'joint_2.pos', 'joint_3.pos', 'joint_4.pos', 'joint_5.pos', 'joint_6.pos', 'gripper.pos'], 'shape': (7,)}, 'observation.state': {'dtype': 'float32', 'names': ['joint_1.pos', 'joint_2.pos', 'joint_3.pos', 'joint_4.pos', 'joint_5.pos', 'joint_6.pos', 'gripper.pos'], 'shape': (7,)}, 'observation.images.wrist': {'dtype': 'video', 'shape': (480, 640, 3), 'names': ['height', 'width', 'channels']}, 'observation.images.top': {'dtype': 'video', 'shape': (480, 640, 3), 'names': ['height', 'width', 'channels']}, 'complementary_info.policy_action': {'dtype': 'float32', 'shape': (7,), 'names': ['joint_1.pos', 'joint_2.pos', 'joint_3.pos', 'joint_4.pos', 'joint_5.pos', 'joint_6.pos', 'gripper.pos']}, 'complementary_info.is_intervention': {'dtype': 'float32', 'shape': (1,), 'names': ['is_intervention']}, 'complementary_info.state': {'dtype': 'float32', 'shape': (1,), 'names': ['state']}, 'complementary_info.collector_policy_id': {'dtype': 'string', 'shape': (1,), 'names': ['collector_policy_id']}}
INFO 2026-05-29 11:33:48.596 ls/utils.py:227 Stop recording
INFO 2026-05-29 11:33:50.036 ls/utils.py:227 Exiting
INFO 2026-05-29 11:34:13.167 t_record.py:325 Human-in-loop recording is enabled. Press 'i' to toggle takeover. Press 's' to mark success and end, 'f' to mark failure and end. Recorded `action` is the executed action. Policy output (when policy is enabled) is stored in `complementary_info.policy_action`. Collector source is stored in `complementary_info.collector_policy_id`. ACP inference: enable=False use_cfg=False cfg_beta=1.000.
INFO 2026-05-29 11:34:13.167 t_record.py:343 {'acp_inference': {'cfg_beta': 1.0, 'enable': False, 'use_cfg': False},
 'collector_policy_id_human': 'human',
 'collector_policy_id_policy': 'human',
 'communication_retry_interval_s': 0.1,
 'communication_retry_timeout_s': 2.0,
 'dataset': {'episode_time_s': 120,
             'fps': 30,
             'num_episodes': 50,
             'num_image_writer_processes': 0,
             'num_image_writer_threads_per_camera': 4,
             'private': False,
             'push_to_hub': False,
             'rename_map': {},
             'repo_id': 'local_data',
             'reset_time_s': 1,
             'root': '/home/ghr/VLA/package_data/single/evo-rl/mutipackage_subtask1_3',
             'single_task': 'Grab the package and place it on the pallet.',
             'tags': None,
             'vcodec': 'libsvtav1',
             'video': True,
             'video_encoding_batch_size': 1},
 'default_episode_success': 'failure',
 'display_compressed_images': False,
 'display_data': True,
 'display_ip': None,
 'display_port': None,
 'enable_collector_policy_id': True,
 'enable_episode_outcome_labeling': True,
 'episode_failure_key': 'f',
 'episode_success_key': 's',
 'intervention_state_machine_enabled': False,
 'intervention_toggle_key': 'i',
 'play_sounds': True,
 'policy': None,
 'policy_sync_parallel': True,
 'policy_sync_to_teleop': False,
 'require_episode_success_label': False,
 'resume': False,
 'robot': {'calibration_dir': None,
           'calibration_scale': 1000,
           'cameras': {'top': {'backend': <Cv2Backends.ANY: 0>,
                               'color_mode': <ColorMode.RGB: 'rgb'>,
                               'fourcc': None,
                               'fps': 30,
                               'height': 480,
                               'index_or_path': 4,
                               'rotation': <Cv2Rotation.NO_ROTATION: 0>,
                               'warmup_s': 1,
                               'width': 640},
                       'wrist': {'backend': <Cv2Backends.ANY: 0>,
                                 'color_mode': <ColorMode.RGB: 'rgb'>,
                                 'fourcc': None,
                                 'fps': 30,
                                 'height': 480,
                                 'index_or_path': 10,
                                 'rotation': <Cv2Rotation.NO_ROTATION: 0>,
                                 'warmup_s': 1,
                                 'width': 640}},
           'can_auto_init': True,
           'disable_on_disconnect': False,
           'enable_on_connect': True,
           'enable_timeout_s': 3.0,
           'gripper_effort_default': 1000,
           'gripper_status_code': 1,
           'high_follow': True,
           'id': 'my_piper_follower',
           'judge_flag': False,
           'log_level': 'WARNING',
           'mode_refresh_interval_s': 1.0,
           'port': 'can1',
           'require_calibration': True,
           'speed_ratio': 50,
           'startup_sleep_s': 0.1,
           'sync_gripper': True},
 'teleop': {'calibration_dir': None,
            'calibration_scale': 1000,
            'can_auto_init': True,
            'command_high_follow': True,
            'command_speed_ratio': 50,
            'disable_on_disconnect': False,
            'enable_timeout_s': 3.0,
            'fallback_to_feedback': True,
            'gravity_comp_base_rpy_deg': (0.0, 0.0, 0.0),
            'gravity_comp_control_hz': 200.0,
            'gravity_comp_mit_kd': 0.0,
            'gravity_comp_mit_kp': 0.0,
            'gravity_comp_torque_limit': 8.0,
            'gravity_comp_tx_ratio': (0.2, 0.2, 0.2, 0.2, 0.2, 0.2),
            'gripper_effort_default': 1000,
            'gripper_status_code': 1,
            'id': 'my_piper_leader',
            'judge_flag': False,
            'log_level': 'WARNING',
            'manual_control': True,
            'mode_refresh_interval_s': 1.0,
            'port': 'can0',
            'prefer_ctrl_messages': True,
            'require_calibration': True,
            'startup_sleep_s': 0.1,
            'sync_gripper': True}}
INFO 2026-05-29 11:34:13.178 t_record.py:371 dataset_features: {'action': {'dtype': 'float32', 'names': ['joint_1.pos', 'joint_2.pos', 'joint_3.pos', 'joint_4.pos', 'joint_5.pos', 'joint_6.pos', 'gripper.pos'], 'shape': (7,)}, 'observation.state': {'dtype': 'float32', 'names': ['joint_1.pos', 'joint_2.pos', 'joint_3.pos', 'joint_4.pos', 'joint_5.pos', 'joint_6.pos', 'gripper.pos'], 'shape': (7,)}, 'observation.images.wrist': {'dtype': 'video', 'shape': (480, 640, 3), 'names': ['height', 'width', 'channels']}, 'observation.images.top': {'dtype': 'video', 'shape': (480, 640, 3), 'names': ['height', 'width', 'channels']}}
INFO 2026-05-29 11:34:13.178 t_record.py:382 dataset_features: {'action': {'dtype': 'float32', 'names': ['joint_1.pos', 'joint_2.pos', 'joint_3.pos', 'joint_4.pos', 'joint_5.pos', 'joint_6.pos', 'gripper.pos'], 'shape': (7,)}, 'observation.state': {'dtype': 'float32', 'names': ['joint_1.pos', 'joint_2.pos', 'joint_3.pos', 'joint_4.pos', 'joint_5.pos', 'joint_6.pos', 'gripper.pos'], 'shape': (7,)}, 'observation.images.wrist': {'dtype': 'video', 'shape': (480, 640, 3), 'names': ['height', 'width', 'channels']}, 'observation.images.top': {'dtype': 'video', 'shape': (480, 640, 3), 'names': ['height', 'width', 'channels']}, 'complementary_info.policy_action': {'dtype': 'float32', 'shape': (7,), 'names': ['joint_1.pos', 'joint_2.pos', 'joint_3.pos', 'joint_4.pos', 'joint_5.pos', 'joint_6.pos', 'gripper.pos']}, 'complementary_info.is_intervention': {'dtype': 'float32', 'shape': (1,), 'names': ['is_intervention']}, 'complementary_info.state': {'dtype': 'float32', 'shape': (1,), 'names': ['state']}, 'complementary_info.collector_policy_id': {'dtype': 'string', 'shape': (1,), 'names': ['collector_policy_id']}}
INFO 2026-05-29 11:34:14.518 a_opencv.py:179 OpenCVCamera(10) connected.
INFO 2026-05-29 11:34:15.731 a_opencv.py:179 OpenCVCamera(4) connected.
INFO 2026-05-29 11:34:15.731 follower.py:139 my_piper_follower PiperFollower connected.
INFO 2026-05-29 11:34:16.558 r_leader.py:130 my_piper_leader PiperLeader connected.
INFO 2026-05-29 11:34:16.558 t_record.py:446 robot and teleop all conected
INFO 2026-05-29 11:34:16.559 ls/utils.py:227 Recording episode 0
WARNING 2026-05-29 11:34:17.764 t_record.py:512 Episode 0 has no explicit success/failure label, defaulting to 'success'.
INFO 2026-05-29 11:34:17.764 ls/utils.py:227 Reset the environment
INFO 2026-05-29 11:34:19.535 ls/utils.py:227 Re-record episode
INFO 2026-05-29 11:34:19.535 ls/utils.py:227 Recording episode 0
WARNING 2026-05-29 11:34:27.485 t_record.py:512 Episode 0 has no explicit success/failure label, defaulting to 'success'.
INFO 2026-05-29 11:34:27.486 ls/utils.py:227 Reset the environment
INFO 2026-05-29 11:34:35.302 ls/utils.py:227 Recording episode 1
WARNING 2026-05-29 11:34:37.808 t_record.py:512 Episode 1 has no explicit success/failure label, defaulting to 'success'.
INFO 2026-05-29 11:34:37.808 ls/utils.py:227 Reset the environment
INFO 2026-05-29 11:34:39.546 ls/utils.py:227 Re-record episode
INFO 2026-05-29 11:34:39.547 ls/utils.py:227 Recording episode 1
WARNING 2026-05-29 11:34:48.835 t_record.py:512 Episode 1 has no explicit success/failure label, defaulting to 'success'.
INFO 2026-05-29 11:34:48.835 ls/utils.py:227 Reset the environment
INFO 2026-05-29 11:34:56.187 ls/utils.py:227 Recording episode 2
WARNING 2026-05-29 11:35:05.569 t_record.py:512 Episode 2 has no explicit success/failure label, defaulting to 'success'.
INFO 2026-05-29 11:35:05.569 ls/utils.py:227 Reset the environment
INFO 2026-05-29 11:35:13.283 ls/utils.py:227 Recording episode 3
WARNING 2026-05-29 11:35:21.267 t_record.py:512 Episode 3 has no explicit success/failure label, defaulting to 'success'.
INFO 2026-05-29 11:35:21.267 ls/utils.py:227 Reset the environment
INFO 2026-05-29 11:35:29.469 ls/utils.py:227 Recording episode 4
WARNING 2026-05-29 11:35:37.228 t_record.py:512 Episode 4 has no explicit success/failure label, defaulting to 'success'.
INFO 2026-05-29 11:35:37.228 ls/utils.py:227 Reset the environment
INFO 2026-05-29 11:35:48.373 ls/utils.py:227 Recording episode 5
WARNING 2026-05-29 11:35:56.292 t_record.py:512 Episode 5 has no explicit success/failure label, defaulting to 'success'.
INFO 2026-05-29 11:35:56.292 ls/utils.py:227 Reset the environment
INFO 2026-05-29 11:36:03.677 ls/utils.py:227 Recording episode 6
WARNING 2026-05-29 11:36:11.696 t_record.py:512 Episode 6 has no explicit success/failure label, defaulting to 'success'.
INFO 2026-05-29 11:36:11.696 ls/utils.py:227 Reset the environment
INFO 2026-05-29 11:37:16.818 ls/utils.py:227 Recording episode 7
WARNING 2026-05-29 11:37:24.503 t_record.py:512 Episode 7 has no explicit success/failure label, defaulting to 'success'.
INFO 2026-05-29 11:37:24.503 ls/utils.py:227 Reset the environment
INFO 2026-05-29 11:37:32.837 ls/utils.py:227 Recording episode 8
WARNING 2026-05-29 11:37:40.026 t_record.py:512 Episode 8 has no explicit success/failure label, defaulting to 'success'.
INFO 2026-05-29 11:37:40.026 ls/utils.py:227 Reset the environment
INFO 2026-05-29 11:37:53.084 ls/utils.py:227 Recording episode 9
WARNING 2026-05-29 11:38:01.338 t_record.py:512 Episode 9 has no explicit success/failure label, defaulting to 'success'.
INFO 2026-05-29 11:38:01.338 ls/utils.py:227 Reset the environment
INFO 2026-05-29 11:38:43.909 ls/utils.py:227 Recording episode 10
WARNING 2026-05-29 11:38:52.506 t_record.py:512 Episode 10 has no explicit success/failure label, defaulting to 'success'.
INFO 2026-05-29 11:38:52.506 ls/utils.py:227 Reset the environment
INFO 2026-05-29 11:38:59.873 ls/utils.py:227 Recording episode 11
WARNING 2026-05-29 11:39:07.524 t_record.py:512 Episode 11 has no explicit success/failure label, defaulting to 'success'.
INFO 2026-05-29 11:39:07.524 ls/utils.py:227 Reset the environment
INFO 2026-05-29 11:39:19.392 ls/utils.py:227 Recording episode 12
WARNING 2026-05-29 11:39:26.503 t_record.py:512 Episode 12 has no explicit success/failure label, defaulting to 'success'.
INFO 2026-05-29 11:39:26.503 ls/utils.py:227 Reset the environment
INFO 2026-05-29 11:39:33.663 ls/utils.py:227 Recording episode 13
WARNING 2026-05-29 11:39:40.508 t_record.py:512 Episode 13 has no explicit success/failure label, defaulting to 'success'.
INFO 2026-05-29 11:39:40.509 ls/utils.py:227 Reset the environment
INFO 2026-05-29 11:39:52.148 ls/utils.py:227 Recording episode 14
WARNING 2026-05-29 11:39:53.686 t_record.py:512 Episode 14 has no explicit success/failure label, defaulting to 'success'.
INFO 2026-05-29 11:39:53.686 ls/utils.py:227 Reset the environment
INFO 2026-05-29 11:39:54.723 ls/utils.py:227 Re-record episode
INFO 2026-05-29 11:39:54.724 ls/utils.py:227 Recording episode 14
WARNING 2026-05-29 11:39:59.300 t_record.py:512 Episode 14 has no explicit success/failure label, defaulting to 'success'.
INFO 2026-05-29 11:39:59.301 ls/utils.py:227 Reset the environment
INFO 2026-05-29 11:40:01.216 ls/utils.py:227 Re-record episode
INFO 2026-05-29 11:40:01.218 ls/utils.py:227 Recording episode 14
WARNING 2026-05-29 11:40:08.456 t_record.py:512 Episode 14 has no explicit success/failure label, defaulting to 'success'.
INFO 2026-05-29 11:40:08.456 ls/utils.py:227 Reset the environment
INFO 2026-05-29 11:40:16.072 ls/utils.py:227 Recording episode 15
WARNING 2026-05-29 11:40:22.821 t_record.py:512 Episode 15 has no explicit success/failure label, defaulting to 'success'.
INFO 2026-05-29 11:40:22.821 ls/utils.py:227 Reset the environment
INFO 2026-05-29 11:40:29.811 ls/utils.py:227 Recording episode 16
WARNING 2026-05-29 11:40:37.428 t_record.py:512 Episode 16 has no explicit success/failure label, defaulting to 'success'.
INFO 2026-05-29 11:40:37.428 ls/utils.py:227 Reset the environment
INFO 2026-05-29 11:40:45.937 ls/utils.py:227 Recording episode 17
WARNING 2026-05-29 11:40:53.087 t_record.py:512 Episode 17 has no explicit success/failure label, defaulting to 'success'.
INFO 2026-05-29 11:40:53.087 ls/utils.py:227 Reset the environment
INFO 2026-05-29 11:41:03.442 ls/utils.py:227 Recording episode 18
WARNING 2026-05-29 11:41:09.967 t_record.py:512 Episode 18 has no explicit success/failure label, defaulting to 'success'.
INFO 2026-05-29 11:41:09.967 ls/utils.py:227 Reset the environment
INFO 2026-05-29 11:41:17.860 ls/utils.py:227 Recording episode 19
WARNING 2026-05-29 11:41:24.008 t_record.py:512 Episode 19 has no explicit success/failure label, defaulting to 'success'.
INFO 2026-05-29 11:41:24.008 ls/utils.py:227 Reset the environment
INFO 2026-05-29 11:41:32.817 ls/utils.py:227 Recording episode 20
WARNING 2026-05-29 11:41:38.430 t_record.py:512 Episode 20 has no explicit success/failure label, defaulting to 'success'.
INFO 2026-05-29 11:41:38.430 ls/utils.py:227 Reset the environment
INFO 2026-05-29 11:41:50.102 ls/utils.py:227 Recording episode 21
WARNING 2026-05-29 11:41:57.886 t_record.py:512 Episode 21 has no explicit success/failure label, defaulting to 'success'.
INFO 2026-05-29 11:41:57.886 ls/utils.py:227 Reset the environment
INFO 2026-05-29 11:42:05.942 ls/utils.py:227 Recording episode 22
WARNING 2026-05-29 11:42:13.273 t_record.py:512 Episode 22 has no explicit success/failure label, defaulting to 'success'.
INFO 2026-05-29 11:42:13.273 ls/utils.py:227 Reset the environment
INFO 2026-05-29 11:42:23.324 ls/utils.py:227 Recording episode 23
WARNING 2026-05-29 11:42:30.509 t_record.py:512 Episode 23 has no explicit success/failure label, defaulting to 'success'.
INFO 2026-05-29 11:42:30.509 ls/utils.py:227 Reset the environment
INFO 2026-05-29 11:42:39.979 ls/utils.py:227 Recording episode 24
WARNING 2026-05-29 11:42:47.162 t_record.py:512 Episode 24 has no explicit success/failure label, defaulting to 'success'.
INFO 2026-05-29 11:42:47.162 ls/utils.py:227 Reset the environment
INFO 2026-05-29 11:43:05.581 ls/utils.py:227 Recording episode 25
WARNING 2026-05-29 11:43:14.686 t_record.py:512 Episode 25 has no explicit success/failure label, defaulting to 'success'.
INFO 2026-05-29 11:43:14.686 ls/utils.py:227 Reset the environment
INFO 2026-05-29 11:43:22.236 ls/utils.py:227 Recording episode 26
WARNING 2026-05-29 11:43:28.951 t_record.py:512 Episode 26 has no explicit success/failure label, defaulting to 'success'.
INFO 2026-05-29 11:43:28.951 ls/utils.py:227 Reset the environment
INFO 2026-05-29 11:43:36.764 ls/utils.py:227 Recording episode 27
WARNING 2026-05-29 11:43:43.245 t_record.py:512 Episode 27 has no explicit success/failure label, defaulting to 'success'.
INFO 2026-05-29 11:43:43.245 ls/utils.py:227 Reset the environment
INFO 2026-05-29 11:43:50.707 ls/utils.py:227 Recording episode 28
WARNING 2026-05-29 11:43:56.922 t_record.py:512 Episode 28 has no explicit success/failure label, defaulting to 'success'.
INFO 2026-05-29 11:43:56.922 ls/utils.py:227 Reset the environment
INFO 2026-05-29 11:44:05.044 ls/utils.py:227 Recording episode 29
WARNING 2026-05-29 11:44:05.613 t_record.py:512 Episode 29 has no explicit success/failure label, defaulting to 'success'.
INFO 2026-05-29 11:44:05.613 ls/utils.py:227 Reset the environment
INFO 2026-05-29 11:44:09.641 ls/utils.py:227 Re-record episode
INFO 2026-05-29 11:44:09.642 ls/utils.py:227 Recording episode 29
WARNING 2026-05-29 11:44:17.675 t_record.py:512 Episode 29 has no explicit success/failure label, defaulting to 'success'.
INFO 2026-05-29 11:44:17.675 ls/utils.py:227 Reset the environment
INFO 2026-05-29 11:44:33.833 ls/utils.py:227 Recording episode 30
WARNING 2026-05-29 11:44:40.643 t_record.py:512 Episode 30 has no explicit success/failure label, defaulting to 'success'.
INFO 2026-05-29 11:44:40.643 ls/utils.py:227 Reset the environment
INFO 2026-05-29 11:44:47.903 ls/utils.py:227 Recording episode 31
WARNING 2026-05-29 11:44:55.237 t_record.py:512 Episode 31 has no explicit success/failure label, defaulting to 'success'.
INFO 2026-05-29 11:44:55.237 ls/utils.py:227 Reset the environment
INFO 2026-05-29 11:45:00.620 ls/utils.py:227 Recording episode 32
WARNING 2026-05-29 11:45:07.355 t_record.py:512 Episode 32 has no explicit success/failure label, defaulting to 'success'.
INFO 2026-05-29 11:45:07.355 ls/utils.py:227 Reset the environment
INFO 2026-05-29 11:45:13.090 ls/utils.py:227 Recording episode 33
WARNING 2026-05-29 11:45:20.277 t_record.py:512 Episode 33 has no explicit success/failure label, defaulting to 'success'.
INFO 2026-05-29 11:45:20.277 ls/utils.py:227 Reset the environment
INFO 2026-05-29 11:45:33.139 ls/utils.py:227 Recording episode 34
WARNING 2026-05-29 11:45:41.169 t_record.py:512 Episode 34 has no explicit success/failure label, defaulting to 'success'.
INFO 2026-05-29 11:45:41.169 ls/utils.py:227 Reset the environment
INFO 2026-05-29 11:45:54.504 ls/utils.py:227 Recording episode 35
WARNING 2026-05-29 11:46:02.125 t_record.py:512 Episode 35 has no explicit success/failure label, defaulting to 'success'.
INFO 2026-05-29 11:46:02.125 ls/utils.py:227 Reset the environment
INFO 2026-05-29 11:46:09.310 ls/utils.py:227 Recording episode 36
WARNING 2026-05-29 11:46:16.252 t_record.py:512 Episode 36 has no explicit success/failure label, defaulting to 'success'.
INFO 2026-05-29 11:46:16.252 ls/utils.py:227 Reset the environment
INFO 2026-05-29 11:46:25.410 ls/utils.py:227 Recording episode 37
WARNING 2026-05-29 11:46:32.337 t_record.py:512 Episode 37 has no explicit success/failure label, defaulting to 'success'.
INFO 2026-05-29 11:46:32.337 ls/utils.py:227 Reset the environment
INFO 2026-05-29 11:46:43.068 ls/utils.py:227 Recording episode 38
WARNING 2026-05-29 11:46:49.810 t_record.py:512 Episode 38 has no explicit success/failure label, defaulting to 'success'.
INFO 2026-05-29 11:46:49.811 ls/utils.py:227 Reset the environment
INFO 2026-05-29 11:46:56.050 ls/utils.py:227 Recording episode 39
WARNING 2026-05-29 11:47:02.934 t_record.py:512 Episode 39 has no explicit success/failure label, defaulting to 'success'.
INFO 2026-05-29 11:47:02.934 ls/utils.py:227 Reset the environment
INFO 2026-05-29 11:47:12.411 ls/utils.py:227 Recording episode 40
WARNING 2026-05-29 11:47:19.793 t_record.py:512 Episode 40 has no explicit success/failure label, defaulting to 'success'.
INFO 2026-05-29 11:47:19.793 ls/utils.py:227 Reset the environment
INFO 2026-05-29 11:47:26.406 ls/utils.py:227 Recording episode 41
WARNING 2026-05-29 11:47:34.994 t_record.py:512 Episode 41 has no explicit success/failure label, defaulting to 'success'.
INFO 2026-05-29 11:47:34.994 ls/utils.py:227 Reset the environment
INFO 2026-05-29 11:47:41.799 ls/utils.py:227 Recording episode 42
WARNING 2026-05-29 11:47:49.119 t_record.py:512 Episode 42 has no explicit success/failure label, defaulting to 'success'.
INFO 2026-05-29 11:47:49.119 ls/utils.py:227 Reset the environment
INFO 2026-05-29 11:48:00.635 ls/utils.py:227 Recording episode 43
WARNING 2026-05-29 11:48:07.264 t_record.py:512 Episode 43 has no explicit success/failure label, defaulting to 'success'.
INFO 2026-05-29 11:48:07.264 ls/utils.py:227 Reset the environment
INFO 2026-05-29 11:48:16.361 ls/utils.py:227 Recording episode 44
WARNING 2026-05-29 11:48:23.599 t_record.py:512 Episode 44 has no explicit success/failure label, defaulting to 'success'.
INFO 2026-05-29 11:48:23.599 ls/utils.py:227 Reset the environment
INFO 2026-05-29 11:48:34.357 ls/utils.py:227 Recording episode 45
WARNING 2026-05-29 11:48:42.075 t_record.py:512 Episode 45 has no explicit success/failure label, defaulting to 'success'.
INFO 2026-05-29 11:48:42.075 ls/utils.py:227 Reset the environment
INFO 2026-05-29 11:48:50.971 ls/utils.py:227 Recording episode 46
WARNING 2026-05-29 11:48:59.370 t_record.py:512 Episode 46 has no explicit success/failure label, defaulting to 'success'.
INFO 2026-05-29 11:48:59.370 ls/utils.py:227 Reset the environment
INFO 2026-05-29 11:49:09.275 ls/utils.py:227 Recording episode 47
WARNING 2026-05-29 11:49:15.770 t_record.py:512 Episode 47 has no explicit success/failure label, defaulting to 'success'.
INFO 2026-05-29 11:49:15.770 ls/utils.py:227 Reset the environment
INFO 2026-05-29 11:49:22.951 ls/utils.py:227 Recording episode 48
WARNING 2026-05-29 11:49:30.010 t_record.py:512 Episode 48 has no explicit success/failure label, defaulting to 'success'.
INFO 2026-05-29 11:49:30.011 ls/utils.py:227 Reset the environment
INFO 2026-05-29 11:49:40.363 ls/utils.py:227 Recording episode 49
WARNING 2026-05-29 11:49:46.916 t_record.py:512 Episode 49 has no explicit success/failure label, defaulting to 'success'.
INFO 2026-05-29 11:49:50.145 ls/utils.py:227 Stop recording
INFO 2026-05-29 11:49:51.394 t_record.py:570 To inspect the recorded dataset, run:
  lerobot-dataset-report --dataset local_data
INFO 2026-05-29 11:49:51.401 a_opencv.py:592 OpenCVCamera(10) disconnected.
INFO 2026-05-29 11:49:51.447 a_opencv.py:592 OpenCVCamera(4) disconnected.
INFO 2026-05-29 11:49:51.448 follower.py:339 my_piper_follower PiperFollower disconnected.
INFO 2026-05-29 11:49:51.452 r_leader.py:468 my_piper_leader PiperLeader disconnected.
INFO 2026-05-29 11:49:51.452 ls/utils.py:227 Exiting
INFO 2026-05-29 14:15:48.866 t_record.py:325 Human-in-loop recording is enabled. Press 'i' to toggle takeover. Press 's' to mark success and end, 'f' to mark failure and end. Recorded `action` is the executed action. Policy output (when policy is enabled) is stored in `complementary_info.policy_action`. Collector source is stored in `complementary_info.collector_policy_id`. ACP inference: enable=False use_cfg=False cfg_beta=1.000.
INFO 2026-05-29 14:15:48.867 t_record.py:343 {'acp_inference': {'cfg_beta': 1.0, 'enable': False, 'use_cfg': False},
 'collector_policy_id_human': 'human',
 'collector_policy_id_policy': 'human',
 'communication_retry_interval_s': 0.1,
 'communication_retry_timeout_s': 2.0,
 'dataset': {'episode_time_s': 120,
             'fps': 30,
             'num_episodes': 50,
             'num_image_writer_processes': 0,
             'num_image_writer_threads_per_camera': 4,
             'private': False,
             'push_to_hub': False,
             'rename_map': {},
             'repo_id': 'local_data',
             'reset_time_s': 1,
             'root': '/home/ghr/VLA/package_data/single/evo-rl/mutipackage_subtask2_3',
             'single_task': 'Flip the package if the barcode is not facing up.',
             'tags': None,
             'vcodec': 'libsvtav1',
             'video': True,
             'video_encoding_batch_size': 1},
 'default_episode_success': 'failure',
 'display_compressed_images': False,
 'display_data': True,
 'display_ip': None,
 'display_port': None,
 'enable_collector_policy_id': True,
 'enable_episode_outcome_labeling': True,
 'episode_failure_key': 'f',
 'episode_success_key': 's',
 'intervention_state_machine_enabled': False,
 'intervention_toggle_key': 'i',
 'play_sounds': True,
 'policy': None,
 'policy_sync_parallel': True,
 'policy_sync_to_teleop': False,
 'require_episode_success_label': False,
 'resume': False,
 'robot': {'calibration_dir': None,
           'calibration_scale': 1000,
           'cameras': {'top': {'backend': <Cv2Backends.ANY: 0>,
                               'color_mode': <ColorMode.RGB: 'rgb'>,
                               'fourcc': None,
                               'fps': 30,
                               'height': 480,
                               'index_or_path': 4,
                               'rotation': <Cv2Rotation.NO_ROTATION: 0>,
                               'warmup_s': 1,
                               'width': 640},
                       'wrist': {'backend': <Cv2Backends.ANY: 0>,
                                 'color_mode': <ColorMode.RGB: 'rgb'>,
                                 'fourcc': None,
                                 'fps': 30,
                                 'height': 480,
                                 'index_or_path': 10,
                                 'rotation': <Cv2Rotation.NO_ROTATION: 0>,
                                 'warmup_s': 1,
                                 'width': 640}},
           'can_auto_init': True,
           'disable_on_disconnect': False,
           'enable_on_connect': True,
           'enable_timeout_s': 3.0,
           'gripper_effort_default': 1000,
           'gripper_status_code': 1,
           'high_follow': True,
           'id': 'my_piper_follower',
           'judge_flag': False,
           'log_level': 'WARNING',
           'mode_refresh_interval_s': 1.0,
           'port': 'can1',
           'require_calibration': True,
           'speed_ratio': 50,
           'startup_sleep_s': 0.1,
           'sync_gripper': True},
 'teleop': {'calibration_dir': None,
            'calibration_scale': 1000,
            'can_auto_init': True,
            'command_high_follow': True,
            'command_speed_ratio': 50,
            'disable_on_disconnect': False,
            'enable_timeout_s': 3.0,
            'fallback_to_feedback': True,
            'gravity_comp_base_rpy_deg': (0.0, 0.0, 0.0),
            'gravity_comp_control_hz': 200.0,
            'gravity_comp_mit_kd': 0.0,
            'gravity_comp_mit_kp': 0.0,
            'gravity_comp_torque_limit': 8.0,
            'gravity_comp_tx_ratio': (0.2, 0.2, 0.2, 0.2, 0.2, 0.2),
            'gripper_effort_default': 1000,
            'gripper_status_code': 1,
            'id': 'my_piper_leader',
            'judge_flag': False,
            'log_level': 'WARNING',
            'manual_control': True,
            'mode_refresh_interval_s': 1.0,
            'port': 'can0',
            'prefer_ctrl_messages': True,
            'require_calibration': True,
            'startup_sleep_s': 0.1,
            'sync_gripper': True}}
INFO 2026-05-29 14:15:49.041 t_record.py:371 dataset_features: {'action': {'dtype': 'float32', 'names': ['joint_1.pos', 'joint_2.pos', 'joint_3.pos', 'joint_4.pos', 'joint_5.pos', 'joint_6.pos', 'gripper.pos'], 'shape': (7,)}, 'observation.state': {'dtype': 'float32', 'names': ['joint_1.pos', 'joint_2.pos', 'joint_3.pos', 'joint_4.pos', 'joint_5.pos', 'joint_6.pos', 'gripper.pos'], 'shape': (7,)}, 'observation.images.wrist': {'dtype': 'video', 'shape': (480, 640, 3), 'names': ['height', 'width', 'channels']}, 'observation.images.top': {'dtype': 'video', 'shape': (480, 640, 3), 'names': ['height', 'width', 'channels']}}
INFO 2026-05-29 14:15:49.041 t_record.py:382 dataset_features: {'action': {'dtype': 'float32', 'names': ['joint_1.pos', 'joint_2.pos', 'joint_3.pos', 'joint_4.pos', 'joint_5.pos', 'joint_6.pos', 'gripper.pos'], 'shape': (7,)}, 'observation.state': {'dtype': 'float32', 'names': ['joint_1.pos', 'joint_2.pos', 'joint_3.pos', 'joint_4.pos', 'joint_5.pos', 'joint_6.pos', 'gripper.pos'], 'shape': (7,)}, 'observation.images.wrist': {'dtype': 'video', 'shape': (480, 640, 3), 'names': ['height', 'width', 'channels']}, 'observation.images.top': {'dtype': 'video', 'shape': (480, 640, 3), 'names': ['height', 'width', 'channels']}, 'complementary_info.policy_action': {'dtype': 'float32', 'shape': (7,), 'names': ['joint_1.pos', 'joint_2.pos', 'joint_3.pos', 'joint_4.pos', 'joint_5.pos', 'joint_6.pos', 'gripper.pos']}, 'complementary_info.is_intervention': {'dtype': 'float32', 'shape': (1,), 'names': ['is_intervention']}, 'complementary_info.state': {'dtype': 'float32', 'shape': (1,), 'names': ['state']}, 'complementary_info.collector_policy_id': {'dtype': 'string', 'shape': (1,), 'names': ['collector_policy_id']}}
INFO 2026-05-29 14:15:50.382 a_opencv.py:179 OpenCVCamera(10) connected.
INFO 2026-05-29 14:15:51.612 a_opencv.py:179 OpenCVCamera(4) connected.
INFO 2026-05-29 14:15:51.613 follower.py:139 my_piper_follower PiperFollower connected.
INFO 2026-05-29 14:15:52.668 r_leader.py:130 my_piper_leader PiperLeader connected.
INFO 2026-05-29 14:15:52.668 t_record.py:446 robot and teleop all conected
INFO 2026-05-29 14:15:52.669 ls/utils.py:227 Recording episode 0
WARNING 2026-05-29 14:16:03.333 t_record.py:512 Episode 0 has no explicit success/failure label, defaulting to 'success'.
INFO 2026-05-29 14:16:03.333 ls/utils.py:227 Reset the environment
INFO 2026-05-29 14:20:14.402 ls/utils.py:227 Re-record episode
INFO 2026-05-29 14:20:14.402 ls/utils.py:227 Recording episode 0
WARNING 2026-05-29 14:20:22.331 t_record.py:512 Episode 0 has no explicit success/failure label, defaulting to 'success'.
INFO 2026-05-29 14:20:22.331 ls/utils.py:227 Reset the environment
INFO 2026-05-29 14:20:29.558 ls/utils.py:227 Stop recording
INFO 2026-05-29 14:20:30.847 a_opencv.py:592 OpenCVCamera(10) disconnected.
INFO 2026-05-29 14:20:30.866 a_opencv.py:592 OpenCVCamera(4) disconnected.
INFO 2026-05-29 14:20:30.866 follower.py:339 my_piper_follower PiperFollower disconnected.
INFO 2026-05-29 14:20:30.868 r_leader.py:468 my_piper_leader PiperLeader disconnected.
INFO 2026-05-29 14:20:30.868 ls/utils.py:227 Exiting
INFO 2026-05-29 14:20:59.624 t_record.py:325 Human-in-loop recording is enabled. Press 'i' to toggle takeover. Press 's' to mark success and end, 'f' to mark failure and end. Recorded `action` is the executed action. Policy output (when policy is enabled) is stored in `complementary_info.policy_action`. Collector source is stored in `complementary_info.collector_policy_id`. ACP inference: enable=False use_cfg=False cfg_beta=1.000.
INFO 2026-05-29 14:20:59.625 t_record.py:343 {'acp_inference': {'cfg_beta': 1.0, 'enable': False, 'use_cfg': False},
 'collector_policy_id_human': 'human',
 'collector_policy_id_policy': 'human',
 'communication_retry_interval_s': 0.1,
 'communication_retry_timeout_s': 2.0,
 'dataset': {'episode_time_s': 120,
             'fps': 30,
             'num_episodes': 50,
             'num_image_writer_processes': 0,
             'num_image_writer_threads_per_camera': 4,
             'private': False,
             'push_to_hub': False,
             'rename_map': {},
             'repo_id': 'local_data',
             'reset_time_s': 1,
             'root': '/home/ghr/VLA/package_data/single/evo-rl/mutipackage_subtask2_3',
             'single_task': 'Flip the package if the barcode is not facing up.',
             'tags': None,
             'vcodec': 'libsvtav1',
             'video': True,
             'video_encoding_batch_size': 1},
 'default_episode_success': 'failure',
 'display_compressed_images': False,
 'display_data': True,
 'display_ip': None,
 'display_port': None,
 'enable_collector_policy_id': True,
 'enable_episode_outcome_labeling': True,
 'episode_failure_key': 'f',
 'episode_success_key': 's',
 'intervention_state_machine_enabled': False,
 'intervention_toggle_key': 'i',
 'play_sounds': True,
 'policy': None,
 'policy_sync_parallel': True,
 'policy_sync_to_teleop': False,
 'require_episode_success_label': False,
 'resume': False,
 'robot': {'calibration_dir': None,
           'calibration_scale': 1000,
           'cameras': {'top': {'backend': <Cv2Backends.ANY: 0>,
                               'color_mode': <ColorMode.RGB: 'rgb'>,
                               'fourcc': None,
                               'fps': 30,
                               'height': 480,
                               'index_or_path': 4,
                               'rotation': <Cv2Rotation.NO_ROTATION: 0>,
                               'warmup_s': 1,
                               'width': 640},
                       'wrist': {'backend': <Cv2Backends.ANY: 0>,
                                 'color_mode': <ColorMode.RGB: 'rgb'>,
                                 'fourcc': None,
                                 'fps': 30,
                                 'height': 480,
                                 'index_or_path': 10,
                                 'rotation': <Cv2Rotation.NO_ROTATION: 0>,
                                 'warmup_s': 1,
                                 'width': 640}},
           'can_auto_init': True,
           'disable_on_disconnect': False,
           'enable_on_connect': True,
           'enable_timeout_s': 3.0,
           'gripper_effort_default': 1000,
           'gripper_status_code': 1,
           'high_follow': True,
           'id': 'my_piper_follower',
           'judge_flag': False,
           'log_level': 'WARNING',
           'mode_refresh_interval_s': 1.0,
           'port': 'can1',
           'require_calibration': True,
           'speed_ratio': 50,
           'startup_sleep_s': 0.1,
           'sync_gripper': True},
 'teleop': {'calibration_dir': None,
            'calibration_scale': 1000,
            'can_auto_init': True,
            'command_high_follow': True,
            'command_speed_ratio': 50,
            'disable_on_disconnect': False,
            'enable_timeout_s': 3.0,
            'fallback_to_feedback': True,
            'gravity_comp_base_rpy_deg': (0.0, 0.0, 0.0),
            'gravity_comp_control_hz': 200.0,
            'gravity_comp_mit_kd': 0.0,
            'gravity_comp_mit_kp': 0.0,
            'gravity_comp_torque_limit': 8.0,
            'gravity_comp_tx_ratio': (0.2, 0.2, 0.2, 0.2, 0.2, 0.2),
            'gripper_effort_default': 1000,
            'gripper_status_code': 1,
            'id': 'my_piper_leader',
            'judge_flag': False,
            'log_level': 'WARNING',
            'manual_control': True,
            'mode_refresh_interval_s': 1.0,
            'port': 'can0',
            'prefer_ctrl_messages': True,
            'require_calibration': True,
            'startup_sleep_s': 0.1,
            'sync_gripper': True}}
INFO 2026-05-29 14:20:59.636 t_record.py:371 dataset_features: {'action': {'dtype': 'float32', 'names': ['joint_1.pos', 'joint_2.pos', 'joint_3.pos', 'joint_4.pos', 'joint_5.pos', 'joint_6.pos', 'gripper.pos'], 'shape': (7,)}, 'observation.state': {'dtype': 'float32', 'names': ['joint_1.pos', 'joint_2.pos', 'joint_3.pos', 'joint_4.pos', 'joint_5.pos', 'joint_6.pos', 'gripper.pos'], 'shape': (7,)}, 'observation.images.wrist': {'dtype': 'video', 'shape': (480, 640, 3), 'names': ['height', 'width', 'channels']}, 'observation.images.top': {'dtype': 'video', 'shape': (480, 640, 3), 'names': ['height', 'width', 'channels']}}
INFO 2026-05-29 14:20:59.636 t_record.py:382 dataset_features: {'action': {'dtype': 'float32', 'names': ['joint_1.pos', 'joint_2.pos', 'joint_3.pos', 'joint_4.pos', 'joint_5.pos', 'joint_6.pos', 'gripper.pos'], 'shape': (7,)}, 'observation.state': {'dtype': 'float32', 'names': ['joint_1.pos', 'joint_2.pos', 'joint_3.pos', 'joint_4.pos', 'joint_5.pos', 'joint_6.pos', 'gripper.pos'], 'shape': (7,)}, 'observation.images.wrist': {'dtype': 'video', 'shape': (480, 640, 3), 'names': ['height', 'width', 'channels']}, 'observation.images.top': {'dtype': 'video', 'shape': (480, 640, 3), 'names': ['height', 'width', 'channels']}, 'complementary_info.policy_action': {'dtype': 'float32', 'shape': (7,), 'names': ['joint_1.pos', 'joint_2.pos', 'joint_3.pos', 'joint_4.pos', 'joint_5.pos', 'joint_6.pos', 'gripper.pos']}, 'complementary_info.is_intervention': {'dtype': 'float32', 'shape': (1,), 'names': ['is_intervention']}, 'complementary_info.state': {'dtype': 'float32', 'shape': (1,), 'names': ['state']}, 'complementary_info.collector_policy_id': {'dtype': 'string', 'shape': (1,), 'names': ['collector_policy_id']}}
INFO 2026-05-29 14:21:00.977 a_opencv.py:179 OpenCVCamera(10) connected.
INFO 2026-05-29 14:21:02.190 a_opencv.py:179 OpenCVCamera(4) connected.
INFO 2026-05-29 14:21:02.190 follower.py:139 my_piper_follower PiperFollower connected.
INFO 2026-05-29 14:21:03.021 r_leader.py:130 my_piper_leader PiperLeader connected.
INFO 2026-05-29 14:21:03.022 t_record.py:446 robot and teleop all conected
INFO 2026-05-29 14:21:03.040 ls/utils.py:227 Recording episode 0
WARNING 2026-05-29 14:21:11.863 t_record.py:512 Episode 0 has no explicit success/failure label, defaulting to 'success'.
INFO 2026-05-29 14:21:11.864 ls/utils.py:227 Reset the environment
INFO 2026-05-29 14:21:17.844 ls/utils.py:227 Recording episode 1
WARNING 2026-05-29 14:21:27.533 t_record.py:512 Episode 1 has no explicit success/failure label, defaulting to 'success'.
INFO 2026-05-29 14:21:27.534 ls/utils.py:227 Reset the environment
INFO 2026-05-29 14:21:34.935 ls/utils.py:227 Recording episode 2
WARNING 2026-05-29 14:21:43.857 t_record.py:512 Episode 2 has no explicit success/failure label, defaulting to 'success'.
INFO 2026-05-29 14:21:43.857 ls/utils.py:227 Reset the environment
INFO 2026-05-29 14:21:51.241 ls/utils.py:227 Recording episode 3
WARNING 2026-05-29 14:21:59.800 t_record.py:512 Episode 3 has no explicit success/failure label, defaulting to 'success'.
INFO 2026-05-29 14:21:59.800 ls/utils.py:227 Reset the environment
INFO 2026-05-29 14:22:07.661 ls/utils.py:227 Recording episode 4
WARNING 2026-05-29 14:22:16.782 t_record.py:512 Episode 4 has no explicit success/failure label, defaulting to 'success'.
INFO 2026-05-29 14:22:16.783 ls/utils.py:227 Reset the environment
INFO 2026-05-29 14:22:28.854 ls/utils.py:227 Recording episode 5
WARNING 2026-05-29 14:22:37.616 t_record.py:512 Episode 5 has no explicit success/failure label, defaulting to 'success'.
INFO 2026-05-29 14:22:37.616 ls/utils.py:227 Reset the environment
INFO 2026-05-29 14:22:47.376 ls/utils.py:227 Recording episode 6
WARNING 2026-05-29 14:22:54.793 t_record.py:512 Episode 6 has no explicit success/failure label, defaulting to 'success'.
INFO 2026-05-29 14:22:54.794 ls/utils.py:227 Reset the environment
INFO 2026-05-29 14:23:00.945 ls/utils.py:227 Recording episode 7
WARNING 2026-05-29 14:23:08.497 t_record.py:512 Episode 7 has no explicit success/failure label, defaulting to 'success'.
INFO 2026-05-29 14:23:08.497 ls/utils.py:227 Reset the environment
INFO 2026-05-29 14:23:24.684 ls/utils.py:227 Recording episode 8
WARNING 2026-05-29 14:23:32.504 t_record.py:512 Episode 8 has no explicit success/failure label, defaulting to 'success'.
INFO 2026-05-29 14:23:32.504 ls/utils.py:227 Reset the environment
INFO 2026-05-29 14:23:42.417 ls/utils.py:227 Recording episode 9
WARNING 2026-05-29 14:23:50.843 t_record.py:512 Episode 9 has no explicit success/failure label, defaulting to 'success'.
INFO 2026-05-29 14:23:50.843 ls/utils.py:227 Reset the environment
INFO 2026-05-29 14:23:59.791 ls/utils.py:227 Recording episode 10
WARNING 2026-05-29 14:24:08.913 t_record.py:512 Episode 10 has no explicit success/failure label, defaulting to 'success'.
INFO 2026-05-29 14:24:08.913 ls/utils.py:227 Reset the environment
INFO 2026-05-29 14:24:30.063 ls/utils.py:227 Recording episode 11
WARNING 2026-05-29 14:24:39.650 t_record.py:512 Episode 11 has no explicit success/failure label, defaulting to 'success'.
INFO 2026-05-29 14:24:39.650 ls/utils.py:227 Reset the environment
INFO 2026-05-29 14:24:49.380 ls/utils.py:227 Recording episode 12
WARNING 2026-05-29 14:24:58.067 t_record.py:512 Episode 12 has no explicit success/failure label, defaulting to 'success'.
INFO 2026-05-29 14:24:58.068 ls/utils.py:227 Reset the environment
INFO 2026-05-29 14:25:08.199 ls/utils.py:227 Recording episode 13
WARNING 2026-05-29 14:25:16.953 t_record.py:512 Episode 13 has no explicit success/failure label, defaulting to 'success'.
INFO 2026-05-29 14:25:16.953 ls/utils.py:227 Reset the environment
INFO 2026-05-29 14:25:25.510 ls/utils.py:227 Recording episode 14
WARNING 2026-05-29 14:25:33.595 t_record.py:512 Episode 14 has no explicit success/failure label, defaulting to 'success'.
INFO 2026-05-29 14:25:33.595 ls/utils.py:227 Reset the environment
INFO 2026-05-29 14:25:44.142 ls/utils.py:227 Recording episode 15
WARNING 2026-05-29 14:25:46.682 t_record.py:512 Episode 15 has no explicit success/failure label, defaulting to 'success'.
INFO 2026-05-29 14:25:46.682 ls/utils.py:227 Reset the environment
INFO 2026-05-29 14:25:47.150 ls/utils.py:227 Re-record episode
INFO 2026-05-29 14:25:47.151 ls/utils.py:227 Recording episode 15
WARNING 2026-05-29 14:25:56.771 t_record.py:512 Episode 15 has no explicit success/failure label, defaulting to 'success'.
INFO 2026-05-29 14:25:56.772 ls/utils.py:227 Reset the environment
INFO 2026-05-29 14:26:05.674 ls/utils.py:227 Recording episode 16
WARNING 2026-05-29 14:26:14.828 t_record.py:512 Episode 16 has no explicit success/failure label, defaulting to 'success'.
INFO 2026-05-29 14:26:14.828 ls/utils.py:227 Reset the environment
INFO 2026-05-29 14:26:27.076 ls/utils.py:227 Recording episode 17
WARNING 2026-05-29 14:26:36.108 t_record.py:512 Episode 17 has no explicit success/failure label, defaulting to 'success'.
INFO 2026-05-29 14:26:36.108 ls/utils.py:227 Reset the environment
INFO 2026-05-29 14:26:55.600 ls/utils.py:227 Recording episode 18
WARNING 2026-05-29 14:27:04.888 t_record.py:512 Episode 18 has no explicit success/failure label, defaulting to 'success'.
INFO 2026-05-29 14:27:04.888 ls/utils.py:227 Reset the environment
INFO 2026-05-29 14:27:20.137 ls/utils.py:227 Recording episode 19
WARNING 2026-05-29 14:27:28.859 t_record.py:512 Episode 19 has no explicit success/failure label, defaulting to 'success'.
INFO 2026-05-29 14:27:28.859 ls/utils.py:227 Reset the environment
INFO 2026-05-29 14:27:37.479 ls/utils.py:227 Recording episode 20
WARNING 2026-05-29 14:27:46.535 t_record.py:512 Episode 20 has no explicit success/failure label, defaulting to 'success'.
INFO 2026-05-29 14:27:46.535 ls/utils.py:227 Reset the environment
INFO 2026-05-29 14:27:55.361 ls/utils.py:227 Recording episode 21
WARNING 2026-05-29 14:28:03.381 t_record.py:512 Episode 21 has no explicit success/failure label, defaulting to 'success'.
INFO 2026-05-29 14:28:03.381 ls/utils.py:227 Reset the environment
INFO 2026-05-29 14:28:18.879 ls/utils.py:227 Recording episode 22
WARNING 2026-05-29 14:28:27.098 t_record.py:512 Episode 22 has no explicit success/failure label, defaulting to 'success'.
INFO 2026-05-29 14:28:27.099 ls/utils.py:227 Reset the environment
INFO 2026-05-29 14:28:35.374 ls/utils.py:227 Recording episode 23
WARNING 2026-05-29 14:28:43.827 t_record.py:512 Episode 23 has no explicit success/failure label, defaulting to 'success'.
INFO 2026-05-29 14:28:43.827 ls/utils.py:227 Reset the environment
INFO 2026-05-29 14:28:54.909 ls/utils.py:227 Recording episode 24
WARNING 2026-05-29 14:29:03.162 t_record.py:512 Episode 24 has no explicit success/failure label, defaulting to 'success'.
INFO 2026-05-29 14:29:03.162 ls/utils.py:227 Reset the environment
INFO 2026-05-29 14:29:11.305 ls/utils.py:227 Recording episode 25
WARNING 2026-05-29 14:29:19.792 t_record.py:512 Episode 25 has no explicit success/failure label, defaulting to 'success'.
INFO 2026-05-29 14:29:19.792 ls/utils.py:227 Reset the environment
INFO 2026-05-29 14:29:28.549 ls/utils.py:227 Recording episode 26
WARNING 2026-05-29 14:29:36.912 t_record.py:512 Episode 26 has no explicit success/failure label, defaulting to 'success'.
INFO 2026-05-29 14:29:36.912 ls/utils.py:227 Reset the environment
INFO 2026-05-29 14:29:44.411 ls/utils.py:227 Recording episode 27
WARNING 2026-05-29 14:29:52.668 t_record.py:512 Episode 27 has no explicit success/failure label, defaulting to 'success'.
INFO 2026-05-29 14:29:52.670 ls/utils.py:227 Reset the environment
INFO 2026-05-29 14:30:02.567 ls/utils.py:227 Recording episode 28
WARNING 2026-05-29 14:30:12.407 t_record.py:512 Episode 28 has no explicit success/failure label, defaulting to 'success'.
INFO 2026-05-29 14:30:12.407 ls/utils.py:227 Reset the environment
INFO 2026-05-29 14:30:27.636 ls/utils.py:227 Recording episode 29
WARNING 2026-05-29 14:30:37.160 t_record.py:512 Episode 29 has no explicit success/failure label, defaulting to 'success'.
INFO 2026-05-29 14:30:37.160 ls/utils.py:227 Reset the environment
INFO 2026-05-29 14:30:46.493 ls/utils.py:227 Recording episode 30
WARNING 2026-05-29 14:30:55.853 t_record.py:512 Episode 30 has no explicit success/failure label, defaulting to 'success'.
INFO 2026-05-29 14:30:55.853 ls/utils.py:227 Reset the environment
INFO 2026-05-29 14:31:05.062 ls/utils.py:227 Recording episode 31
WARNING 2026-05-29 14:31:14.485 t_record.py:512 Episode 31 has no explicit success/failure label, defaulting to 'success'.
INFO 2026-05-29 14:31:14.485 ls/utils.py:227 Reset the environment
INFO 2026-05-29 14:31:25.948 ls/utils.py:227 Recording episode 32
WARNING 2026-05-29 14:31:35.375 t_record.py:512 Episode 32 has no explicit success/failure label, defaulting to 'success'.
INFO 2026-05-29 14:31:35.376 ls/utils.py:227 Reset the environment
INFO 2026-05-29 14:31:45.410 ls/utils.py:227 Recording episode 33
WARNING 2026-05-29 14:31:45.879 t_record.py:512 Episode 33 has no explicit success/failure label, defaulting to 'success'.
INFO 2026-05-29 14:31:45.880 ls/utils.py:227 Reset the environment
INFO 2026-05-29 14:31:47.083 ls/utils.py:227 Re-record episode
INFO 2026-05-29 14:31:47.084 ls/utils.py:227 Recording episode 33
WARNING 2026-05-29 14:31:56.944 t_record.py:512 Episode 33 has no explicit success/failure label, defaulting to 'success'.
INFO 2026-05-29 14:31:56.944 ls/utils.py:227 Reset the environment
INFO 2026-05-29 14:32:07.697 ls/utils.py:227 Recording episode 34
WARNING 2026-05-29 14:32:19.027 t_record.py:512 Episode 34 has no explicit success/failure label, defaulting to 'success'.
INFO 2026-05-29 14:32:19.027 ls/utils.py:227 Reset the environment
INFO 2026-05-29 14:32:28.689 ls/utils.py:227 Recording episode 35
WARNING 2026-05-29 14:32:37.512 t_record.py:512 Episode 35 has no explicit success/failure label, defaulting to 'success'.
INFO 2026-05-29 14:32:37.512 ls/utils.py:227 Reset the environment
INFO 2026-05-29 14:32:47.834 ls/utils.py:227 Recording episode 36
WARNING 2026-05-29 14:32:57.759 t_record.py:512 Episode 36 has no explicit success/failure label, defaulting to 'success'.
INFO 2026-05-29 14:32:57.759 ls/utils.py:227 Reset the environment
INFO 2026-05-29 14:33:06.967 ls/utils.py:227 Recording episode 37
WARNING 2026-05-29 14:33:15.962 t_record.py:512 Episode 37 has no explicit success/failure label, defaulting to 'success'.
INFO 2026-05-29 14:33:15.962 ls/utils.py:227 Reset the environment
INFO 2026-05-29 14:33:20.466 ls/utils.py:227 Recording episode 38
WARNING 2026-05-29 14:33:29.362 t_record.py:512 Episode 38 has no explicit success/failure label, defaulting to 'success'.
INFO 2026-05-29 14:33:29.362 ls/utils.py:227 Reset the environment
INFO 2026-05-29 14:33:43.588 ls/utils.py:227 Recording episode 39
WARNING 2026-05-29 14:33:51.818 t_record.py:512 Episode 39 has no explicit success/failure label, defaulting to 'success'.
INFO 2026-05-29 14:33:51.818 ls/utils.py:227 Reset the environment
INFO 2026-05-29 14:34:00.571 ls/utils.py:227 Recording episode 40
WARNING 2026-05-29 14:34:08.758 t_record.py:512 Episode 40 has no explicit success/failure label, defaulting to 'success'.
INFO 2026-05-29 14:34:08.758 ls/utils.py:227 Reset the environment
INFO 2026-05-29 14:34:17.782 ls/utils.py:227 Recording episode 41
WARNING 2026-05-29 14:34:26.171 t_record.py:512 Episode 41 has no explicit success/failure label, defaulting to 'success'.
INFO 2026-05-29 14:34:26.171 ls/utils.py:227 Reset the environment
INFO 2026-05-29 14:34:35.530 ls/utils.py:227 Recording episode 42
WARNING 2026-05-29 14:34:43.950 t_record.py:512 Episode 42 has no explicit success/failure label, defaulting to 'success'.
INFO 2026-05-29 14:34:43.950 ls/utils.py:227 Reset the environment
INFO 2026-05-29 14:35:01.391 ls/utils.py:227 Recording episode 43
WARNING 2026-05-29 14:35:01.927 t_record.py:512 Episode 43 has no explicit success/failure label, defaulting to 'success'.
INFO 2026-05-29 14:35:01.928 ls/utils.py:227 Reset the environment
INFO 2026-05-29 14:35:07.944 ls/utils.py:227 Re-record episode
INFO 2026-05-29 14:35:07.944 ls/utils.py:227 Recording episode 43
WARNING 2026-05-29 14:35:17.349 t_record.py:512 Episode 43 has no explicit success/failure label, defaulting to 'success'.
INFO 2026-05-29 14:35:17.349 ls/utils.py:227 Reset the environment
INFO 2026-05-29 14:35:26.356 ls/utils.py:227 Recording episode 44
WARNING 2026-05-29 14:35:34.042 t_record.py:512 Episode 44 has no explicit success/failure label, defaulting to 'success'.
INFO 2026-05-29 14:35:34.042 ls/utils.py:227 Reset the environment
INFO 2026-05-29 14:35:41.476 ls/utils.py:227 Recording episode 45
WARNING 2026-05-29 14:35:49.762 t_record.py:512 Episode 45 has no explicit success/failure label, defaulting to 'success'.
INFO 2026-05-29 14:35:49.762 ls/utils.py:227 Reset the environment
INFO 2026-05-29 14:35:55.389 ls/utils.py:227 Recording episode 46
WARNING 2026-05-29 14:36:02.339 t_record.py:512 Episode 46 has no explicit success/failure label, defaulting to 'success'.
INFO 2026-05-29 14:36:02.339 ls/utils.py:227 Reset the environment
INFO 2026-05-29 14:36:05.986 ls/utils.py:227 Re-record episode
INFO 2026-05-29 14:36:05.987 ls/utils.py:227 Recording episode 46
WARNING 2026-05-29 14:36:15.010 t_record.py:512 Episode 46 has no explicit success/failure label, defaulting to 'success'.
INFO 2026-05-29 14:36:15.010 ls/utils.py:227 Reset the environment
INFO 2026-05-29 14:36:25.287 ls/utils.py:227 Recording episode 47
WARNING 2026-05-29 14:36:27.593 t_record.py:512 Episode 47 has no explicit success/failure label, defaulting to 'success'.
INFO 2026-05-29 14:36:27.593 ls/utils.py:227 Reset the environment
INFO 2026-05-29 14:36:28.697 ls/utils.py:227 Re-record episode
INFO 2026-05-29 14:36:28.697 ls/utils.py:227 Recording episode 47
WARNING 2026-05-29 14:36:37.919 t_record.py:512 Episode 47 has no explicit success/failure label, defaulting to 'success'.
INFO 2026-05-29 14:36:37.919 ls/utils.py:227 Reset the environment
INFO 2026-05-29 14:36:49.248 ls/utils.py:227 Recording episode 48
WARNING 2026-05-29 14:36:58.406 t_record.py:512 Episode 48 has no explicit success/failure label, defaulting to 'success'.
INFO 2026-05-29 14:36:58.406 ls/utils.py:227 Reset the environment
INFO 2026-05-29 14:37:06.987 ls/utils.py:227 Recording episode 49
WARNING 2026-05-29 14:37:14.940 t_record.py:512 Episode 49 has no explicit success/failure label, defaulting to 'success'.
INFO 2026-05-29 14:37:18.934 ls/utils.py:227 Stop recording
INFO 2026-05-29 14:37:20.187 t_record.py:570 To inspect the recorded dataset, run:
  lerobot-dataset-report --dataset local_data
INFO 2026-05-29 14:37:20.222 a_opencv.py:592 OpenCVCamera(10) disconnected.
INFO 2026-05-29 14:37:20.239 a_opencv.py:592 OpenCVCamera(4) disconnected.
INFO 2026-05-29 14:37:20.239 follower.py:339 my_piper_follower PiperFollower disconnected.
INFO 2026-05-29 14:37:20.242 r_leader.py:468 my_piper_leader PiperLeader disconnected.
INFO 2026-05-29 14:37:20.242 ls/utils.py:227 Exiting
INFO 2026-05-29 14:40:20.116 t_record.py:325 Human-in-loop recording is enabled. Press 'i' to toggle takeover. Press 's' to mark success and end, 'f' to mark failure and end. Recorded `action` is the executed action. Policy output (when policy is enabled) is stored in `complementary_info.policy_action`. Collector source is stored in `complementary_info.collector_policy_id`. ACP inference: enable=False use_cfg=False cfg_beta=1.000.
INFO 2026-05-29 14:40:20.117 t_record.py:343 {'acp_inference': {'cfg_beta': 1.0, 'enable': False, 'use_cfg': False},
 'collector_policy_id_human': 'human',
 'collector_policy_id_policy': 'human',
 'communication_retry_interval_s': 0.1,
 'communication_retry_timeout_s': 2.0,
 'dataset': {'episode_time_s': 120,
             'fps': 30,
             'num_episodes': 50,
             'num_image_writer_processes': 0,
             'num_image_writer_threads_per_camera': 4,
             'private': False,
             'push_to_hub': False,
             'rename_map': {},
             'repo_id': 'local_data',
             'reset_time_s': 1,
             'root': '/home/ghr/VLA/package_data/single/evo-rl/mutipackage_subtask3_2',
             'single_task': 'Grab the package and place it into the box.',
             'tags': None,
             'vcodec': 'libsvtav1',
             'video': True,
             'video_encoding_batch_size': 1},
 'default_episode_success': 'failure',
 'display_compressed_images': False,
 'display_data': True,
 'display_ip': None,
 'display_port': None,
 'enable_collector_policy_id': True,
 'enable_episode_outcome_labeling': True,
 'episode_failure_key': 'f',
 'episode_success_key': 's',
 'intervention_state_machine_enabled': False,
 'intervention_toggle_key': 'i',
 'play_sounds': True,
 'policy': None,
 'policy_sync_parallel': True,
 'policy_sync_to_teleop': False,
 'require_episode_success_label': False,
 'resume': False,
 'robot': {'calibration_dir': None,
           'calibration_scale': 1000,
           'cameras': {'top': {'backend': <Cv2Backends.ANY: 0>,
                               'color_mode': <ColorMode.RGB: 'rgb'>,
                               'fourcc': None,
                               'fps': 30,
                               'height': 480,
                               'index_or_path': 4,
                               'rotation': <Cv2Rotation.NO_ROTATION: 0>,
                               'warmup_s': 1,
                               'width': 640},
                       'wrist': {'backend': <Cv2Backends.ANY: 0>,
                                 'color_mode': <ColorMode.RGB: 'rgb'>,
                                 'fourcc': None,
                                 'fps': 30,
                                 'height': 480,
                                 'index_or_path': 10,
                                 'rotation': <Cv2Rotation.NO_ROTATION: 0>,
                                 'warmup_s': 1,
                                 'width': 640}},
           'can_auto_init': True,
           'disable_on_disconnect': False,
           'enable_on_connect': True,
           'enable_timeout_s': 3.0,
           'gripper_effort_default': 1000,
           'gripper_status_code': 1,
           'high_follow': True,
           'id': 'my_piper_follower',
           'judge_flag': False,
           'log_level': 'WARNING',
           'mode_refresh_interval_s': 1.0,
           'port': 'can1',
           'require_calibration': True,
           'speed_ratio': 50,
           'startup_sleep_s': 0.1,
           'sync_gripper': True},
 'teleop': {'calibration_dir': None,
            'calibration_scale': 1000,
            'can_auto_init': True,
            'command_high_follow': True,
            'command_speed_ratio': 50,
            'disable_on_disconnect': False,
            'enable_timeout_s': 3.0,
            'fallback_to_feedback': True,
            'gravity_comp_base_rpy_deg': (0.0, 0.0, 0.0),
            'gravity_comp_control_hz': 200.0,
            'gravity_comp_mit_kd': 0.0,
            'gravity_comp_mit_kp': 0.0,
            'gravity_comp_torque_limit': 8.0,
            'gravity_comp_tx_ratio': (0.2, 0.2, 0.2, 0.2, 0.2, 0.2),
            'gripper_effort_default': 1000,
            'gripper_status_code': 1,
            'id': 'my_piper_leader',
            'judge_flag': False,
            'log_level': 'WARNING',
            'manual_control': True,
            'mode_refresh_interval_s': 1.0,
            'port': 'can0',
            'prefer_ctrl_messages': True,
            'require_calibration': True,
            'startup_sleep_s': 0.1,
            'sync_gripper': True}}
INFO 2026-05-29 14:40:20.128 t_record.py:371 dataset_features: {'action': {'dtype': 'float32', 'names': ['joint_1.pos', 'joint_2.pos', 'joint_3.pos', 'joint_4.pos', 'joint_5.pos', 'joint_6.pos', 'gripper.pos'], 'shape': (7,)}, 'observation.state': {'dtype': 'float32', 'names': ['joint_1.pos', 'joint_2.pos', 'joint_3.pos', 'joint_4.pos', 'joint_5.pos', 'joint_6.pos', 'gripper.pos'], 'shape': (7,)}, 'observation.images.wrist': {'dtype': 'video', 'shape': (480, 640, 3), 'names': ['height', 'width', 'channels']}, 'observation.images.top': {'dtype': 'video', 'shape': (480, 640, 3), 'names': ['height', 'width', 'channels']}}
INFO 2026-05-29 14:40:20.128 t_record.py:382 dataset_features: {'action': {'dtype': 'float32', 'names': ['joint_1.pos', 'joint_2.pos', 'joint_3.pos', 'joint_4.pos', 'joint_5.pos', 'joint_6.pos', 'gripper.pos'], 'shape': (7,)}, 'observation.state': {'dtype': 'float32', 'names': ['joint_1.pos', 'joint_2.pos', 'joint_3.pos', 'joint_4.pos', 'joint_5.pos', 'joint_6.pos', 'gripper.pos'], 'shape': (7,)}, 'observation.images.wrist': {'dtype': 'video', 'shape': (480, 640, 3), 'names': ['height', 'width', 'channels']}, 'observation.images.top': {'dtype': 'video', 'shape': (480, 640, 3), 'names': ['height', 'width', 'channels']}, 'complementary_info.policy_action': {'dtype': 'float32', 'shape': (7,), 'names': ['joint_1.pos', 'joint_2.pos', 'joint_3.pos', 'joint_4.pos', 'joint_5.pos', 'joint_6.pos', 'gripper.pos']}, 'complementary_info.is_intervention': {'dtype': 'float32', 'shape': (1,), 'names': ['is_intervention']}, 'complementary_info.state': {'dtype': 'float32', 'shape': (1,), 'names': ['state']}, 'complementary_info.collector_policy_id': {'dtype': 'string', 'shape': (1,), 'names': ['collector_policy_id']}}
INFO 2026-05-29 14:40:21.470 a_opencv.py:179 OpenCVCamera(10) connected.
INFO 2026-05-29 14:40:22.683 a_opencv.py:179 OpenCVCamera(4) connected.
INFO 2026-05-29 14:40:22.684 follower.py:139 my_piper_follower PiperFollower connected.
INFO 2026-05-29 14:40:23.505 r_leader.py:130 my_piper_leader PiperLeader connected.
INFO 2026-05-29 14:40:23.505 t_record.py:446 robot and teleop all conected
INFO 2026-05-29 14:40:23.507 ls/utils.py:227 Recording episode 0
WARNING 2026-05-29 14:40:24.644 t_record.py:512 Episode 0 has no explicit success/failure label, defaulting to 'success'.
INFO 2026-05-29 14:40:24.644 ls/utils.py:227 Reset the environment
INFO 2026-05-29 14:40:31.679 ls/utils.py:227 Re-record episode
INFO 2026-05-29 14:40:31.680 ls/utils.py:227 Recording episode 0
WARNING 2026-05-29 14:40:40.582 t_record.py:512 Episode 0 has no explicit success/failure label, defaulting to 'success'.
INFO 2026-05-29 14:40:40.582 ls/utils.py:227 Reset the environment
INFO 2026-05-29 14:40:47.445 ls/utils.py:227 Recording episode 1
WARNING 2026-05-29 14:40:55.097 t_record.py:512 Episode 1 has no explicit success/failure label, defaulting to 'success'.
INFO 2026-05-29 14:40:55.097 ls/utils.py:227 Reset the environment
INFO 2026-05-29 14:40:59.045 ls/utils.py:227 Recording episode 2
WARNING 2026-05-29 14:41:07.031 t_record.py:512 Episode 2 has no explicit success/failure label, defaulting to 'success'.
INFO 2026-05-29 14:41:07.031 ls/utils.py:227 Reset the environment
INFO 2026-05-29 14:41:11.025 ls/utils.py:227 Recording episode 3
WARNING 2026-05-29 14:41:18.754 t_record.py:512 Episode 3 has no explicit success/failure label, defaulting to 'success'.
INFO 2026-05-29 14:41:18.755 ls/utils.py:227 Reset the environment
INFO 2026-05-29 14:41:22.664 ls/utils.py:227 Recording episode 4
WARNING 2026-05-29 14:41:30.516 t_record.py:512 Episode 4 has no explicit success/failure label, defaulting to 'success'.
INFO 2026-05-29 14:41:30.516 ls/utils.py:227 Reset the environment
INFO 2026-05-29 14:41:47.229 ls/utils.py:227 Recording episode 5
WARNING 2026-05-29 14:41:55.317 t_record.py:512 Episode 5 has no explicit success/failure label, defaulting to 'success'.
INFO 2026-05-29 14:41:55.317 ls/utils.py:227 Reset the environment
INFO 2026-05-29 14:41:59.519 ls/utils.py:227 Recording episode 6
WARNING 2026-05-29 14:42:01.225 t_record.py:512 Episode 6 has no explicit success/failure label, defaulting to 'success'.
INFO 2026-05-29 14:42:01.225 ls/utils.py:227 Reset the environment
INFO 2026-05-29 14:42:01.826 ls/utils.py:227 Re-record episode
INFO 2026-05-29 14:42:01.829 ls/utils.py:227 Recording episode 6
WARNING 2026-05-29 14:42:08.279 t_record.py:512 Episode 6 has no explicit success/failure label, defaulting to 'success'.
INFO 2026-05-29 14:42:08.279 ls/utils.py:227 Reset the environment
INFO 2026-05-29 14:42:10.439 ls/utils.py:227 Re-record episode
INFO 2026-05-29 14:42:10.440 ls/utils.py:227 Recording episode 6
WARNING 2026-05-29 14:42:17.950 t_record.py:512 Episode 6 has no explicit success/failure label, defaulting to 'success'.
INFO 2026-05-29 14:42:17.950 ls/utils.py:227 Reset the environment
INFO 2026-05-29 14:42:22.156 ls/utils.py:227 Recording episode 7
WARNING 2026-05-29 14:42:29.474 t_record.py:512 Episode 7 has no explicit success/failure label, defaulting to 'success'.
INFO 2026-05-29 14:42:29.474 ls/utils.py:227 Reset the environment
INFO 2026-05-29 14:42:33.471 ls/utils.py:227 Recording episode 8
WARNING 2026-05-29 14:42:40.693 t_record.py:512 Episode 8 has no explicit success/failure label, defaulting to 'success'.
INFO 2026-05-29 14:42:40.693 ls/utils.py:227 Reset the environment
INFO 2026-05-29 14:42:44.345 ls/utils.py:227 Recording episode 9
WARNING 2026-05-29 14:42:46.050 t_record.py:512 Episode 9 has no explicit success/failure label, defaulting to 'success'.
INFO 2026-05-29 14:42:46.050 ls/utils.py:227 Reset the environment
INFO 2026-05-29 14:42:46.754 ls/utils.py:227 Re-record episode
INFO 2026-05-29 14:42:46.755 ls/utils.py:227 Recording episode 9
WARNING 2026-05-29 14:42:54.540 t_record.py:512 Episode 9 has no explicit success/failure label, defaulting to 'success'.
INFO 2026-05-29 14:42:54.540 ls/utils.py:227 Reset the environment
INFO 2026-05-29 14:42:59.810 ls/utils.py:227 Recording episode 10
WARNING 2026-05-29 14:43:07.297 t_record.py:512 Episode 10 has no explicit success/failure label, defaulting to 'success'.
INFO 2026-05-29 14:43:07.297 ls/utils.py:227 Reset the environment
INFO 2026-05-29 14:43:20.577 ls/utils.py:227 Recording episode 11
WARNING 2026-05-29 14:43:28.065 t_record.py:512 Episode 11 has no explicit success/failure label, defaulting to 'success'.
INFO 2026-05-29 14:43:28.065 ls/utils.py:227 Reset the environment
INFO 2026-05-29 14:43:34.776 ls/utils.py:227 Recording episode 12
WARNING 2026-05-29 14:43:41.325 t_record.py:512 Episode 12 has no explicit success/failure label, defaulting to 'success'.
INFO 2026-05-29 14:43:41.325 ls/utils.py:227 Reset the environment
INFO 2026-05-29 14:43:45.394 ls/utils.py:227 Recording episode 13
WARNING 2026-05-29 14:43:52.851 t_record.py:512 Episode 13 has no explicit success/failure label, defaulting to 'success'.
INFO 2026-05-29 14:43:52.851 ls/utils.py:227 Reset the environment
INFO 2026-05-29 14:43:56.762 ls/utils.py:227 Recording episode 14
WARNING 2026-05-29 14:44:04.046 t_record.py:512 Episode 14 has no explicit success/failure label, defaulting to 'success'.
INFO 2026-05-29 14:44:04.046 ls/utils.py:227 Reset the environment
INFO 2026-05-29 14:44:08.124 ls/utils.py:227 Recording episode 15
WARNING 2026-05-29 14:44:15.988 t_record.py:512 Episode 15 has no explicit success/failure label, defaulting to 'success'.
INFO 2026-05-29 14:44:15.988 ls/utils.py:227 Reset the environment
INFO 2026-05-29 14:44:19.951 ls/utils.py:227 Recording episode 16
WARNING 2026-05-29 14:44:22.290 t_record.py:512 Episode 16 has no explicit success/failure label, defaulting to 'success'.
INFO 2026-05-29 14:44:22.290 ls/utils.py:227 Reset the environment
INFO 2026-05-29 14:44:26.967 ls/utils.py:227 Re-record episode
INFO 2026-05-29 14:44:26.968 ls/utils.py:227 Recording episode 16
WARNING 2026-05-29 14:44:34.754 t_record.py:512 Episode 16 has no explicit success/failure label, defaulting to 'success'.
INFO 2026-05-29 14:44:34.754 ls/utils.py:227 Reset the environment
INFO 2026-05-29 14:44:42.497 ls/utils.py:227 Recording episode 17
WARNING 2026-05-29 14:44:49.046 t_record.py:512 Episode 17 has no explicit success/failure label, defaulting to 'success'.
INFO 2026-05-29 14:44:49.047 ls/utils.py:227 Reset the environment
INFO 2026-05-29 14:45:01.162 ls/utils.py:227 Recording episode 18
WARNING 2026-05-29 14:45:08.312 t_record.py:512 Episode 18 has no explicit success/failure label, defaulting to 'success'.
INFO 2026-05-29 14:45:08.312 ls/utils.py:227 Reset the environment
INFO 2026-05-29 14:45:14.458 ls/utils.py:227 Recording episode 19
WARNING 2026-05-29 14:45:21.442 t_record.py:512 Episode 19 has no explicit success/failure label, defaulting to 'success'.
INFO 2026-05-29 14:45:21.442 ls/utils.py:227 Reset the environment
INFO 2026-05-29 14:45:31.975 ls/utils.py:227 Recording episode 20
WARNING 2026-05-29 14:45:39.059 t_record.py:512 Episode 20 has no explicit success/failure label, defaulting to 'success'.
INFO 2026-05-29 14:45:39.059 ls/utils.py:227 Reset the environment
INFO 2026-05-29 14:45:46.714 ls/utils.py:227 Recording episode 21
WARNING 2026-05-29 14:45:54.573 t_record.py:512 Episode 21 has no explicit success/failure label, defaulting to 'success'.
INFO 2026-05-29 14:45:54.573 ls/utils.py:227 Reset the environment
INFO 2026-05-29 14:46:02.894 ls/utils.py:227 Recording episode 22
WARNING 2026-05-29 14:46:10.111 t_record.py:512 Episode 22 has no explicit success/failure label, defaulting to 'success'.
INFO 2026-05-29 14:46:10.111 ls/utils.py:227 Reset the environment
INFO 2026-05-29 14:46:18.240 ls/utils.py:227 Recording episode 23
WARNING 2026-05-29 14:46:25.657 t_record.py:512 Episode 23 has no explicit success/failure label, defaulting to 'success'.
INFO 2026-05-29 14:46:25.657 ls/utils.py:227 Reset the environment
INFO 2026-05-29 14:46:33.796 ls/utils.py:227 Recording episode 24
WARNING 2026-05-29 14:46:41.146 t_record.py:512 Episode 24 has no explicit success/failure label, defaulting to 'success'.
INFO 2026-05-29 14:46:41.147 ls/utils.py:227 Reset the environment
INFO 2026-05-29 14:46:50.180 ls/utils.py:227 Recording episode 25
WARNING 2026-05-29 14:46:57.734 t_record.py:512 Episode 25 has no explicit success/failure label, defaulting to 'success'.
INFO 2026-05-29 14:46:57.734 ls/utils.py:227 Reset the environment
INFO 2026-05-29 14:47:09.404 ls/utils.py:227 Recording episode 26
WARNING 2026-05-29 14:47:16.753 t_record.py:512 Episode 26 has no explicit success/failure label, defaulting to 'success'.
INFO 2026-05-29 14:47:16.753 ls/utils.py:227 Reset the environment
INFO 2026-05-29 14:47:23.515 ls/utils.py:227 Recording episode 27
WARNING 2026-05-29 14:47:30.398 t_record.py:512 Episode 27 has no explicit success/failure label, defaulting to 'success'.
INFO 2026-05-29 14:47:30.398 ls/utils.py:227 Reset the environment
INFO 2026-05-29 14:47:36.964 ls/utils.py:227 Recording episode 28
WARNING 2026-05-29 14:47:43.684 t_record.py:512 Episode 28 has no explicit success/failure label, defaulting to 'success'.
INFO 2026-05-29 14:47:43.685 ls/utils.py:227 Reset the environment
INFO 2026-05-29 14:47:53.326 ls/utils.py:227 Recording episode 29
WARNING 2026-05-29 14:48:01.224 t_record.py:512 Episode 29 has no explicit success/failure label, defaulting to 'success'.
INFO 2026-05-29 14:48:01.224 ls/utils.py:227 Reset the environment
INFO 2026-05-29 14:48:14.047 ls/utils.py:227 Recording episode 30
WARNING 2026-05-29 14:48:15.050 t_record.py:512 Episode 30 has no explicit success/failure label, defaulting to 'success'.
INFO 2026-05-29 14:48:15.050 ls/utils.py:227 Reset the environment
INFO 2026-05-29 14:48:20.198 ls/utils.py:227 Re-record episode
INFO 2026-05-29 14:48:20.199 ls/utils.py:227 Recording episode 30
WARNING 2026-05-29 14:48:28.101 t_record.py:512 Episode 30 has no explicit success/failure label, defaulting to 'success'.
INFO 2026-05-29 14:48:28.101 ls/utils.py:227 Reset the environment
INFO 2026-05-29 14:48:38.534 ls/utils.py:227 Recording episode 31
WARNING 2026-05-29 14:48:41.408 t_record.py:512 Episode 31 has no explicit success/failure label, defaulting to 'success'.
INFO 2026-05-29 14:48:41.408 ls/utils.py:227 Reset the environment
INFO 2026-05-29 14:48:42.011 ls/utils.py:227 Re-record episode
INFO 2026-05-29 14:48:42.011 ls/utils.py:227 Recording episode 31
WARNING 2026-05-29 14:48:49.504 t_record.py:512 Episode 31 has no explicit success/failure label, defaulting to 'success'.
INFO 2026-05-29 14:48:49.504 ls/utils.py:227 Reset the environment
INFO 2026-05-29 14:48:55.784 ls/utils.py:227 Recording episode 32
WARNING 2026-05-29 14:49:03.989 t_record.py:512 Episode 32 has no explicit success/failure label, defaulting to 'success'.
INFO 2026-05-29 14:49:03.989 ls/utils.py:227 Reset the environment
INFO 2026-05-29 14:49:13.064 ls/utils.py:227 Recording episode 33
WARNING 2026-05-29 14:49:15.671 t_record.py:512 Episode 33 has no explicit success/failure label, defaulting to 'success'.
INFO 2026-05-29 14:49:15.671 ls/utils.py:227 Reset the environment
INFO 2026-05-29 14:49:16.072 ls/utils.py:227 Re-record episode
INFO 2026-05-29 14:49:16.074 ls/utils.py:227 Recording episode 33
WARNING 2026-05-29 14:49:23.674 t_record.py:512 Episode 33 has no explicit success/failure label, defaulting to 'success'.
INFO 2026-05-29 14:49:23.674 ls/utils.py:227 Reset the environment
INFO 2026-05-29 14:49:34.099 ls/utils.py:227 Recording episode 34
WARNING 2026-05-29 14:49:41.149 t_record.py:512 Episode 34 has no explicit success/failure label, defaulting to 'success'.
INFO 2026-05-29 14:49:41.149 ls/utils.py:227 Reset the environment
INFO 2026-05-29 14:49:49.699 ls/utils.py:227 Recording episode 35
WARNING 2026-05-29 14:49:56.514 t_record.py:512 Episode 35 has no explicit success/failure label, defaulting to 'success'.
INFO 2026-05-29 14:49:56.514 ls/utils.py:227 Reset the environment
INFO 2026-05-29 14:50:09.758 ls/utils.py:227 Recording episode 36
WARNING 2026-05-29 14:50:17.007 t_record.py:512 Episode 36 has no explicit success/failure label, defaulting to 'success'.
INFO 2026-05-29 14:50:17.007 ls/utils.py:227 Reset the environment
INFO 2026-05-29 14:50:25.430 ls/utils.py:227 Recording episode 37
WARNING 2026-05-29 14:50:32.752 t_record.py:512 Episode 37 has no explicit success/failure label, defaulting to 'success'.
INFO 2026-05-29 14:50:32.752 ls/utils.py:227 Reset the environment
INFO 2026-05-29 14:50:42.347 ls/utils.py:227 Recording episode 38
WARNING 2026-05-29 14:50:49.866 t_record.py:512 Episode 38 has no explicit success/failure label, defaulting to 'success'.
INFO 2026-05-29 14:50:49.866 ls/utils.py:227 Reset the environment
INFO 2026-05-29 14:51:02.446 ls/utils.py:227 Recording episode 39
WARNING 2026-05-29 14:51:09.664 t_record.py:512 Episode 39 has no explicit success/failure label, defaulting to 'success'.
INFO 2026-05-29 14:51:09.664 ls/utils.py:227 Reset the environment
INFO 2026-05-29 14:51:17.509 ls/utils.py:227 Recording episode 40
WARNING 2026-05-29 14:51:24.261 t_record.py:512 Episode 40 has no explicit success/failure label, defaulting to 'success'.
INFO 2026-05-29 14:51:24.261 ls/utils.py:227 Reset the environment
INFO 2026-05-29 14:51:32.019 ls/utils.py:227 Recording episode 41
WARNING 2026-05-29 14:51:39.148 t_record.py:512 Episode 41 has no explicit success/failure label, defaulting to 'success'.
INFO 2026-05-29 14:51:39.148 ls/utils.py:227 Reset the environment
INFO 2026-05-29 14:51:48.207 ls/utils.py:227 Recording episode 42
WARNING 2026-05-29 14:51:55.357 t_record.py:512 Episode 42 has no explicit success/failure label, defaulting to 'success'.
INFO 2026-05-29 14:51:55.357 ls/utils.py:227 Reset the environment
INFO 2026-05-29 14:52:06.443 ls/utils.py:227 Recording episode 43
WARNING 2026-05-29 14:52:12.958 t_record.py:512 Episode 43 has no explicit success/failure label, defaulting to 'success'.
INFO 2026-05-29 14:52:12.958 ls/utils.py:227 Reset the environment
INFO 2026-05-29 14:52:20.364 ls/utils.py:227 Recording episode 44
WARNING 2026-05-29 14:52:28.230 t_record.py:512 Episode 44 has no explicit success/failure label, defaulting to 'success'.
INFO 2026-05-29 14:52:28.231 ls/utils.py:227 Reset the environment
INFO 2026-05-29 14:52:35.371 ls/utils.py:227 Recording episode 45
WARNING 2026-05-29 14:52:40.418 t_record.py:512 Episode 45 has no explicit success/failure label, defaulting to 'success'.
INFO 2026-05-29 14:52:40.418 ls/utils.py:227 Reset the environment
INFO 2026-05-29 14:52:48.777 ls/utils.py:227 Re-record episode
INFO 2026-05-29 14:52:48.779 ls/utils.py:227 Recording episode 45
WARNING 2026-05-29 14:52:56.784 t_record.py:512 Episode 45 has no explicit success/failure label, defaulting to 'success'.
INFO 2026-05-29 14:52:56.784 ls/utils.py:227 Reset the environment
INFO 2026-05-29 14:53:09.496 ls/utils.py:227 Recording episode 46
WARNING 2026-05-29 14:53:16.581 t_record.py:512 Episode 46 has no explicit success/failure label, defaulting to 'success'.
INFO 2026-05-29 14:53:16.581 ls/utils.py:227 Reset the environment
INFO 2026-05-29 14:53:22.088 ls/utils.py:227 Recording episode 47
WARNING 2026-05-29 14:53:28.673 t_record.py:512 Episode 47 has no explicit success/failure label, defaulting to 'success'.
INFO 2026-05-29 14:53:28.673 ls/utils.py:227 Reset the environment
INFO 2026-05-29 14:53:36.566 ls/utils.py:227 Recording episode 48
WARNING 2026-05-29 14:53:43.619 t_record.py:512 Episode 48 has no explicit success/failure label, defaulting to 'success'.
INFO 2026-05-29 14:53:43.619 ls/utils.py:227 Reset the environment
INFO 2026-05-29 14:53:51.294 ls/utils.py:227 Recording episode 49
WARNING 2026-05-29 14:53:57.880 t_record.py:512 Episode 49 has no explicit success/failure label, defaulting to 'success'.
INFO 2026-05-29 14:54:01.526 ls/utils.py:227 Stop recording
INFO 2026-05-29 14:54:02.773 t_record.py:570 To inspect the recorded dataset, run:
  lerobot-dataset-report --dataset local_data
INFO 2026-05-29 14:54:02.775 a_opencv.py:592 OpenCVCamera(10) disconnected.
INFO 2026-05-29 14:54:02.794 a_opencv.py:592 OpenCVCamera(4) disconnected.
INFO 2026-05-29 14:54:02.794 follower.py:339 my_piper_follower PiperFollower disconnected.
INFO 2026-05-29 14:54:02.796 r_leader.py:468 my_piper_leader PiperLeader disconnected.
INFO 2026-05-29 14:54:02.796 ls/utils.py:227 Exiting
INFO 2026-05-29 15:11:01.305 t_record.py:325 Human-in-loop recording is enabled. Press 'i' to toggle takeover. Press 's' to mark success and end, 'f' to mark failure and end. Recorded `action` is the executed action. Policy output (when policy is enabled) is stored in `complementary_info.policy_action`. Collector source is stored in `complementary_info.collector_policy_id`. ACP inference: enable=False use_cfg=False cfg_beta=1.000.
INFO 2026-05-29 15:11:01.305 t_record.py:343 {'acp_inference': {'cfg_beta': 1.0, 'enable': False, 'use_cfg': False},
 'collector_policy_id_human': 'human',
 'collector_policy_id_policy': 'human',
 'communication_retry_interval_s': 0.1,
 'communication_retry_timeout_s': 2.0,
 'dataset': {'episode_time_s': 120,
             'fps': 30,
             'num_episodes': 50,
             'num_image_writer_processes': 0,
             'num_image_writer_threads_per_camera': 4,
             'private': False,
             'push_to_hub': False,
             'rename_map': {},
             'repo_id': 'local_data',
             'reset_time_s': 1,
             'root': '/home/ghr/VLA/package_data/single/evo-rl/mutipackage_subtask3_3',
             'single_task': 'Grab the package and place it into the box.',
             'tags': None,
             'vcodec': 'libsvtav1',
             'video': True,
             'video_encoding_batch_size': 1},
 'default_episode_success': 'failure',
 'display_compressed_images': False,
 'display_data': True,
 'display_ip': None,
 'display_port': None,
 'enable_collector_policy_id': True,
 'enable_episode_outcome_labeling': True,
 'episode_failure_key': 'f',
 'episode_success_key': 's',
 'intervention_state_machine_enabled': False,
 'intervention_toggle_key': 'i',
 'play_sounds': True,
 'policy': None,
 'policy_sync_parallel': True,
 'policy_sync_to_teleop': False,
 'require_episode_success_label': False,
 'resume': False,
 'robot': {'calibration_dir': None,
           'calibration_scale': 1000,
           'cameras': {'top': {'backend': <Cv2Backends.ANY: 0>,
                               'color_mode': <ColorMode.RGB: 'rgb'>,
                               'fourcc': None,
                               'fps': 30,
                               'height': 480,
                               'index_or_path': 4,
                               'rotation': <Cv2Rotation.NO_ROTATION: 0>,
                               'warmup_s': 1,
                               'width': 640},
                       'wrist': {'backend': <Cv2Backends.ANY: 0>,
                                 'color_mode': <ColorMode.RGB: 'rgb'>,
                                 'fourcc': None,
                                 'fps': 30,
                                 'height': 480,
                                 'index_or_path': 10,
                                 'rotation': <Cv2Rotation.NO_ROTATION: 0>,
                                 'warmup_s': 1,
                                 'width': 640}},
           'can_auto_init': True,
           'disable_on_disconnect': False,
           'enable_on_connect': True,
           'enable_timeout_s': 3.0,
           'gripper_effort_default': 1000,
           'gripper_status_code': 1,
           'high_follow': True,
           'id': 'my_piper_follower',
           'judge_flag': False,
           'log_level': 'WARNING',
           'mode_refresh_interval_s': 1.0,
           'port': 'can1',
           'require_calibration': True,
           'speed_ratio': 50,
           'startup_sleep_s': 0.1,
           'sync_gripper': True},
 'teleop': {'calibration_dir': None,
            'calibration_scale': 1000,
            'can_auto_init': True,
            'command_high_follow': True,
            'command_speed_ratio': 50,
            'disable_on_disconnect': False,
            'enable_timeout_s': 3.0,
            'fallback_to_feedback': True,
            'gravity_comp_base_rpy_deg': (0.0, 0.0, 0.0),
            'gravity_comp_control_hz': 200.0,
            'gravity_comp_mit_kd': 0.0,
            'gravity_comp_mit_kp': 0.0,
            'gravity_comp_torque_limit': 8.0,
            'gravity_comp_tx_ratio': (0.2, 0.2, 0.2, 0.2, 0.2, 0.2),
            'gripper_effort_default': 1000,
            'gripper_status_code': 1,
            'id': 'my_piper_leader',
            'judge_flag': False,
            'log_level': 'WARNING',
            'manual_control': True,
            'mode_refresh_interval_s': 1.0,
            'port': 'can0',
            'prefer_ctrl_messages': True,
            'require_calibration': True,
            'startup_sleep_s': 0.1,
            'sync_gripper': True}}
INFO 2026-05-29 15:11:01.316 t_record.py:371 dataset_features: {'action': {'dtype': 'float32', 'names': ['joint_1.pos', 'joint_2.pos', 'joint_3.pos', 'joint_4.pos', 'joint_5.pos', 'joint_6.pos', 'gripper.pos'], 'shape': (7,)}, 'observation.state': {'dtype': 'float32', 'names': ['joint_1.pos', 'joint_2.pos', 'joint_3.pos', 'joint_4.pos', 'joint_5.pos', 'joint_6.pos', 'gripper.pos'], 'shape': (7,)}, 'observation.images.wrist': {'dtype': 'video', 'shape': (480, 640, 3), 'names': ['height', 'width', 'channels']}, 'observation.images.top': {'dtype': 'video', 'shape': (480, 640, 3), 'names': ['height', 'width', 'channels']}}
INFO 2026-05-29 15:11:01.316 t_record.py:382 dataset_features: {'action': {'dtype': 'float32', 'names': ['joint_1.pos', 'joint_2.pos', 'joint_3.pos', 'joint_4.pos', 'joint_5.pos', 'joint_6.pos', 'gripper.pos'], 'shape': (7,)}, 'observation.state': {'dtype': 'float32', 'names': ['joint_1.pos', 'joint_2.pos', 'joint_3.pos', 'joint_4.pos', 'joint_5.pos', 'joint_6.pos', 'gripper.pos'], 'shape': (7,)}, 'observation.images.wrist': {'dtype': 'video', 'shape': (480, 640, 3), 'names': ['height', 'width', 'channels']}, 'observation.images.top': {'dtype': 'video', 'shape': (480, 640, 3), 'names': ['height', 'width', 'channels']}, 'complementary_info.policy_action': {'dtype': 'float32', 'shape': (7,), 'names': ['joint_1.pos', 'joint_2.pos', 'joint_3.pos', 'joint_4.pos', 'joint_5.pos', 'joint_6.pos', 'gripper.pos']}, 'complementary_info.is_intervention': {'dtype': 'float32', 'shape': (1,), 'names': ['is_intervention']}, 'complementary_info.state': {'dtype': 'float32', 'shape': (1,), 'names': ['state']}, 'complementary_info.collector_policy_id': {'dtype': 'string', 'shape': (1,), 'names': ['collector_policy_id']}}
INFO 2026-05-29 15:11:02.873 a_opencv.py:179 OpenCVCamera(10) connected.
INFO 2026-05-29 15:11:04.086 a_opencv.py:179 OpenCVCamera(4) connected.
INFO 2026-05-29 15:11:04.086 follower.py:139 my_piper_follower PiperFollower connected.
INFO 2026-05-29 15:11:05.111 r_leader.py:130 my_piper_leader PiperLeader connected.
INFO 2026-05-29 15:11:05.111 t_record.py:446 robot and teleop all conected
INFO 2026-05-29 15:11:05.112 ls/utils.py:227 Recording episode 0
WARNING 2026-05-29 15:11:07.819 t_record.py:512 Episode 0 has no explicit success/failure label, defaulting to 'success'.
INFO 2026-05-29 15:11:07.819 ls/utils.py:227 Reset the environment
INFO 2026-05-29 15:11:09.458 ls/utils.py:227 Re-record episode
INFO 2026-05-29 15:11:09.460 ls/utils.py:227 Recording episode 0
WARNING 2026-05-29 15:11:11.398 t_record.py:512 Episode 0 has no explicit success/failure label, defaulting to 'success'.
INFO 2026-05-29 15:11:11.398 ls/utils.py:227 Reset the environment
INFO 2026-05-29 15:11:15.843 ls/utils.py:227 Re-record episode
INFO 2026-05-29 15:11:15.846 ls/utils.py:227 Recording episode 0
WARNING 2026-05-29 15:11:35.457 t_record.py:512 Episode 0 has no explicit success/failure label, defaulting to 'success'.
INFO 2026-05-29 15:11:35.457 ls/utils.py:227 Reset the environment
INFO 2026-05-29 15:11:37.965 ls/utils.py:227 Re-record episode
INFO 2026-05-29 15:11:37.966 ls/utils.py:227 Recording episode 0
WARNING 2026-05-29 15:11:45.555 t_record.py:512 Episode 0 has no explicit success/failure label, defaulting to 'success'.
INFO 2026-05-29 15:11:45.555 ls/utils.py:227 Reset the environment
INFO 2026-05-29 15:11:54.520 ls/utils.py:227 Recording episode 1
WARNING 2026-05-29 15:12:03.701 t_record.py:512 Episode 1 has no explicit success/failure label, defaulting to 'success'.
INFO 2026-05-29 15:12:03.701 ls/utils.py:227 Reset the environment
INFO 2026-05-29 15:12:17.627 ls/utils.py:227 Re-record episode
INFO 2026-05-29 15:12:17.628 ls/utils.py:227 Recording episode 1
WARNING 2026-05-29 15:12:26.150 t_record.py:512 Episode 1 has no explicit success/failure label, defaulting to 'success'.
INFO 2026-05-29 15:12:26.150 ls/utils.py:227 Reset the environment
INFO 2026-05-29 15:13:34.172 ls/utils.py:227 Stop recording
INFO 2026-05-29 15:14:21.895 t_record.py:325 Human-in-loop recording is enabled. Press 'i' to toggle takeover. Press 's' to mark success and end, 'f' to mark failure and end. Recorded `action` is the executed action. Policy output (when policy is enabled) is stored in `complementary_info.policy_action`. Collector source is stored in `complementary_info.collector_policy_id`. ACP inference: enable=False use_cfg=False cfg_beta=1.000.
INFO 2026-05-29 15:14:21.896 t_record.py:343 {'acp_inference': {'cfg_beta': 1.0, 'enable': False, 'use_cfg': False},
 'collector_policy_id_human': 'human',
 'collector_policy_id_policy': 'human',
 'communication_retry_interval_s': 0.1,
 'communication_retry_timeout_s': 2.0,
 'dataset': {'episode_time_s': 120,
             'fps': 30,
             'num_episodes': 50,
             'num_image_writer_processes': 0,
             'num_image_writer_threads_per_camera': 4,
             'private': False,
             'push_to_hub': False,
             'rename_map': {},
             'repo_id': 'local_data',
             'reset_time_s': 1,
             'root': '/home/ghr/VLA/package_data/single/evo-rl/mutipackage_subtask3_3',
             'single_task': 'Grab the package and place it into the box.',
             'tags': None,
             'vcodec': 'libsvtav1',
             'video': True,
             'video_encoding_batch_size': 1},
 'default_episode_success': 'failure',
 'display_compressed_images': False,
 'display_data': True,
 'display_ip': None,
 'display_port': None,
 'enable_collector_policy_id': True,
 'enable_episode_outcome_labeling': True,
 'episode_failure_key': 'f',
 'episode_success_key': 's',
 'intervention_state_machine_enabled': False,
 'intervention_toggle_key': 'i',
 'play_sounds': True,
 'policy': None,
 'policy_sync_parallel': True,
 'policy_sync_to_teleop': False,
 'require_episode_success_label': False,
 'resume': False,
 'robot': {'calibration_dir': None,
           'calibration_scale': 1000,
           'cameras': {'top': {'backend': <Cv2Backends.ANY: 0>,
                               'color_mode': <ColorMode.RGB: 'rgb'>,
                               'fourcc': None,
                               'fps': 30,
                               'height': 480,
                               'index_or_path': 4,
                               'rotation': <Cv2Rotation.NO_ROTATION: 0>,
                               'warmup_s': 1,
                               'width': 640},
                       'wrist': {'backend': <Cv2Backends.ANY: 0>,
                                 'color_mode': <ColorMode.RGB: 'rgb'>,
                                 'fourcc': None,
                                 'fps': 30,
                                 'height': 480,
                                 'index_or_path': 10,
                                 'rotation': <Cv2Rotation.NO_ROTATION: 0>,
                                 'warmup_s': 1,
                                 'width': 640}},
           'can_auto_init': True,
           'disable_on_disconnect': False,
           'enable_on_connect': True,
           'enable_timeout_s': 3.0,
           'gripper_effort_default': 1000,
           'gripper_status_code': 1,
           'high_follow': True,
           'id': 'my_piper_follower',
           'judge_flag': False,
           'log_level': 'WARNING',
           'mode_refresh_interval_s': 1.0,
           'port': 'can1',
           'require_calibration': True,
           'speed_ratio': 50,
           'startup_sleep_s': 0.1,
           'sync_gripper': True},
 'teleop': {'calibration_dir': None,
            'calibration_scale': 1000,
            'can_auto_init': True,
            'command_high_follow': True,
            'command_speed_ratio': 50,
            'disable_on_disconnect': False,
            'enable_timeout_s': 3.0,
            'fallback_to_feedback': True,
            'gravity_comp_base_rpy_deg': (0.0, 0.0, 0.0),
            'gravity_comp_control_hz': 200.0,
            'gravity_comp_mit_kd': 0.0,
            'gravity_comp_mit_kp': 0.0,
            'gravity_comp_torque_limit': 8.0,
            'gravity_comp_tx_ratio': (0.2, 0.2, 0.2, 0.2, 0.2, 0.2),
            'gripper_effort_default': 1000,
            'gripper_status_code': 1,
            'id': 'my_piper_leader',
            'judge_flag': False,
            'log_level': 'WARNING',
            'manual_control': True,
            'mode_refresh_interval_s': 1.0,
            'port': 'can0',
            'prefer_ctrl_messages': True,
            'require_calibration': True,
            'startup_sleep_s': 0.1,
            'sync_gripper': True}}
INFO 2026-05-29 15:14:21.906 t_record.py:371 dataset_features: {'action': {'dtype': 'float32', 'names': ['joint_1.pos', 'joint_2.pos', 'joint_3.pos', 'joint_4.pos', 'joint_5.pos', 'joint_6.pos', 'gripper.pos'], 'shape': (7,)}, 'observation.state': {'dtype': 'float32', 'names': ['joint_1.pos', 'joint_2.pos', 'joint_3.pos', 'joint_4.pos', 'joint_5.pos', 'joint_6.pos', 'gripper.pos'], 'shape': (7,)}, 'observation.images.wrist': {'dtype': 'video', 'shape': (480, 640, 3), 'names': ['height', 'width', 'channels']}, 'observation.images.top': {'dtype': 'video', 'shape': (480, 640, 3), 'names': ['height', 'width', 'channels']}}
INFO 2026-05-29 15:14:21.906 t_record.py:382 dataset_features: {'action': {'dtype': 'float32', 'names': ['joint_1.pos', 'joint_2.pos', 'joint_3.pos', 'joint_4.pos', 'joint_5.pos', 'joint_6.pos', 'gripper.pos'], 'shape': (7,)}, 'observation.state': {'dtype': 'float32', 'names': ['joint_1.pos', 'joint_2.pos', 'joint_3.pos', 'joint_4.pos', 'joint_5.pos', 'joint_6.pos', 'gripper.pos'], 'shape': (7,)}, 'observation.images.wrist': {'dtype': 'video', 'shape': (480, 640, 3), 'names': ['height', 'width', 'channels']}, 'observation.images.top': {'dtype': 'video', 'shape': (480, 640, 3), 'names': ['height', 'width', 'channels']}, 'complementary_info.policy_action': {'dtype': 'float32', 'shape': (7,), 'names': ['joint_1.pos', 'joint_2.pos', 'joint_3.pos', 'joint_4.pos', 'joint_5.pos', 'joint_6.pos', 'gripper.pos']}, 'complementary_info.is_intervention': {'dtype': 'float32', 'shape': (1,), 'names': ['is_intervention']}, 'complementary_info.state': {'dtype': 'float32', 'shape': (1,), 'names': ['state']}, 'complementary_info.collector_policy_id': {'dtype': 'string', 'shape': (1,), 'names': ['collector_policy_id']}}
INFO 2026-05-29 15:14:23.448 a_opencv.py:179 OpenCVCamera(10) connected.
INFO 2026-05-29 15:14:24.662 a_opencv.py:179 OpenCVCamera(4) connected.
INFO 2026-05-29 15:14:24.662 follower.py:139 my_piper_follower PiperFollower connected.
INFO 2026-05-29 15:14:25.704 r_leader.py:130 my_piper_leader PiperLeader connected.
INFO 2026-05-29 15:14:25.704 t_record.py:446 robot and teleop all conected
INFO 2026-05-29 15:14:25.705 ls/utils.py:227 Recording episode 0
WARNING 2026-05-29 15:14:29.318 t_record.py:512 Episode 0 has no explicit success/failure label, defaulting to 'success'.
INFO 2026-05-29 15:14:29.318 ls/utils.py:227 Reset the environment
INFO 2026-05-29 15:15:27.519 ls/utils.py:227 Stop recording
INFO 2026-05-29 15:15:28.975 a_opencv.py:592 OpenCVCamera(10) disconnected.
INFO 2026-05-29 15:15:28.988 a_opencv.py:592 OpenCVCamera(4) disconnected.
INFO 2026-05-29 15:15:28.988 follower.py:339 my_piper_follower PiperFollower disconnected.
INFO 2026-05-29 15:15:28.993 r_leader.py:468 my_piper_leader PiperLeader disconnected.
INFO 2026-05-29 15:15:28.993 ls/utils.py:227 Exiting
INFO 2026-05-29 16:09:50.385 t_record.py:325 Human-in-loop recording is enabled. Press 'i' to toggle takeover. Press 's' to mark success and end, 'f' to mark failure and end. Recorded `action` is the executed action. Policy output (when policy is enabled) is stored in `complementary_info.policy_action`. Collector source is stored in `complementary_info.collector_policy_id`. ACP inference: enable=False use_cfg=False cfg_beta=1.000.
INFO 2026-05-29 16:09:50.386 t_record.py:343 {'acp_inference': {'cfg_beta': 1.0, 'enable': False, 'use_cfg': False},
 'collector_policy_id_human': 'human',
 'collector_policy_id_policy': 'human',
 'communication_retry_interval_s': 0.1,
 'communication_retry_timeout_s': 2.0,
 'dataset': {'episode_time_s': 120,
             'fps': 30,
             'num_episodes': 50,
             'num_image_writer_processes': 0,
             'num_image_writer_threads_per_camera': 4,
             'private': False,
             'push_to_hub': False,
             'rename_map': {},
             'repo_id': 'local_data',
             'reset_time_s': 1,
             'root': '/home/ghr/VLA/package_data/single/evo-rl/mutipackage_subtask3_3',
             'single_task': 'Grab the package and place it into the box.',
             'tags': None,
             'vcodec': 'libsvtav1',
             'video': True,
             'video_encoding_batch_size': 1},
 'default_episode_success': 'failure',
 'display_compressed_images': False,
 'display_data': True,
 'display_ip': None,
 'display_port': None,
 'enable_collector_policy_id': True,
 'enable_episode_outcome_labeling': True,
 'episode_failure_key': 'f',
 'episode_success_key': 's',
 'intervention_state_machine_enabled': False,
 'intervention_toggle_key': 'i',
 'play_sounds': True,
 'policy': None,
 'policy_sync_parallel': True,
 'policy_sync_to_teleop': False,
 'require_episode_success_label': False,
 'resume': False,
 'robot': {'calibration_dir': None,
           'calibration_scale': 1000,
           'cameras': {'top': {'backend': <Cv2Backends.ANY: 0>,
                               'color_mode': <ColorMode.RGB: 'rgb'>,
                               'fourcc': None,
                               'fps': 30,
                               'height': 480,
                               'index_or_path': 4,
                               'rotation': <Cv2Rotation.NO_ROTATION: 0>,
                               'warmup_s': 1,
                               'width': 640},
                       'wrist': {'backend': <Cv2Backends.ANY: 0>,
                                 'color_mode': <ColorMode.RGB: 'rgb'>,
                                 'fourcc': None,
                                 'fps': 30,
                                 'height': 480,
                                 'index_or_path': 10,
                                 'rotation': <Cv2Rotation.NO_ROTATION: 0>,
                                 'warmup_s': 1,
                                 'width': 640}},
           'can_auto_init': True,
           'disable_on_disconnect': False,
           'enable_on_connect': True,
           'enable_timeout_s': 3.0,
           'gripper_effort_default': 1000,
           'gripper_status_code': 1,
           'high_follow': True,
           'id': 'my_piper_follower',
           'judge_flag': False,
           'log_level': 'WARNING',
           'mode_refresh_interval_s': 1.0,
           'port': 'can1',
           'require_calibration': True,
           'speed_ratio': 50,
           'startup_sleep_s': 0.1,
           'sync_gripper': True},
 'teleop': {'calibration_dir': None,
            'calibration_scale': 1000,
            'can_auto_init': True,
            'command_high_follow': True,
            'command_speed_ratio': 50,
            'disable_on_disconnect': False,
            'enable_timeout_s': 3.0,
            'fallback_to_feedback': True,
            'gravity_comp_base_rpy_deg': (0.0, 0.0, 0.0),
            'gravity_comp_control_hz': 200.0,
            'gravity_comp_mit_kd': 0.0,
            'gravity_comp_mit_kp': 0.0,
            'gravity_comp_torque_limit': 8.0,
            'gravity_comp_tx_ratio': (0.2, 0.2, 0.2, 0.2, 0.2, 0.2),
            'gripper_effort_default': 1000,
            'gripper_status_code': 1,
            'id': 'my_piper_leader',
            'judge_flag': False,
            'log_level': 'WARNING',
            'manual_control': True,
            'mode_refresh_interval_s': 1.0,
            'port': 'can0',
            'prefer_ctrl_messages': True,
            'require_calibration': True,
            'startup_sleep_s': 0.1,
            'sync_gripper': True}}
INFO 2026-05-29 16:09:50.396 t_record.py:371 dataset_features: {'action': {'dtype': 'float32', 'names': ['joint_1.pos', 'joint_2.pos', 'joint_3.pos', 'joint_4.pos', 'joint_5.pos', 'joint_6.pos', 'gripper.pos'], 'shape': (7,)}, 'observation.state': {'dtype': 'float32', 'names': ['joint_1.pos', 'joint_2.pos', 'joint_3.pos', 'joint_4.pos', 'joint_5.pos', 'joint_6.pos', 'gripper.pos'], 'shape': (7,)}, 'observation.images.wrist': {'dtype': 'video', 'shape': (480, 640, 3), 'names': ['height', 'width', 'channels']}, 'observation.images.top': {'dtype': 'video', 'shape': (480, 640, 3), 'names': ['height', 'width', 'channels']}}
INFO 2026-05-29 16:09:50.396 t_record.py:382 dataset_features: {'action': {'dtype': 'float32', 'names': ['joint_1.pos', 'joint_2.pos', 'joint_3.pos', 'joint_4.pos', 'joint_5.pos', 'joint_6.pos', 'gripper.pos'], 'shape': (7,)}, 'observation.state': {'dtype': 'float32', 'names': ['joint_1.pos', 'joint_2.pos', 'joint_3.pos', 'joint_4.pos', 'joint_5.pos', 'joint_6.pos', 'gripper.pos'], 'shape': (7,)}, 'observation.images.wrist': {'dtype': 'video', 'shape': (480, 640, 3), 'names': ['height', 'width', 'channels']}, 'observation.images.top': {'dtype': 'video', 'shape': (480, 640, 3), 'names': ['height', 'width', 'channels']}, 'complementary_info.policy_action': {'dtype': 'float32', 'shape': (7,), 'names': ['joint_1.pos', 'joint_2.pos', 'joint_3.pos', 'joint_4.pos', 'joint_5.pos', 'joint_6.pos', 'gripper.pos']}, 'complementary_info.is_intervention': {'dtype': 'float32', 'shape': (1,), 'names': ['is_intervention']}, 'complementary_info.state': {'dtype': 'float32', 'shape': (1,), 'names': ['state']}, 'complementary_info.collector_policy_id': {'dtype': 'string', 'shape': (1,), 'names': ['collector_policy_id']}}
INFO 2026-05-29 16:09:51.761 a_opencv.py:179 OpenCVCamera(10) connected.
INFO 2026-05-29 16:09:52.996 a_opencv.py:179 OpenCVCamera(4) connected.
INFO 2026-05-29 16:09:52.997 follower.py:139 my_piper_follower PiperFollower connected.
INFO 2026-05-29 16:09:54.068 r_leader.py:130 my_piper_leader PiperLeader connected.
INFO 2026-05-29 16:09:54.068 t_record.py:446 robot and teleop all conected
INFO 2026-05-29 16:09:54.069 ls/utils.py:227 Recording episode 0
WARNING 2026-05-29 16:09:59.516 t_record.py:512 Episode 0 has no explicit success/failure label, defaulting to 'success'.
INFO 2026-05-29 16:09:59.516 ls/utils.py:227 Reset the environment
INFO 2026-05-29 16:10:20.374 ls/utils.py:227 Stop recording
INFO 2026-05-29 16:10:21.845 a_opencv.py:592 OpenCVCamera(10) disconnected.
INFO 2026-05-29 16:10:21.862 a_opencv.py:592 OpenCVCamera(4) disconnected.
INFO 2026-05-29 16:10:21.862 follower.py:339 my_piper_follower PiperFollower disconnected.
INFO 2026-05-29 16:10:21.864 r_leader.py:468 my_piper_leader PiperLeader disconnected.
INFO 2026-05-29 16:10:21.864 ls/utils.py:227 Exiting
INFO 2026-06-01 14:38:51.589 t_record.py:325 Human-in-loop recording is enabled. Press 'i' to toggle takeover. Press 's' to mark success and end, 'f' to mark failure and end. Recorded `action` is the executed action. Policy output (when policy is enabled) is stored in `complementary_info.policy_action`. Collector source is stored in `complementary_info.collector_policy_id`. ACP inference: enable=False use_cfg=False cfg_beta=1.000.
INFO 2026-06-01 14:38:51.590 t_record.py:343 {'acp_inference': {'cfg_beta': 1.0, 'enable': False, 'use_cfg': False},
 'collector_policy_id_human': 'human',
 'collector_policy_id_policy': 'human',
 'communication_retry_interval_s': 0.1,
 'communication_retry_timeout_s': 2.0,
 'dataset': {'episode_time_s': 120,
             'fps': 30,
             'num_episodes': 50,
             'num_image_writer_processes': 0,
             'num_image_writer_threads_per_camera': 4,
             'private': False,
             'push_to_hub': False,
             'rename_map': {},
             'repo_id': 'local_data',
             'reset_time_s': 1,
             'root': '/home/ghr/VLA/package_data/single/qwen3_subtask_multipackage/6-1/subtask3_7',
             'single_task': 'Grab the package and place it into the box.',
             'tags': None,
             'vcodec': 'libsvtav1',
             'video': True,
             'video_encoding_batch_size': 1},
 'default_episode_success': 'failure',
 'display_compressed_images': False,
 'display_data': True,
 'display_ip': None,
 'display_port': None,
 'enable_collector_policy_id': True,
 'enable_episode_outcome_labeling': True,
 'episode_failure_key': 'f',
 'episode_success_key': 's',
 'intervention_state_machine_enabled': False,
 'intervention_toggle_key': 'i',
 'play_sounds': True,
 'policy': None,
 'policy_sync_parallel': True,
 'policy_sync_to_teleop': False,
 'require_episode_success_label': False,
 'resume': False,
 'robot': {'calibration_dir': None,
           'calibration_scale': 1000,
           'cameras': {'top': {'backend': <Cv2Backends.ANY: 0>,
                               'color_mode': <ColorMode.RGB: 'rgb'>,
                               'fourcc': None,
                               'fps': 30,
                               'height': 480,
                               'index_or_path': 4,
                               'rotation': <Cv2Rotation.NO_ROTATION: 0>,
                               'warmup_s': 1,
                               'width': 640},
                       'wrist': {'backend': <Cv2Backends.ANY: 0>,
                                 'color_mode': <ColorMode.RGB: 'rgb'>,
                                 'fourcc': None,
                                 'fps': 30,
                                 'height': 480,
                                 'index_or_path': 10,
                                 'rotation': <Cv2Rotation.NO_ROTATION: 0>,
                                 'warmup_s': 1,
                                 'width': 640}},
           'can_auto_init': True,
           'disable_on_disconnect': False,
           'enable_on_connect': True,
           'enable_timeout_s': 3.0,
           'gripper_effort_default': 1000,
           'gripper_status_code': 1,
           'high_follow': True,
           'id': 'my_piper_follower',
           'judge_flag': False,
           'log_level': 'WARNING',
           'mode_refresh_interval_s': 1.0,
           'port': 'can1',
           'require_calibration': True,
           'speed_ratio': 50,
           'startup_sleep_s': 0.1,
           'sync_gripper': True},
 'teleop': {'calibration_dir': None,
            'calibration_scale': 1000,
            'can_auto_init': True,
            'command_high_follow': True,
            'command_speed_ratio': 50,
            'disable_on_disconnect': False,
            'enable_timeout_s': 3.0,
            'fallback_to_feedback': True,
            'gravity_comp_base_rpy_deg': (0.0, 0.0, 0.0),
            'gravity_comp_control_hz': 200.0,
            'gravity_comp_mit_kd': 0.0,
            'gravity_comp_mit_kp': 0.0,
            'gravity_comp_torque_limit': 8.0,
            'gravity_comp_tx_ratio': (0.2, 0.2, 0.2, 0.2, 0.2, 0.2),
            'gripper_effort_default': 1000,
            'gripper_status_code': 1,
            'id': 'my_piper_leader',
            'judge_flag': False,
            'log_level': 'WARNING',
            'manual_control': True,
            'mode_refresh_interval_s': 1.0,
            'port': 'can0',
            'prefer_ctrl_messages': True,
            'require_calibration': True,
            'startup_sleep_s': 0.1,
            'sync_gripper': True}}
INFO 2026-06-01 14:38:51.852 t_record.py:371 dataset_features: {'action': {'dtype': 'float32', 'names': ['joint_1.pos', 'joint_2.pos', 'joint_3.pos', 'joint_4.pos', 'joint_5.pos', 'joint_6.pos', 'gripper.pos'], 'shape': (7,)}, 'observation.state': {'dtype': 'float32', 'names': ['joint_1.pos', 'joint_2.pos', 'joint_3.pos', 'joint_4.pos', 'joint_5.pos', 'joint_6.pos', 'gripper.pos'], 'shape': (7,)}, 'observation.images.wrist': {'dtype': 'video', 'shape': (480, 640, 3), 'names': ['height', 'width', 'channels']}, 'observation.images.top': {'dtype': 'video', 'shape': (480, 640, 3), 'names': ['height', 'width', 'channels']}}
INFO 2026-06-01 14:38:51.852 t_record.py:382 dataset_features: {'action': {'dtype': 'float32', 'names': ['joint_1.pos', 'joint_2.pos', 'joint_3.pos', 'joint_4.pos', 'joint_5.pos', 'joint_6.pos', 'gripper.pos'], 'shape': (7,)}, 'observation.state': {'dtype': 'float32', 'names': ['joint_1.pos', 'joint_2.pos', 'joint_3.pos', 'joint_4.pos', 'joint_5.pos', 'joint_6.pos', 'gripper.pos'], 'shape': (7,)}, 'observation.images.wrist': {'dtype': 'video', 'shape': (480, 640, 3), 'names': ['height', 'width', 'channels']}, 'observation.images.top': {'dtype': 'video', 'shape': (480, 640, 3), 'names': ['height', 'width', 'channels']}, 'complementary_info.policy_action': {'dtype': 'float32', 'shape': (7,), 'names': ['joint_1.pos', 'joint_2.pos', 'joint_3.pos', 'joint_4.pos', 'joint_5.pos', 'joint_6.pos', 'gripper.pos']}, 'complementary_info.is_intervention': {'dtype': 'float32', 'shape': (1,), 'names': ['is_intervention']}, 'complementary_info.state': {'dtype': 'float32', 'shape': (1,), 'names': ['state']}, 'complementary_info.collector_policy_id': {'dtype': 'string', 'shape': (1,), 'names': ['collector_policy_id']}}
INFO 2026-06-01 14:38:51.852 ls/utils.py:227 Stop recording
INFO 2026-06-01 14:38:53.312 ls/utils.py:227 Exiting
INFO 2026-06-01 14:39:22.141 t_record.py:325 Human-in-loop recording is enabled. Press 'i' to toggle takeover. Press 's' to mark success and end, 'f' to mark failure and end. Recorded `action` is the executed action. Policy output (when policy is enabled) is stored in `complementary_info.policy_action`. Collector source is stored in `complementary_info.collector_policy_id`. ACP inference: enable=False use_cfg=False cfg_beta=1.000.
INFO 2026-06-01 14:39:22.141 t_record.py:343 {'acp_inference': {'cfg_beta': 1.0, 'enable': False, 'use_cfg': False},
 'collector_policy_id_human': 'human',
 'collector_policy_id_policy': 'human',
 'communication_retry_interval_s': 0.1,
 'communication_retry_timeout_s': 2.0,
 'dataset': {'episode_time_s': 120,
             'fps': 30,
             'num_episodes': 50,
             'num_image_writer_processes': 0,
             'num_image_writer_threads_per_camera': 4,
             'private': False,
             'push_to_hub': False,
             'rename_map': {},
             'repo_id': 'local_data',
             'reset_time_s': 1,
             'root': '/home/ghr/VLA/package_data/single/qwen3_subtask_multipackage/6-1/subtask3_7',
             'single_task': 'Grab the package and place it into the box.',
             'tags': None,
             'vcodec': 'libsvtav1',
             'video': True,
             'video_encoding_batch_size': 1},
 'default_episode_success': 'failure',
 'display_compressed_images': False,
 'display_data': True,
 'display_ip': None,
 'display_port': None,
 'enable_collector_policy_id': True,
 'enable_episode_outcome_labeling': True,
 'episode_failure_key': 'f',
 'episode_success_key': 's',
 'intervention_state_machine_enabled': False,
 'intervention_toggle_key': 'i',
 'play_sounds': True,
 'policy': None,
 'policy_sync_parallel': True,
 'policy_sync_to_teleop': False,
 'require_episode_success_label': False,
 'resume': False,
 'robot': {'calibration_dir': None,
           'calibration_scale': 1000,
           'cameras': {'top': {'backend': <Cv2Backends.ANY: 0>,
                               'color_mode': <ColorMode.RGB: 'rgb'>,
                               'fourcc': None,
                               'fps': 30,
                               'height': 480,
                               'index_or_path': 4,
                               'rotation': <Cv2Rotation.NO_ROTATION: 0>,
                               'warmup_s': 1,
                               'width': 640},
                       'wrist': {'backend': <Cv2Backends.ANY: 0>,
                                 'color_mode': <ColorMode.RGB: 'rgb'>,
                                 'fourcc': None,
                                 'fps': 30,
                                 'height': 480,
                                 'index_or_path': 10,
                                 'rotation': <Cv2Rotation.NO_ROTATION: 0>,
                                 'warmup_s': 1,
                                 'width': 640}},
           'can_auto_init': True,
           'disable_on_disconnect': False,
           'enable_on_connect': True,
           'enable_timeout_s': 3.0,
           'gripper_effort_default': 1000,
           'gripper_status_code': 1,
           'high_follow': True,
           'id': 'my_piper_follower',
           'judge_flag': False,
           'log_level': 'WARNING',
           'mode_refresh_interval_s': 1.0,
           'port': 'can1',
           'require_calibration': True,
           'speed_ratio': 50,
           'startup_sleep_s': 0.1,
           'sync_gripper': True},
 'teleop': {'calibration_dir': None,
            'calibration_scale': 1000,
            'can_auto_init': True,
            'command_high_follow': True,
            'command_speed_ratio': 50,
            'disable_on_disconnect': False,
            'enable_timeout_s': 3.0,
            'fallback_to_feedback': True,
            'gravity_comp_base_rpy_deg': (0.0, 0.0, 0.0),
            'gravity_comp_control_hz': 200.0,
            'gravity_comp_mit_kd': 0.0,
            'gravity_comp_mit_kp': 0.0,
            'gravity_comp_torque_limit': 8.0,
            'gravity_comp_tx_ratio': (0.2, 0.2, 0.2, 0.2, 0.2, 0.2),
            'gripper_effort_default': 1000,
            'gripper_status_code': 1,
            'id': 'my_piper_leader',
            'judge_flag': False,
            'log_level': 'WARNING',
            'manual_control': True,
            'mode_refresh_interval_s': 1.0,
            'port': 'can0',
            'prefer_ctrl_messages': True,
            'require_calibration': True,
            'startup_sleep_s': 0.1,
            'sync_gripper': True}}
INFO 2026-06-01 14:39:22.178 t_record.py:371 dataset_features: {'action': {'dtype': 'float32', 'names': ['joint_1.pos', 'joint_2.pos', 'joint_3.pos', 'joint_4.pos', 'joint_5.pos', 'joint_6.pos', 'gripper.pos'], 'shape': (7,)}, 'observation.state': {'dtype': 'float32', 'names': ['joint_1.pos', 'joint_2.pos', 'joint_3.pos', 'joint_4.pos', 'joint_5.pos', 'joint_6.pos', 'gripper.pos'], 'shape': (7,)}, 'observation.images.wrist': {'dtype': 'video', 'shape': (480, 640, 3), 'names': ['height', 'width', 'channels']}, 'observation.images.top': {'dtype': 'video', 'shape': (480, 640, 3), 'names': ['height', 'width', 'channels']}}
INFO 2026-06-01 14:39:22.178 t_record.py:382 dataset_features: {'action': {'dtype': 'float32', 'names': ['joint_1.pos', 'joint_2.pos', 'joint_3.pos', 'joint_4.pos', 'joint_5.pos', 'joint_6.pos', 'gripper.pos'], 'shape': (7,)}, 'observation.state': {'dtype': 'float32', 'names': ['joint_1.pos', 'joint_2.pos', 'joint_3.pos', 'joint_4.pos', 'joint_5.pos', 'joint_6.pos', 'gripper.pos'], 'shape': (7,)}, 'observation.images.wrist': {'dtype': 'video', 'shape': (480, 640, 3), 'names': ['height', 'width', 'channels']}, 'observation.images.top': {'dtype': 'video', 'shape': (480, 640, 3), 'names': ['height', 'width', 'channels']}, 'complementary_info.policy_action': {'dtype': 'float32', 'shape': (7,), 'names': ['joint_1.pos', 'joint_2.pos', 'joint_3.pos', 'joint_4.pos', 'joint_5.pos', 'joint_6.pos', 'gripper.pos']}, 'complementary_info.is_intervention': {'dtype': 'float32', 'shape': (1,), 'names': ['is_intervention']}, 'complementary_info.state': {'dtype': 'float32', 'shape': (1,), 'names': ['state']}, 'complementary_info.collector_policy_id': {'dtype': 'string', 'shape': (1,), 'names': ['collector_policy_id']}}
INFO 2026-06-01 14:39:23.537 a_opencv.py:179 OpenCVCamera(10) connected.
INFO 2026-06-01 14:39:24.750 a_opencv.py:179 OpenCVCamera(4) connected.
INFO 2026-06-01 14:39:24.751 follower.py:139 my_piper_follower PiperFollower connected.
INFO 2026-06-01 14:39:26.233 r_leader.py:130 my_piper_leader PiperLeader connected.
INFO 2026-06-01 14:39:26.236 t_record.py:446 robot and teleop all conected
INFO 2026-06-01 14:39:26.239 ls/utils.py:227 Recording episode 0
WARNING 2026-06-01 14:40:14.746 t_record.py:512 Episode 0 has no explicit success/failure label, defaulting to 'success'.
INFO 2026-06-01 14:40:14.746 ls/utils.py:227 Reset the environment
INFO 2026-06-01 14:45:59.968 ls/utils.py:227 Stop recording
INFO 2026-06-01 14:46:01.422 a_opencv.py:592 OpenCVCamera(10) disconnected.
INFO 2026-06-01 14:46:01.443 a_opencv.py:592 OpenCVCamera(4) disconnected.
INFO 2026-06-01 14:46:01.443 follower.py:339 my_piper_follower PiperFollower disconnected.
INFO 2026-06-01 14:46:01.443 r_leader.py:468 my_piper_leader PiperLeader disconnected.
INFO 2026-06-01 14:46:01.443 ls/utils.py:227 Exiting
INFO 2026-06-01 14:46:59.200 t_record.py:325 Human-in-loop recording is enabled. Press 'i' to toggle takeover. Press 's' to mark success and end, 'f' to mark failure and end. Recorded `action` is the executed action. Policy output (when policy is enabled) is stored in `complementary_info.policy_action`. Collector source is stored in `complementary_info.collector_policy_id`. ACP inference: enable=False use_cfg=False cfg_beta=1.000.
INFO 2026-06-01 14:46:59.201 t_record.py:343 {'acp_inference': {'cfg_beta': 1.0, 'enable': False, 'use_cfg': False},
 'collector_policy_id_human': 'human',
 'collector_policy_id_policy': 'human',
 'communication_retry_interval_s': 0.1,
 'communication_retry_timeout_s': 2.0,
 'dataset': {'episode_time_s': 120,
             'fps': 30,
             'num_episodes': 50,
             'num_image_writer_processes': 0,
             'num_image_writer_threads_per_camera': 4,
             'private': False,
             'push_to_hub': False,
             'rename_map': {},
             'repo_id': 'local_data',
             'reset_time_s': 1,
             'root': '/home/ghr/VLA/package_data/single/qwen3_subtask_multipackage/6-1/subtask1_4',
             'single_task': 'Grab the package and place it on the pallet.',
             'tags': None,
             'vcodec': 'libsvtav1',
             'video': True,
             'video_encoding_batch_size': 1},
 'default_episode_success': 'failure',
 'display_compressed_images': False,
 'display_data': True,
 'display_ip': None,
 'display_port': None,
 'enable_collector_policy_id': True,
 'enable_episode_outcome_labeling': True,
 'episode_failure_key': 'f',
 'episode_success_key': 's',
 'intervention_state_machine_enabled': False,
 'intervention_toggle_key': 'i',
 'play_sounds': True,
 'policy': None,
 'policy_sync_parallel': True,
 'policy_sync_to_teleop': False,
 'require_episode_success_label': False,
 'resume': False,
 'robot': {'calibration_dir': None,
           'calibration_scale': 1000,
           'cameras': {'top': {'backend': <Cv2Backends.ANY: 0>,
                               'color_mode': <ColorMode.RGB: 'rgb'>,
                               'fourcc': None,
                               'fps': 30,
                               'height': 480,
                               'index_or_path': 4,
                               'rotation': <Cv2Rotation.NO_ROTATION: 0>,
                               'warmup_s': 1,
                               'width': 640},
                       'wrist': {'backend': <Cv2Backends.ANY: 0>,
                                 'color_mode': <ColorMode.RGB: 'rgb'>,
                                 'fourcc': None,
                                 'fps': 30,
                                 'height': 480,
                                 'index_or_path': 10,
                                 'rotation': <Cv2Rotation.NO_ROTATION: 0>,
                                 'warmup_s': 1,
                                 'width': 640}},
           'can_auto_init': True,
           'disable_on_disconnect': False,
           'enable_on_connect': True,
           'enable_timeout_s': 3.0,
           'gripper_effort_default': 1000,
           'gripper_status_code': 1,
           'high_follow': True,
           'id': 'my_piper_follower',
           'judge_flag': False,
           'log_level': 'WARNING',
           'mode_refresh_interval_s': 1.0,
           'port': 'can1',
           'require_calibration': True,
           'speed_ratio': 50,
           'startup_sleep_s': 0.1,
           'sync_gripper': True},
 'teleop': {'calibration_dir': None,
            'calibration_scale': 1000,
            'can_auto_init': True,
            'command_high_follow': True,
            'command_speed_ratio': 50,
            'disable_on_disconnect': False,
            'enable_timeout_s': 3.0,
            'fallback_to_feedback': True,
            'gravity_comp_base_rpy_deg': (0.0, 0.0, 0.0),
            'gravity_comp_control_hz': 200.0,
            'gravity_comp_mit_kd': 0.0,
            'gravity_comp_mit_kp': 0.0,
            'gravity_comp_torque_limit': 8.0,
            'gravity_comp_tx_ratio': (0.2, 0.2, 0.2, 0.2, 0.2, 0.2),
            'gripper_effort_default': 1000,
            'gripper_status_code': 1,
            'id': 'my_piper_leader',
            'judge_flag': False,
            'log_level': 'WARNING',
            'manual_control': True,
            'mode_refresh_interval_s': 1.0,
            'port': 'can0',
            'prefer_ctrl_messages': True,
            'require_calibration': True,
            'startup_sleep_s': 0.1,
            'sync_gripper': True}}
INFO 2026-06-01 14:46:59.284 t_record.py:371 dataset_features: {'action': {'dtype': 'float32', 'names': ['joint_1.pos', 'joint_2.pos', 'joint_3.pos', 'joint_4.pos', 'joint_5.pos', 'joint_6.pos', 'gripper.pos'], 'shape': (7,)}, 'observation.state': {'dtype': 'float32', 'names': ['joint_1.pos', 'joint_2.pos', 'joint_3.pos', 'joint_4.pos', 'joint_5.pos', 'joint_6.pos', 'gripper.pos'], 'shape': (7,)}, 'observation.images.wrist': {'dtype': 'video', 'shape': (480, 640, 3), 'names': ['height', 'width', 'channels']}, 'observation.images.top': {'dtype': 'video', 'shape': (480, 640, 3), 'names': ['height', 'width', 'channels']}}
INFO 2026-06-01 14:46:59.284 t_record.py:382 dataset_features: {'action': {'dtype': 'float32', 'names': ['joint_1.pos', 'joint_2.pos', 'joint_3.pos', 'joint_4.pos', 'joint_5.pos', 'joint_6.pos', 'gripper.pos'], 'shape': (7,)}, 'observation.state': {'dtype': 'float32', 'names': ['joint_1.pos', 'joint_2.pos', 'joint_3.pos', 'joint_4.pos', 'joint_5.pos', 'joint_6.pos', 'gripper.pos'], 'shape': (7,)}, 'observation.images.wrist': {'dtype': 'video', 'shape': (480, 640, 3), 'names': ['height', 'width', 'channels']}, 'observation.images.top': {'dtype': 'video', 'shape': (480, 640, 3), 'names': ['height', 'width', 'channels']}, 'complementary_info.policy_action': {'dtype': 'float32', 'shape': (7,), 'names': ['joint_1.pos', 'joint_2.pos', 'joint_3.pos', 'joint_4.pos', 'joint_5.pos', 'joint_6.pos', 'gripper.pos']}, 'complementary_info.is_intervention': {'dtype': 'float32', 'shape': (1,), 'names': ['is_intervention']}, 'complementary_info.state': {'dtype': 'float32', 'shape': (1,), 'names': ['state']}, 'complementary_info.collector_policy_id': {'dtype': 'string', 'shape': (1,), 'names': ['collector_policy_id']}}
INFO 2026-06-01 14:47:00.631 a_opencv.py:179 OpenCVCamera(10) connected.
INFO 2026-06-01 14:47:01.846 a_opencv.py:179 OpenCVCamera(4) connected.
INFO 2026-06-01 14:47:01.846 follower.py:139 my_piper_follower PiperFollower connected.
INFO 2026-06-01 14:47:02.805 r_leader.py:130 my_piper_leader PiperLeader connected.
INFO 2026-06-01 14:47:02.805 t_record.py:446 robot and teleop all conected
INFO 2026-06-01 14:47:02.806 ls/utils.py:227 Recording episode 0
WARNING 2026-06-01 14:47:12.507 t_record.py:512 Episode 0 has no explicit success/failure label, defaulting to 'success'.
INFO 2026-06-01 14:47:12.507 ls/utils.py:227 Reset the environment
INFO 2026-06-01 14:47:26.379 ls/utils.py:227 Re-record episode
INFO 2026-06-01 14:47:26.380 ls/utils.py:227 Recording episode 0
WARNING 2026-06-01 14:47:29.782 t_record.py:512 Episode 0 has no explicit success/failure label, defaulting to 'success'.
INFO 2026-06-01 14:47:29.782 ls/utils.py:227 Reset the environment
INFO 2026-06-01 14:47:37.198 ls/utils.py:227 Recording episode 1
WARNING 2026-06-01 14:47:39.775 t_record.py:512 Episode 1 has no explicit success/failure label, defaulting to 'success'.
INFO 2026-06-01 14:47:39.775 ls/utils.py:227 Reset the environment
INFO 2026-06-01 14:47:40.780 ls/utils.py:227 Re-record episode
INFO 2026-06-01 14:47:40.781 ls/utils.py:227 Recording episode 1
WARNING 2026-06-01 14:47:44.596 t_record.py:512 Episode 1 has no explicit success/failure label, defaulting to 'success'.
INFO 2026-06-01 14:47:44.596 ls/utils.py:227 Reset the environment
INFO 2026-06-01 14:47:54.997 ls/utils.py:227 Recording episode 2
WARNING 2026-06-01 14:47:55.934 t_record.py:512 Episode 2 has no explicit success/failure label, defaulting to 'success'.
INFO 2026-06-01 14:47:55.934 ls/utils.py:227 Reset the environment
INFO 2026-06-01 14:47:57.807 ls/utils.py:227 Re-record episode
INFO 2026-06-01 14:47:57.808 ls/utils.py:227 Recording episode 2
WARNING 2026-06-01 14:48:01.653 t_record.py:512 Episode 2 has no explicit success/failure label, defaulting to 'success'.
INFO 2026-06-01 14:48:01.653 ls/utils.py:227 Reset the environment
INFO 2026-06-01 14:48:14.012 ls/utils.py:227 Recording episode 3
WARNING 2026-06-01 14:48:18.996 t_record.py:512 Episode 3 has no explicit success/failure label, defaulting to 'success'.
INFO 2026-06-01 14:48:18.996 ls/utils.py:227 Reset the environment
INFO 2026-06-01 14:48:37.650 ls/utils.py:227 Recording episode 4
WARNING 2026-06-01 14:48:43.301 t_record.py:512 Episode 4 has no explicit success/failure label, defaulting to 'success'.
INFO 2026-06-01 14:48:43.302 ls/utils.py:227 Reset the environment
INFO 2026-06-01 14:48:59.300 ls/utils.py:227 Recording episode 5
WARNING 2026-06-01 14:48:59.302 t_record.py:512 Episode 5 has no explicit success/failure label, defaulting to 'success'.
INFO 2026-06-01 14:48:59.303 ls/utils.py:227 Reset the environment
INFO 2026-06-01 14:49:00.709 ls/utils.py:227 Re-record episode
INFO 2026-06-01 14:49:00.709 ls/utils.py:227 Recording episode 5
WARNING 2026-06-01 14:49:02.114 t_record.py:512 Episode 5 has no explicit success/failure label, defaulting to 'success'.
INFO 2026-06-01 14:49:02.114 ls/utils.py:227 Reset the environment
INFO 2026-06-01 14:49:05.372 ls/utils.py:227 Recording episode 6
WARNING 2026-06-01 14:49:05.441 t_record.py:512 Episode 6 has no explicit success/failure label, defaulting to 'success'.
INFO 2026-06-01 14:49:05.441 ls/utils.py:227 Reset the environment
INFO 2026-06-01 14:49:11.728 ls/utils.py:227 Re-record episode
INFO 2026-06-01 14:49:11.728 ls/utils.py:227 Recording episode 6
WARNING 2026-06-01 14:49:13.100 t_record.py:512 Episode 6 has no explicit success/failure label, defaulting to 'success'.
INFO 2026-06-01 14:49:14.730 ls/utils.py:227 Stop recording
INFO 2026-06-01 14:49:16.001 t_record.py:570 To inspect the recorded dataset, run:
  lerobot-dataset-report --dataset local_data
INFO 2026-06-01 14:49:16.022 a_opencv.py:592 OpenCVCamera(10) disconnected.
INFO 2026-06-01 14:49:16.041 a_opencv.py:592 OpenCVCamera(4) disconnected.
INFO 2026-06-01 14:49:16.041 follower.py:339 my_piper_follower PiperFollower disconnected.
INFO 2026-06-01 14:49:16.042 r_leader.py:468 my_piper_leader PiperLeader disconnected.
INFO 2026-06-01 14:49:16.042 ls/utils.py:227 Exiting
INFO 2026-06-01 14:49:57.519 t_record.py:325 Human-in-loop recording is enabled. Press 'i' to toggle takeover. Press 's' to mark success and end, 'f' to mark failure and end. Recorded `action` is the executed action. Policy output (when policy is enabled) is stored in `complementary_info.policy_action`. Collector source is stored in `complementary_info.collector_policy_id`. ACP inference: enable=False use_cfg=False cfg_beta=1.000.
INFO 2026-06-01 14:49:57.520 t_record.py:343 {'acp_inference': {'cfg_beta': 1.0, 'enable': False, 'use_cfg': False},
 'collector_policy_id_human': 'human',
 'collector_policy_id_policy': 'human',
 'communication_retry_interval_s': 0.1,
 'communication_retry_timeout_s': 2.0,
 'dataset': {'episode_time_s': 120,
             'fps': 30,
             'num_episodes': 50,
             'num_image_writer_processes': 0,
             'num_image_writer_threads_per_camera': 4,
             'private': False,
             'push_to_hub': False,
             'rename_map': {},
             'repo_id': 'local_data',
             'reset_time_s': 1,
             'root': '/home/ghr/VLA/package_data/single/qwen3_subtask_multipackage/6-1/subtask1_4',
             'single_task': 'Grab the package and place it on the pallet.',
             'tags': None,
             'vcodec': 'libsvtav1',
             'video': True,
             'video_encoding_batch_size': 1},
 'default_episode_success': 'failure',
 'display_compressed_images': False,
 'display_data': True,
 'display_ip': None,
 'display_port': None,
 'enable_collector_policy_id': True,
 'enable_episode_outcome_labeling': True,
 'episode_failure_key': 'f',
 'episode_success_key': 's',
 'intervention_state_machine_enabled': False,
 'intervention_toggle_key': 'i',
 'play_sounds': True,
 'policy': None,
 'policy_sync_parallel': True,
 'policy_sync_to_teleop': False,
 'require_episode_success_label': False,
 'resume': False,
 'robot': {'calibration_dir': None,
           'calibration_scale': 1000,
           'cameras': {'top': {'backend': <Cv2Backends.ANY: 0>,
                               'color_mode': <ColorMode.RGB: 'rgb'>,
                               'fourcc': None,
                               'fps': 30,
                               'height': 480,
                               'index_or_path': 4,
                               'rotation': <Cv2Rotation.NO_ROTATION: 0>,
                               'warmup_s': 1,
                               'width': 640},
                       'wrist': {'backend': <Cv2Backends.ANY: 0>,
                                 'color_mode': <ColorMode.RGB: 'rgb'>,
                                 'fourcc': None,
                                 'fps': 30,
                                 'height': 480,
                                 'index_or_path': 10,
                                 'rotation': <Cv2Rotation.NO_ROTATION: 0>,
                                 'warmup_s': 1,
                                 'width': 640}},
           'can_auto_init': True,
           'disable_on_disconnect': False,
           'enable_on_connect': True,
           'enable_timeout_s': 3.0,
           'gripper_effort_default': 1000,
           'gripper_status_code': 1,
           'high_follow': True,
           'id': 'my_piper_follower',
           'judge_flag': False,
           'log_level': 'WARNING',
           'mode_refresh_interval_s': 1.0,
           'port': 'can1',
           'require_calibration': True,
           'speed_ratio': 50,
           'startup_sleep_s': 0.1,
           'sync_gripper': True},
 'teleop': {'calibration_dir': None,
            'calibration_scale': 1000,
            'can_auto_init': True,
            'command_high_follow': True,
            'command_speed_ratio': 50,
            'disable_on_disconnect': False,
            'enable_timeout_s': 3.0,
            'fallback_to_feedback': True,
            'gravity_comp_base_rpy_deg': (0.0, 0.0, 0.0),
            'gravity_comp_control_hz': 200.0,
            'gravity_comp_mit_kd': 0.0,
            'gravity_comp_mit_kp': 0.0,
            'gravity_comp_torque_limit': 8.0,
            'gravity_comp_tx_ratio': (0.2, 0.2, 0.2, 0.2, 0.2, 0.2),
            'gripper_effort_default': 1000,
            'gripper_status_code': 1,
            'id': 'my_piper_leader',
            'judge_flag': False,
            'log_level': 'WARNING',
            'manual_control': True,
            'mode_refresh_interval_s': 1.0,
            'port': 'can0',
            'prefer_ctrl_messages': True,
            'require_calibration': True,
            'startup_sleep_s': 0.1,
            'sync_gripper': True}}
INFO 2026-06-01 14:49:57.537 t_record.py:371 dataset_features: {'action': {'dtype': 'float32', 'names': ['joint_1.pos', 'joint_2.pos', 'joint_3.pos', 'joint_4.pos', 'joint_5.pos', 'joint_6.pos', 'gripper.pos'], 'shape': (7,)}, 'observation.state': {'dtype': 'float32', 'names': ['joint_1.pos', 'joint_2.pos', 'joint_3.pos', 'joint_4.pos', 'joint_5.pos', 'joint_6.pos', 'gripper.pos'], 'shape': (7,)}, 'observation.images.wrist': {'dtype': 'video', 'shape': (480, 640, 3), 'names': ['height', 'width', 'channels']}, 'observation.images.top': {'dtype': 'video', 'shape': (480, 640, 3), 'names': ['height', 'width', 'channels']}}
INFO 2026-06-01 14:49:57.537 t_record.py:382 dataset_features: {'action': {'dtype': 'float32', 'names': ['joint_1.pos', 'joint_2.pos', 'joint_3.pos', 'joint_4.pos', 'joint_5.pos', 'joint_6.pos', 'gripper.pos'], 'shape': (7,)}, 'observation.state': {'dtype': 'float32', 'names': ['joint_1.pos', 'joint_2.pos', 'joint_3.pos', 'joint_4.pos', 'joint_5.pos', 'joint_6.pos', 'gripper.pos'], 'shape': (7,)}, 'observation.images.wrist': {'dtype': 'video', 'shape': (480, 640, 3), 'names': ['height', 'width', 'channels']}, 'observation.images.top': {'dtype': 'video', 'shape': (480, 640, 3), 'names': ['height', 'width', 'channels']}, 'complementary_info.policy_action': {'dtype': 'float32', 'shape': (7,), 'names': ['joint_1.pos', 'joint_2.pos', 'joint_3.pos', 'joint_4.pos', 'joint_5.pos', 'joint_6.pos', 'gripper.pos']}, 'complementary_info.is_intervention': {'dtype': 'float32', 'shape': (1,), 'names': ['is_intervention']}, 'complementary_info.state': {'dtype': 'float32', 'shape': (1,), 'names': ['state']}, 'complementary_info.collector_policy_id': {'dtype': 'string', 'shape': (1,), 'names': ['collector_policy_id']}}
INFO 2026-06-01 14:49:58.884 a_opencv.py:179 OpenCVCamera(10) connected.
INFO 2026-06-01 14:50:00.098 a_opencv.py:179 OpenCVCamera(4) connected.
INFO 2026-06-01 14:50:00.098 follower.py:139 my_piper_follower PiperFollower connected.
INFO 2026-06-01 14:50:01.031 r_leader.py:130 my_piper_leader PiperLeader connected.
INFO 2026-06-01 14:50:01.032 t_record.py:446 robot and teleop all conected
INFO 2026-06-01 14:50:01.033 ls/utils.py:227 Recording episode 0
WARNING 2026-06-01 14:50:02.908 t_record.py:512 Episode 0 has no explicit success/failure label, defaulting to 'success'.
INFO 2026-06-01 14:50:02.908 ls/utils.py:227 Reset the environment
INFO 2026-06-01 14:50:05.114 ls/utils.py:227 Re-record episode
INFO 2026-06-01 14:50:05.115 ls/utils.py:227 Recording episode 0
WARNING 2026-06-01 14:50:10.696 t_record.py:512 Episode 0 has no explicit success/failure label, defaulting to 'success'.
INFO 2026-06-01 14:50:10.696 ls/utils.py:227 Reset the environment
INFO 2026-06-01 14:50:22.055 ls/utils.py:227 Recording episode 1
WARNING 2026-06-01 14:50:26.535 t_record.py:512 Episode 1 has no explicit success/failure label, defaulting to 'success'.
INFO 2026-06-01 14:50:26.535 ls/utils.py:227 Reset the environment
INFO 2026-06-01 14:50:41.690 ls/utils.py:227 Recording episode 2
WARNING 2026-06-01 14:50:46.036 t_record.py:512 Episode 2 has no explicit success/failure label, defaulting to 'success'.
INFO 2026-06-01 14:50:46.036 ls/utils.py:227 Reset the environment
INFO 2026-06-01 14:50:55.630 ls/utils.py:227 Recording episode 3
WARNING 2026-06-01 14:51:00.176 t_record.py:512 Episode 3 has no explicit success/failure label, defaulting to 'success'.
INFO 2026-06-01 14:51:00.176 ls/utils.py:227 Reset the environment
INFO 2026-06-01 14:51:06.731 ls/utils.py:227 Recording episode 4
WARNING 2026-06-01 14:51:07.868 t_record.py:512 Episode 4 has no explicit success/failure label, defaulting to 'success'.
INFO 2026-06-01 14:51:07.869 ls/utils.py:227 Reset the environment
INFO 2026-06-01 14:51:09.240 ls/utils.py:227 Re-record episode
INFO 2026-06-01 14:51:09.242 ls/utils.py:227 Recording episode 4
WARNING 2026-06-01 14:51:14.424 t_record.py:512 Episode 4 has no explicit success/failure label, defaulting to 'success'.
INFO 2026-06-01 14:51:14.424 ls/utils.py:227 Reset the environment
INFO 2026-06-01 14:51:25.185 ls/utils.py:227 Recording episode 5
WARNING 2026-06-01 14:51:28.964 t_record.py:512 Episode 5 has no explicit success/failure label, defaulting to 'success'.
INFO 2026-06-01 14:51:28.965 ls/utils.py:227 Reset the environment
INFO 2026-06-01 14:51:37.764 ls/utils.py:227 Recording episode 6
WARNING 2026-06-01 14:51:42.244 t_record.py:512 Episode 6 has no explicit success/failure label, defaulting to 'success'.
INFO 2026-06-01 14:51:42.244 ls/utils.py:227 Reset the environment
INFO 2026-06-01 14:51:57.994 ls/utils.py:227 Recording episode 7
WARNING 2026-06-01 14:52:01.473 t_record.py:512 Episode 7 has no explicit success/failure label, defaulting to 'success'.
INFO 2026-06-01 14:52:01.473 ls/utils.py:227 Reset the environment
INFO 2026-06-01 14:52:13.634 ls/utils.py:227 Recording episode 8
WARNING 2026-06-01 14:52:17.245 t_record.py:512 Episode 8 has no explicit success/failure label, defaulting to 'success'.
INFO 2026-06-01 14:52:17.245 ls/utils.py:227 Reset the environment
INFO 2026-06-01 14:52:26.816 ls/utils.py:227 Recording episode 9
WARNING 2026-06-01 14:52:30.604 t_record.py:512 Episode 9 has no explicit success/failure label, defaulting to 'success'.
INFO 2026-06-01 14:52:30.604 ls/utils.py:227 Reset the environment
INFO 2026-06-01 14:52:41.805 ls/utils.py:227 Recording episode 10
WARNING 2026-06-01 14:52:44.818 t_record.py:512 Episode 10 has no explicit success/failure label, defaulting to 'success'.
INFO 2026-06-01 14:52:44.818 ls/utils.py:227 Reset the environment
INFO 2026-06-01 14:52:52.036 ls/utils.py:227 Recording episode 11
WARNING 2026-06-01 14:52:53.411 t_record.py:512 Episode 11 has no explicit success/failure label, defaulting to 'success'.
INFO 2026-06-01 14:52:53.412 ls/utils.py:227 Reset the environment
INFO 2026-06-01 14:52:54.617 ls/utils.py:227 Re-record episode
INFO 2026-06-01 14:52:54.619 ls/utils.py:227 Recording episode 11
WARNING 2026-06-01 14:52:58.498 t_record.py:512 Episode 11 has no explicit success/failure label, defaulting to 'success'.
INFO 2026-06-01 14:52:58.498 ls/utils.py:227 Reset the environment
INFO 2026-06-01 14:53:09.081 ls/utils.py:227 Recording episode 12
WARNING 2026-06-01 14:53:12.493 t_record.py:512 Episode 12 has no explicit success/failure label, defaulting to 'success'.
INFO 2026-06-01 14:53:12.493 ls/utils.py:227 Reset the environment
INFO 2026-06-01 14:53:27.427 ls/utils.py:227 Recording episode 13
WARNING 2026-06-01 14:53:31.509 t_record.py:512 Episode 13 has no explicit success/failure label, defaulting to 'success'.
INFO 2026-06-01 14:53:31.509 ls/utils.py:227 Reset the environment
INFO 2026-06-01 14:53:42.132 ls/utils.py:227 Recording episode 14
WARNING 2026-06-01 14:53:45.376 t_record.py:512 Episode 14 has no explicit success/failure label, defaulting to 'success'.
INFO 2026-06-01 14:53:45.376 ls/utils.py:227 Reset the environment
INFO 2026-06-01 14:53:58.606 ls/utils.py:227 Recording episode 15
WARNING 2026-06-01 14:54:02.120 t_record.py:512 Episode 15 has no explicit success/failure label, defaulting to 'success'.
INFO 2026-06-01 14:54:02.120 ls/utils.py:227 Reset the environment
INFO 2026-06-01 14:54:21.896 ls/utils.py:227 Recording episode 16
WARNING 2026-06-01 14:54:25.179 t_record.py:512 Episode 16 has no explicit success/failure label, defaulting to 'success'.
INFO 2026-06-01 14:54:25.180 ls/utils.py:227 Reset the environment
INFO 2026-06-01 14:54:32.075 ls/utils.py:227 Recording episode 17
WARNING 2026-06-01 14:54:34.986 t_record.py:512 Episode 17 has no explicit success/failure label, defaulting to 'success'.
INFO 2026-06-01 14:54:34.986 ls/utils.py:227 Reset the environment
INFO 2026-06-01 14:54:43.177 ls/utils.py:227 Recording episode 18
WARNING 2026-06-01 14:54:46.390 t_record.py:512 Episode 18 has no explicit success/failure label, defaulting to 'success'.
INFO 2026-06-01 14:54:46.390 ls/utils.py:227 Reset the environment
INFO 2026-06-01 14:54:55.469 ls/utils.py:227 Recording episode 19
WARNING 2026-06-01 14:54:58.849 t_record.py:512 Episode 19 has no explicit success/failure label, defaulting to 'success'.
INFO 2026-06-01 14:54:58.850 ls/utils.py:227 Reset the environment
INFO 2026-06-01 14:56:20.470 ls/utils.py:227 Stop recording
INFO 2026-06-01 14:56:21.907 t_record.py:570 To inspect the recorded dataset, run:
  lerobot-dataset-report --dataset local_data
INFO 2026-06-01 14:56:21.919 a_opencv.py:592 OpenCVCamera(10) disconnected.
INFO 2026-06-01 14:56:21.952 a_opencv.py:592 OpenCVCamera(4) disconnected.
INFO 2026-06-01 14:56:21.952 follower.py:339 my_piper_follower PiperFollower disconnected.
INFO 2026-06-01 14:56:21.957 r_leader.py:468 my_piper_leader PiperLeader disconnected.
INFO 2026-06-01 14:56:21.957 ls/utils.py:227 Exiting
INFO 2026-06-01 14:57:49.220 t_record.py:325 Human-in-loop recording is enabled. Press 'i' to toggle takeover. Press 's' to mark success and end, 'f' to mark failure and end. Recorded `action` is the executed action. Policy output (when policy is enabled) is stored in `complementary_info.policy_action`. Collector source is stored in `complementary_info.collector_policy_id`. ACP inference: enable=False use_cfg=False cfg_beta=1.000.
INFO 2026-06-01 14:57:49.221 t_record.py:343 {'acp_inference': {'cfg_beta': 1.0, 'enable': False, 'use_cfg': False},
 'collector_policy_id_human': 'human',
 'collector_policy_id_policy': 'human',
 'communication_retry_interval_s': 0.1,
 'communication_retry_timeout_s': 2.0,
 'dataset': {'episode_time_s': 120,
             'fps': 30,
             'num_episodes': 30,
             'num_image_writer_processes': 0,
             'num_image_writer_threads_per_camera': 4,
             'private': False,
             'push_to_hub': False,
             'rename_map': {},
             'repo_id': 'local_data',
             'reset_time_s': 1,
             'root': '/home/ghr/VLA/package_data/single/qwen3_subtask_multipackage/6-1/subtask1_4',
             'single_task': 'Grab the package and place it on the pallet.',
             'tags': None,
             'vcodec': 'libsvtav1',
             'video': True,
             'video_encoding_batch_size': 1},
 'default_episode_success': 'failure',
 'display_compressed_images': False,
 'display_data': True,
 'display_ip': None,
 'display_port': None,
 'enable_collector_policy_id': True,
 'enable_episode_outcome_labeling': True,
 'episode_failure_key': 'f',
 'episode_success_key': 's',
 'intervention_state_machine_enabled': False,
 'intervention_toggle_key': 'i',
 'play_sounds': True,
 'policy': None,
 'policy_sync_parallel': True,
 'policy_sync_to_teleop': False,
 'require_episode_success_label': False,
 'resume': True,
 'robot': {'calibration_dir': None,
           'calibration_scale': 1000,
           'cameras': {'top': {'backend': <Cv2Backends.ANY: 0>,
                               'color_mode': <ColorMode.RGB: 'rgb'>,
                               'fourcc': None,
                               'fps': 30,
                               'height': 480,
                               'index_or_path': 4,
                               'rotation': <Cv2Rotation.NO_ROTATION: 0>,
                               'warmup_s': 1,
                               'width': 640},
                       'wrist': {'backend': <Cv2Backends.ANY: 0>,
                                 'color_mode': <ColorMode.RGB: 'rgb'>,
                                 'fourcc': None,
                                 'fps': 30,
                                 'height': 480,
                                 'index_or_path': 10,
                                 'rotation': <Cv2Rotation.NO_ROTATION: 0>,
                                 'warmup_s': 1,
                                 'width': 640}},
           'can_auto_init': True,
           'disable_on_disconnect': False,
           'enable_on_connect': True,
           'enable_timeout_s': 3.0,
           'gripper_effort_default': 1000,
           'gripper_status_code': 1,
           'high_follow': True,
           'id': 'my_piper_follower',
           'judge_flag': False,
           'log_level': 'WARNING',
           'mode_refresh_interval_s': 1.0,
           'port': 'can1',
           'require_calibration': True,
           'speed_ratio': 50,
           'startup_sleep_s': 0.1,
           'sync_gripper': True},
 'teleop': {'calibration_dir': None,
            'calibration_scale': 1000,
            'can_auto_init': True,
            'command_high_follow': True,
            'command_speed_ratio': 50,
            'disable_on_disconnect': False,
            'enable_timeout_s': 3.0,
            'fallback_to_feedback': True,
            'gravity_comp_base_rpy_deg': (0.0, 0.0, 0.0),
            'gravity_comp_control_hz': 200.0,
            'gravity_comp_mit_kd': 0.0,
            'gravity_comp_mit_kp': 0.0,
            'gravity_comp_torque_limit': 8.0,
            'gravity_comp_tx_ratio': (0.2, 0.2, 0.2, 0.2, 0.2, 0.2),
            'gripper_effort_default': 1000,
            'gripper_status_code': 1,
            'id': 'my_piper_leader',
            'judge_flag': False,
            'log_level': 'WARNING',
            'manual_control': True,
            'mode_refresh_interval_s': 1.0,
            'port': 'can0',
            'prefer_ctrl_messages': True,
            'require_calibration': True,
            'startup_sleep_s': 0.1,
            'sync_gripper': True}}
INFO 2026-06-01 14:57:49.235 t_record.py:371 dataset_features: {'action': {'dtype': 'float32', 'names': ['joint_1.pos', 'joint_2.pos', 'joint_3.pos', 'joint_4.pos', 'joint_5.pos', 'joint_6.pos', 'gripper.pos'], 'shape': (7,)}, 'observation.state': {'dtype': 'float32', 'names': ['joint_1.pos', 'joint_2.pos', 'joint_3.pos', 'joint_4.pos', 'joint_5.pos', 'joint_6.pos', 'gripper.pos'], 'shape': (7,)}, 'observation.images.wrist': {'dtype': 'video', 'shape': (480, 640, 3), 'names': ['height', 'width', 'channels']}, 'observation.images.top': {'dtype': 'video', 'shape': (480, 640, 3), 'names': ['height', 'width', 'channels']}}
INFO 2026-06-01 14:57:49.235 t_record.py:382 dataset_features: {'action': {'dtype': 'float32', 'names': ['joint_1.pos', 'joint_2.pos', 'joint_3.pos', 'joint_4.pos', 'joint_5.pos', 'joint_6.pos', 'gripper.pos'], 'shape': (7,)}, 'observation.state': {'dtype': 'float32', 'names': ['joint_1.pos', 'joint_2.pos', 'joint_3.pos', 'joint_4.pos', 'joint_5.pos', 'joint_6.pos', 'gripper.pos'], 'shape': (7,)}, 'observation.images.wrist': {'dtype': 'video', 'shape': (480, 640, 3), 'names': ['height', 'width', 'channels']}, 'observation.images.top': {'dtype': 'video', 'shape': (480, 640, 3), 'names': ['height', 'width', 'channels']}, 'complementary_info.policy_action': {'dtype': 'float32', 'shape': (7,), 'names': ['joint_1.pos', 'joint_2.pos', 'joint_3.pos', 'joint_4.pos', 'joint_5.pos', 'joint_6.pos', 'gripper.pos']}, 'complementary_info.is_intervention': {'dtype': 'float32', 'shape': (1,), 'names': ['is_intervention']}, 'complementary_info.state': {'dtype': 'float32', 'shape': (1,), 'names': ['state']}, 'complementary_info.collector_policy_id': {'dtype': 'string', 'shape': (1,), 'names': ['collector_policy_id']}}
INFO 2026-06-01 14:57:50.719 a_opencv.py:179 OpenCVCamera(10) connected.
INFO 2026-06-01 14:57:51.932 a_opencv.py:179 OpenCVCamera(4) connected.
INFO 2026-06-01 14:57:51.933 follower.py:139 my_piper_follower PiperFollower connected.
INFO 2026-06-01 14:57:52.815 r_leader.py:130 my_piper_leader PiperLeader connected.
INFO 2026-06-01 14:57:52.816 t_record.py:446 robot and teleop all conected
INFO 2026-06-01 14:57:52.821 ls/utils.py:227 Recording episode 20
WARNING 2026-06-01 14:57:53.458 t_record.py:512 Episode 20 has no explicit success/failure label, defaulting to 'success'.
INFO 2026-06-01 14:57:53.458 ls/utils.py:227 Reset the environment
INFO 2026-06-01 14:58:11.243 ls/utils.py:227 Re-record episode
INFO 2026-06-01 14:58:11.243 ls/utils.py:227 Recording episode 20
WARNING 2026-06-01 14:58:15.055 t_record.py:512 Episode 20 has no explicit success/failure label, defaulting to 'success'.
INFO 2026-06-01 14:58:15.056 ls/utils.py:227 Reset the environment
INFO 2026-06-01 14:58:22.580 ls/utils.py:227 Recording episode 21
WARNING 2026-06-01 14:58:30.568 t_record.py:512 Episode 21 has no explicit success/failure label, defaulting to 'success'.
INFO 2026-06-01 14:58:30.568 ls/utils.py:227 Reset the environment
INFO 2026-06-01 14:58:34.711 ls/utils.py:227 Re-record episode
INFO 2026-06-01 14:58:34.712 ls/utils.py:227 Recording episode 21
WARNING 2026-06-01 14:58:39.291 t_record.py:512 Episode 21 has no explicit success/failure label, defaulting to 'success'.
INFO 2026-06-01 14:58:39.291 ls/utils.py:227 Reset the environment
INFO 2026-06-01 14:58:49.662 ls/utils.py:227 Recording episode 22
WARNING 2026-06-01 14:58:53.173 t_record.py:512 Episode 22 has no explicit success/failure label, defaulting to 'success'.
INFO 2026-06-01 14:58:53.173 ls/utils.py:227 Reset the environment
INFO 2026-06-01 14:59:03.485 ls/utils.py:227 Recording episode 23
WARNING 2026-06-01 14:59:06.359 t_record.py:512 Episode 23 has no explicit success/failure label, defaulting to 'success'.
INFO 2026-06-01 14:59:06.360 ls/utils.py:227 Reset the environment
INFO 2026-06-01 14:59:14.533 ls/utils.py:227 Recording episode 24
WARNING 2026-06-01 14:59:17.776 t_record.py:512 Episode 24 has no explicit success/failure label, defaulting to 'success'.
INFO 2026-06-01 14:59:17.776 ls/utils.py:227 Reset the environment
INFO 2026-06-01 14:59:25.001 ls/utils.py:227 Recording episode 25
WARNING 2026-06-01 14:59:28.345 t_record.py:512 Episode 25 has no explicit success/failure label, defaulting to 'success'.
INFO 2026-06-01 14:59:28.345 ls/utils.py:227 Reset the environment
INFO 2026-06-01 14:59:38.538 ls/utils.py:227 Recording episode 26
WARNING 2026-06-01 14:59:42.316 t_record.py:512 Episode 26 has no explicit success/failure label, defaulting to 'success'.
INFO 2026-06-01 14:59:42.316 ls/utils.py:227 Reset the environment
INFO 2026-06-01 14:59:52.688 ls/utils.py:227 Recording episode 27
WARNING 2026-06-01 14:59:55.929 t_record.py:512 Episode 27 has no explicit success/failure label, defaulting to 'success'.
INFO 2026-06-01 14:59:55.929 ls/utils.py:227 Reset the environment
INFO 2026-06-01 15:00:01.376 ls/utils.py:227 Recording episode 28
WARNING 2026-06-01 15:00:01.945 t_record.py:512 Episode 28 has no explicit success/failure label, defaulting to 'success'.
INFO 2026-06-01 15:00:01.945 ls/utils.py:227 Reset the environment
INFO 2026-06-01 15:00:03.283 ls/utils.py:227 Re-record episode
INFO 2026-06-01 15:00:03.284 ls/utils.py:227 Recording episode 28
WARNING 2026-06-01 15:00:07.028 t_record.py:512 Episode 28 has no explicit success/failure label, defaulting to 'success'.
INFO 2026-06-01 15:00:07.028 ls/utils.py:227 Reset the environment
INFO 2026-06-01 15:00:16.379 ls/utils.py:227 Recording episode 29
WARNING 2026-06-01 15:00:19.990 t_record.py:512 Episode 29 has no explicit success/failure label, defaulting to 'success'.
INFO 2026-06-01 15:00:19.990 ls/utils.py:227 Reset the environment
INFO 2026-06-01 15:00:32.322 ls/utils.py:227 Stop recording
INFO 2026-06-01 15:00:33.567 t_record.py:570 To inspect the recorded dataset, run:
  lerobot-dataset-report --dataset local_data
INFO 2026-06-01 15:00:33.584 a_opencv.py:592 OpenCVCamera(10) disconnected.
INFO 2026-06-01 15:00:33.606 a_opencv.py:592 OpenCVCamera(4) disconnected.
INFO 2026-06-01 15:00:33.606 follower.py:339 my_piper_follower PiperFollower disconnected.
INFO 2026-06-01 15:00:33.608 r_leader.py:468 my_piper_leader PiperLeader disconnected.
INFO 2026-06-01 15:00:33.608 ls/utils.py:227 Exiting
INFO 2026-06-01 15:08:27.667 t_record.py:325 Human-in-loop recording is enabled. Press 'i' to toggle takeover. Press 's' to mark success and end, 'f' to mark failure and end. Recorded `action` is the executed action. Policy output (when policy is enabled) is stored in `complementary_info.policy_action`. Collector source is stored in `complementary_info.collector_policy_id`. ACP inference: enable=False use_cfg=False cfg_beta=1.000.
INFO 2026-06-01 15:08:27.667 t_record.py:343 {'acp_inference': {'cfg_beta': 1.0, 'enable': False, 'use_cfg': False},
 'collector_policy_id_human': 'human',
 'collector_policy_id_policy': 'human',
 'communication_retry_interval_s': 0.1,
 'communication_retry_timeout_s': 2.0,
 'dataset': {'episode_time_s': 120,
             'fps': 30,
             'num_episodes': 30,
             'num_image_writer_processes': 0,
             'num_image_writer_threads_per_camera': 4,
             'private': False,
             'push_to_hub': False,
             'rename_map': {},
             'repo_id': 'local_data',
             'reset_time_s': 1,
             'root': '/home/ghr/VLA/package_data/single/evo-rl/mutipackage_subtask1_4',
             'single_task': 'Grab the package and place it on the pallet.',
             'tags': None,
             'vcodec': 'libsvtav1',
             'video': True,
             'video_encoding_batch_size': 1},
 'default_episode_success': 'failure',
 'display_compressed_images': False,
 'display_data': True,
 'display_ip': None,
 'display_port': None,
 'enable_collector_policy_id': True,
 'enable_episode_outcome_labeling': True,
 'episode_failure_key': 'f',
 'episode_success_key': 's',
 'intervention_state_machine_enabled': False,
 'intervention_toggle_key': 'i',
 'play_sounds': True,
 'policy': None,
 'policy_sync_parallel': True,
 'policy_sync_to_teleop': False,
 'require_episode_success_label': False,
 'resume': False,
 'robot': {'calibration_dir': None,
           'calibration_scale': 1000,
           'cameras': {'top': {'backend': <Cv2Backends.ANY: 0>,
                               'color_mode': <ColorMode.RGB: 'rgb'>,
                               'fourcc': None,
                               'fps': 30,
                               'height': 480,
                               'index_or_path': 4,
                               'rotation': <Cv2Rotation.NO_ROTATION: 0>,
                               'warmup_s': 1,
                               'width': 640},
                       'wrist': {'backend': <Cv2Backends.ANY: 0>,
                                 'color_mode': <ColorMode.RGB: 'rgb'>,
                                 'fourcc': None,
                                 'fps': 30,
                                 'height': 480,
                                 'index_or_path': 10,
                                 'rotation': <Cv2Rotation.NO_ROTATION: 0>,
                                 'warmup_s': 1,
                                 'width': 640}},
           'can_auto_init': True,
           'disable_on_disconnect': False,
           'enable_on_connect': True,
           'enable_timeout_s': 3.0,
           'gripper_effort_default': 1000,
           'gripper_status_code': 1,
           'high_follow': True,
           'id': 'my_piper_follower',
           'judge_flag': False,
           'log_level': 'WARNING',
           'mode_refresh_interval_s': 1.0,
           'port': 'can1',
           'require_calibration': True,
           'speed_ratio': 50,
           'startup_sleep_s': 0.1,
           'sync_gripper': True},
 'teleop': {'calibration_dir': None,
            'calibration_scale': 1000,
            'can_auto_init': True,
            'command_high_follow': True,
            'command_speed_ratio': 50,
            'disable_on_disconnect': False,
            'enable_timeout_s': 3.0,
            'fallback_to_feedback': True,
            'gravity_comp_base_rpy_deg': (0.0, 0.0, 0.0),
            'gravity_comp_control_hz': 200.0,
            'gravity_comp_mit_kd': 0.0,
            'gravity_comp_mit_kp': 0.0,
            'gravity_comp_torque_limit': 8.0,
            'gravity_comp_tx_ratio': (0.2, 0.2, 0.2, 0.2, 0.2, 0.2),
            'gripper_effort_default': 1000,
            'gripper_status_code': 1,
            'id': 'my_piper_leader',
            'judge_flag': False,
            'log_level': 'WARNING',
            'manual_control': True,
            'mode_refresh_interval_s': 1.0,
            'port': 'can0',
            'prefer_ctrl_messages': True,
            'require_calibration': True,
            'startup_sleep_s': 0.1,
            'sync_gripper': True}}
INFO 2026-06-01 15:08:27.678 t_record.py:371 dataset_features: {'action': {'dtype': 'float32', 'names': ['joint_1.pos', 'joint_2.pos', 'joint_3.pos', 'joint_4.pos', 'joint_5.pos', 'joint_6.pos', 'gripper.pos'], 'shape': (7,)}, 'observation.state': {'dtype': 'float32', 'names': ['joint_1.pos', 'joint_2.pos', 'joint_3.pos', 'joint_4.pos', 'joint_5.pos', 'joint_6.pos', 'gripper.pos'], 'shape': (7,)}, 'observation.images.wrist': {'dtype': 'video', 'shape': (480, 640, 3), 'names': ['height', 'width', 'channels']}, 'observation.images.top': {'dtype': 'video', 'shape': (480, 640, 3), 'names': ['height', 'width', 'channels']}}
INFO 2026-06-01 15:08:27.678 t_record.py:382 dataset_features: {'action': {'dtype': 'float32', 'names': ['joint_1.pos', 'joint_2.pos', 'joint_3.pos', 'joint_4.pos', 'joint_5.pos', 'joint_6.pos', 'gripper.pos'], 'shape': (7,)}, 'observation.state': {'dtype': 'float32', 'names': ['joint_1.pos', 'joint_2.pos', 'joint_3.pos', 'joint_4.pos', 'joint_5.pos', 'joint_6.pos', 'gripper.pos'], 'shape': (7,)}, 'observation.images.wrist': {'dtype': 'video', 'shape': (480, 640, 3), 'names': ['height', 'width', 'channels']}, 'observation.images.top': {'dtype': 'video', 'shape': (480, 640, 3), 'names': ['height', 'width', 'channels']}, 'complementary_info.policy_action': {'dtype': 'float32', 'shape': (7,), 'names': ['joint_1.pos', 'joint_2.pos', 'joint_3.pos', 'joint_4.pos', 'joint_5.pos', 'joint_6.pos', 'gripper.pos']}, 'complementary_info.is_intervention': {'dtype': 'float32', 'shape': (1,), 'names': ['is_intervention']}, 'complementary_info.state': {'dtype': 'float32', 'shape': (1,), 'names': ['state']}, 'complementary_info.collector_policy_id': {'dtype': 'string', 'shape': (1,), 'names': ['collector_policy_id']}}
INFO 2026-06-01 15:08:29.020 a_opencv.py:179 OpenCVCamera(10) connected.
INFO 2026-06-01 15:08:30.234 a_opencv.py:179 OpenCVCamera(4) connected.
INFO 2026-06-01 15:08:30.234 follower.py:139 my_piper_follower PiperFollower connected.
INFO 2026-06-01 15:08:31.061 r_leader.py:130 my_piper_leader PiperLeader connected.
INFO 2026-06-01 15:08:31.062 t_record.py:446 robot and teleop all conected
INFO 2026-06-01 15:08:31.062 ls/utils.py:227 Recording episode 0
WARNING 2026-06-01 15:08:54.762 t_record.py:512 Episode 0 has no explicit success/failure label, defaulting to 'success'.
INFO 2026-06-01 15:08:54.762 ls/utils.py:227 Reset the environment
INFO 2026-06-01 15:12:26.687 ls/utils.py:227 Re-record episode
INFO 2026-06-01 15:12:26.687 ls/utils.py:227 Recording episode 0
WARNING 2026-06-01 15:12:37.244 t_record.py:512 Episode 0 has no explicit success/failure label, defaulting to 'success'.
INFO 2026-06-01 15:12:37.244 ls/utils.py:227 Reset the environment
INFO 2026-06-01 15:12:46.637 ls/utils.py:227 Recording episode 1
WARNING 2026-06-01 15:12:54.722 t_record.py:512 Episode 1 has no explicit success/failure label, defaulting to 'success'.
INFO 2026-06-01 15:12:54.722 ls/utils.py:227 Reset the environment
INFO 2026-06-01 15:13:03.471 ls/utils.py:227 Recording episode 2
WARNING 2026-06-01 15:13:05.310 t_record.py:512 Episode 2 has no explicit success/failure label, defaulting to 'success'.
INFO 2026-06-01 15:13:05.310 ls/utils.py:227 Reset the environment
INFO 2026-06-01 15:14:06.612 ls/utils.py:227 Re-record episode
INFO 2026-06-01 15:14:06.613 ls/utils.py:227 Recording episode 2
WARNING 2026-06-01 15:14:14.946 t_record.py:512 Episode 2 has no explicit success/failure label, defaulting to 'success'.
INFO 2026-06-01 15:14:14.946 ls/utils.py:227 Reset the environment
INFO 2026-06-01 15:14:22.142 ls/utils.py:227 Recording episode 3
WARNING 2026-06-01 15:14:29.970 t_record.py:512 Episode 3 has no explicit success/failure label, defaulting to 'success'.
INFO 2026-06-01 15:14:29.970 ls/utils.py:227 Reset the environment
INFO 2026-06-01 15:14:39.900 ls/utils.py:227 Recording episode 4
WARNING 2026-06-01 15:14:47.852 t_record.py:512 Episode 4 has no explicit success/failure label, defaulting to 'success'.
INFO 2026-06-01 15:14:47.852 ls/utils.py:227 Reset the environment
INFO 2026-06-01 15:14:55.620 ls/utils.py:227 Recording episode 5
WARNING 2026-06-01 15:15:03.210 t_record.py:512 Episode 5 has no explicit success/failure label, defaulting to 'success'.
INFO 2026-06-01 15:15:03.210 ls/utils.py:227 Reset the environment
INFO 2026-06-01 15:15:10.064 ls/utils.py:227 Recording episode 6
WARNING 2026-06-01 15:15:17.927 t_record.py:512 Episode 6 has no explicit success/failure label, defaulting to 'success'.
INFO 2026-06-01 15:15:17.927 ls/utils.py:227 Reset the environment
INFO 2026-06-01 15:15:27.863 ls/utils.py:227 Recording episode 7
WARNING 2026-06-01 15:15:38.424 t_record.py:512 Episode 7 has no explicit success/failure label, defaulting to 'success'.
INFO 2026-06-01 15:15:38.424 ls/utils.py:227 Reset the environment
INFO 2026-06-01 15:15:47.113 ls/utils.py:227 Recording episode 8
WARNING 2026-06-01 15:15:48.518 t_record.py:512 Episode 8 has no explicit success/failure label, defaulting to 'success'.
INFO 2026-06-01 15:15:48.518 ls/utils.py:227 Reset the environment
INFO 2026-06-01 15:15:49.755 ls/utils.py:227 Re-record episode
INFO 2026-06-01 15:15:49.756 ls/utils.py:227 Recording episode 8
WARNING 2026-06-01 15:15:58.347 t_record.py:512 Episode 8 has no explicit success/failure label, defaulting to 'success'.
INFO 2026-06-01 15:15:58.349 ls/utils.py:227 Reset the environment
INFO 2026-06-01 15:16:08.206 ls/utils.py:227 Recording episode 9
WARNING 2026-06-01 15:16:08.574 t_record.py:512 Episode 9 has no explicit success/failure label, defaulting to 'success'.
INFO 2026-06-01 15:16:08.574 ls/utils.py:227 Reset the environment
INFO 2026-06-01 15:16:09.176 ls/utils.py:227 Re-record episode
INFO 2026-06-01 15:16:09.177 ls/utils.py:227 Recording episode 9
WARNING 2026-06-01 15:16:16.763 t_record.py:512 Episode 9 has no explicit success/failure label, defaulting to 'success'.
INFO 2026-06-01 15:16:16.763 ls/utils.py:227 Reset the environment
INFO 2026-06-01 15:16:26.953 ls/utils.py:227 Recording episode 10
WARNING 2026-06-01 15:16:35.342 t_record.py:512 Episode 10 has no explicit success/failure label, defaulting to 'success'.
INFO 2026-06-01 15:16:35.342 ls/utils.py:227 Reset the environment
INFO 2026-06-01 15:16:44.852 ls/utils.py:227 Recording episode 11
WARNING 2026-06-01 15:16:52.873 t_record.py:512 Episode 11 has no explicit success/failure label, defaulting to 'success'.
INFO 2026-06-01 15:16:52.873 ls/utils.py:227 Reset the environment
INFO 2026-06-01 15:17:02.393 ls/utils.py:227 Recording episode 12
WARNING 2026-06-01 15:17:10.315 t_record.py:512 Episode 12 has no explicit success/failure label, defaulting to 'success'.
INFO 2026-06-01 15:17:10.315 ls/utils.py:227 Reset the environment
INFO 2026-06-01 15:17:21.263 ls/utils.py:227 Recording episode 13
WARNING 2026-06-01 15:17:29.152 t_record.py:512 Episode 13 has no explicit success/failure label, defaulting to 'success'.
INFO 2026-06-01 15:17:29.152 ls/utils.py:227 Reset the environment
INFO 2026-06-01 15:17:40.679 ls/utils.py:227 Recording episode 14
WARNING 2026-06-01 15:17:47.835 t_record.py:512 Episode 14 has no explicit success/failure label, defaulting to 'success'.
INFO 2026-06-01 15:17:47.835 ls/utils.py:227 Reset the environment
INFO 2026-06-01 15:18:10.984 ls/utils.py:227 Recording episode 15
WARNING 2026-06-01 15:18:12.723 t_record.py:512 Episode 15 has no explicit success/failure label, defaulting to 'success'.
INFO 2026-06-01 15:18:12.723 ls/utils.py:227 Reset the environment
INFO 2026-06-01 15:18:13.191 ls/utils.py:227 Re-record episode
INFO 2026-06-01 15:18:13.192 ls/utils.py:227 Recording episode 15
WARNING 2026-06-01 15:18:21.111 t_record.py:512 Episode 15 has no explicit success/failure label, defaulting to 'success'.
INFO 2026-06-01 15:18:21.111 ls/utils.py:227 Reset the environment
INFO 2026-06-01 15:18:35.827 ls/utils.py:227 Recording episode 16
WARNING 2026-06-01 15:18:36.196 t_record.py:512 Episode 16 has no explicit success/failure label, defaulting to 'success'.
INFO 2026-06-01 15:18:36.196 ls/utils.py:227 Reset the environment
INFO 2026-06-01 15:18:36.732 ls/utils.py:227 Re-record episode
INFO 2026-06-01 15:18:36.732 ls/utils.py:227 Recording episode 16
WARNING 2026-06-01 15:18:45.319 t_record.py:512 Episode 16 has no explicit success/failure label, defaulting to 'success'.
INFO 2026-06-01 15:18:45.319 ls/utils.py:227 Reset the environment
INFO 2026-06-01 15:18:54.657 ls/utils.py:227 Recording episode 17
WARNING 2026-06-01 15:18:54.992 t_record.py:512 Episode 17 has no explicit success/failure label, defaulting to 'success'.
INFO 2026-06-01 15:18:54.992 ls/utils.py:227 Reset the environment
INFO 2026-06-01 15:18:57.502 ls/utils.py:227 Re-record episode
INFO 2026-06-01 15:18:57.502 ls/utils.py:227 Recording episode 17
WARNING 2026-06-01 15:19:05.955 t_record.py:512 Episode 17 has no explicit success/failure label, defaulting to 'success'.
INFO 2026-06-01 15:19:05.955 ls/utils.py:227 Reset the environment
INFO 2026-06-01 15:19:17.257 ls/utils.py:227 Recording episode 18
WARNING 2026-06-01 15:19:17.592 t_record.py:512 Episode 18 has no explicit success/failure label, defaulting to 'success'.
INFO 2026-06-01 15:19:17.592 ls/utils.py:227 Reset the environment
INFO 2026-06-01 15:19:17.827 ls/utils.py:227 Re-record episode
INFO 2026-06-01 15:19:17.827 ls/utils.py:227 Recording episode 18
WARNING 2026-06-01 15:19:25.147 t_record.py:512 Episode 18 has no explicit success/failure label, defaulting to 'success'.
INFO 2026-06-01 15:19:25.147 ls/utils.py:227 Reset the environment
INFO 2026-06-01 15:19:42.502 ls/utils.py:227 Re-record episode
INFO 2026-06-01 15:19:42.503 ls/utils.py:227 Recording episode 18
WARNING 2026-06-01 15:19:48.720 t_record.py:512 Episode 18 has no explicit success/failure label, defaulting to 'success'.
INFO 2026-06-01 15:19:48.720 ls/utils.py:227 Reset the environment
INFO 2026-06-01 15:20:00.810 ls/utils.py:227 Re-record episode
INFO 2026-06-01 15:20:00.811 ls/utils.py:227 Recording episode 18
WARNING 2026-06-01 15:20:09.161 t_record.py:512 Episode 18 has no explicit success/failure label, defaulting to 'success'.
INFO 2026-06-01 15:20:09.162 ls/utils.py:227 Reset the environment
INFO 2026-06-01 15:20:19.493 ls/utils.py:227 Recording episode 19
WARNING 2026-06-01 15:20:25.341 t_record.py:512 Episode 19 has no explicit success/failure label, defaulting to 'success'.
INFO 2026-06-01 15:20:25.342 ls/utils.py:227 Reset the environment
INFO 2026-06-01 15:20:29.856 ls/utils.py:227 Re-record episode
INFO 2026-06-01 15:20:29.857 ls/utils.py:227 Recording episode 19
WARNING 2026-06-01 15:20:37.584 t_record.py:512 Episode 19 has no explicit success/failure label, defaulting to 'success'.
INFO 2026-06-01 15:20:37.584 ls/utils.py:227 Reset the environment
INFO 2026-06-01 15:20:45.642 ls/utils.py:227 Recording episode 20
WARNING 2026-06-01 15:20:46.110 t_record.py:512 Episode 20 has no explicit success/failure label, defaulting to 'success'.
INFO 2026-06-01 15:20:46.110 ls/utils.py:227 Reset the environment
INFO 2026-06-01 15:20:47.547 ls/utils.py:227 Re-record episode
INFO 2026-06-01 15:20:47.548 ls/utils.py:227 Recording episode 20
WARNING 2026-06-01 15:20:55.233 t_record.py:512 Episode 20 has no explicit success/failure label, defaulting to 'success'.
INFO 2026-06-01 15:20:55.233 ls/utils.py:227 Reset the environment
INFO 2026-06-01 15:21:13.133 ls/utils.py:227 Recording episode 21
WARNING 2026-06-01 15:21:13.502 t_record.py:512 Episode 21 has no explicit success/failure label, defaulting to 'success'.
INFO 2026-06-01 15:21:13.502 ls/utils.py:227 Reset the environment
INFO 2026-06-01 15:21:13.737 ls/utils.py:227 Re-record episode
INFO 2026-06-01 15:21:13.738 ls/utils.py:227 Recording episode 21
WARNING 2026-06-01 15:21:21.990 t_record.py:512 Episode 21 has no explicit success/failure label, defaulting to 'success'.
INFO 2026-06-01 15:21:21.991 ls/utils.py:227 Reset the environment
INFO 2026-06-01 15:21:26.321 ls/utils.py:227 Recording episode 22
WARNING 2026-06-01 15:21:27.291 t_record.py:512 Episode 22 has no explicit success/failure label, defaulting to 'success'.
INFO 2026-06-01 15:21:27.291 ls/utils.py:227 Reset the environment
INFO 2026-06-01 15:21:28.895 ls/utils.py:227 Re-record episode
INFO 2026-06-01 15:21:28.895 ls/utils.py:227 Recording episode 22
WARNING 2026-06-01 15:21:37.800 t_record.py:512 Episode 22 has no explicit success/failure label, defaulting to 'success'.
INFO 2026-06-01 15:21:37.800 ls/utils.py:227 Reset the environment
INFO 2026-06-01 15:21:42.146 ls/utils.py:227 Recording episode 23
WARNING 2026-06-01 15:21:42.984 t_record.py:512 Episode 23 has no explicit success/failure label, defaulting to 'success'.
INFO 2026-06-01 15:21:42.984 ls/utils.py:227 Reset the environment
INFO 2026-06-01 15:21:46.493 ls/utils.py:227 Re-record episode
INFO 2026-06-01 15:21:46.494 ls/utils.py:227 Recording episode 23
WARNING 2026-06-01 15:21:53.678 t_record.py:512 Episode 23 has no explicit success/failure label, defaulting to 'success'.
INFO 2026-06-01 15:21:53.678 ls/utils.py:227 Reset the environment
INFO 2026-06-01 15:21:57.537 ls/utils.py:227 Recording episode 24
WARNING 2026-06-01 15:21:59.241 t_record.py:512 Episode 24 has no explicit success/failure label, defaulting to 'success'.
INFO 2026-06-01 15:21:59.241 ls/utils.py:227 Reset the environment
INFO 2026-06-01 15:22:00.111 ls/utils.py:227 Re-record episode
INFO 2026-06-01 15:22:00.111 ls/utils.py:227 Recording episode 24
WARNING 2026-06-01 15:22:06.896 t_record.py:512 Episode 24 has no explicit success/failure label, defaulting to 'success'.
INFO 2026-06-01 15:22:06.897 ls/utils.py:227 Reset the environment
INFO 2026-06-01 15:22:22.556 ls/utils.py:227 Recording episode 25
WARNING 2026-06-01 15:22:30.074 t_record.py:512 Episode 25 has no explicit success/failure label, defaulting to 'success'.
INFO 2026-06-01 15:22:30.074 ls/utils.py:227 Reset the environment
INFO 2026-06-01 15:22:39.707 ls/utils.py:227 Recording episode 26
WARNING 2026-06-01 15:22:47.358 t_record.py:512 Episode 26 has no explicit success/failure label, defaulting to 'success'.
INFO 2026-06-01 15:22:47.358 ls/utils.py:227 Reset the environment
INFO 2026-06-01 15:22:55.410 ls/utils.py:227 Recording episode 27
WARNING 2026-06-01 15:23:02.428 t_record.py:512 Episode 27 has no explicit success/failure label, defaulting to 'success'.
INFO 2026-06-01 15:23:02.428 ls/utils.py:227 Reset the environment
INFO 2026-06-01 15:23:06.757 ls/utils.py:227 Recording episode 28
WARNING 2026-06-01 15:23:08.796 t_record.py:512 Episode 28 has no explicit success/failure label, defaulting to 'success'.
INFO 2026-06-01 15:23:08.796 ls/utils.py:227 Reset the environment
INFO 2026-06-01 15:23:09.867 ls/utils.py:227 Re-record episode
INFO 2026-06-01 15:23:09.868 ls/utils.py:227 Recording episode 28
WARNING 2026-06-01 15:23:16.788 t_record.py:512 Episode 28 has no explicit success/failure label, defaulting to 'success'.
INFO 2026-06-01 15:23:16.788 ls/utils.py:227 Reset the environment
INFO 2026-06-01 15:23:36.713 ls/utils.py:227 Recording episode 29
WARNING 2026-06-01 15:23:44.042 t_record.py:512 Episode 29 has no explicit success/failure label, defaulting to 'success'.
INFO 2026-06-01 15:23:47.902 ls/utils.py:227 Stop recording
INFO 2026-06-01 15:23:49.164 t_record.py:570 To inspect the recorded dataset, run:
  lerobot-dataset-report --dataset local_data
INFO 2026-06-01 15:23:49.180 a_opencv.py:592 OpenCVCamera(10) disconnected.
INFO 2026-06-01 15:23:49.212 a_opencv.py:592 OpenCVCamera(4) disconnected.
INFO 2026-06-01 15:23:49.212 follower.py:339 my_piper_follower PiperFollower disconnected.
INFO 2026-06-01 15:23:49.214 r_leader.py:468 my_piper_leader PiperLeader disconnected.
INFO 2026-06-01 15:23:49.214 ls/utils.py:227 Exiting
INFO 2026-06-01 15:24:50.312 t_record.py:325 Human-in-loop recording is enabled. Press 'i' to toggle takeover. Press 's' to mark success and end, 'f' to mark failure and end. Recorded `action` is the executed action. Policy output (when policy is enabled) is stored in `complementary_info.policy_action`. Collector source is stored in `complementary_info.collector_policy_id`. ACP inference: enable=False use_cfg=False cfg_beta=1.000.
INFO 2026-06-01 15:24:50.313 t_record.py:343 {'acp_inference': {'cfg_beta': 1.0, 'enable': False, 'use_cfg': False},
 'collector_policy_id_human': 'human',
 'collector_policy_id_policy': 'human',
 'communication_retry_interval_s': 0.1,
 'communication_retry_timeout_s': 2.0,
 'dataset': {'episode_time_s': 120,
             'fps': 30,
             'num_episodes': 20,
             'num_image_writer_processes': 0,
             'num_image_writer_threads_per_camera': 4,
             'private': False,
             'push_to_hub': False,
             'rename_map': {},
             'repo_id': 'local_data',
             'reset_time_s': 1,
             'root': '/home/ghr/VLA/package_data/single/evo-rl/mutipackage_subtask1_4',
             'single_task': 'Grab the package and place it on the pallet.',
             'tags': None,
             'vcodec': 'libsvtav1',
             'video': True,
             'video_encoding_batch_size': 1},
 'default_episode_success': 'failure',
 'display_compressed_images': False,
 'display_data': True,
 'display_ip': None,
 'display_port': None,
 'enable_collector_policy_id': True,
 'enable_episode_outcome_labeling': True,
 'episode_failure_key': 'f',
 'episode_success_key': 's',
 'intervention_state_machine_enabled': False,
 'intervention_toggle_key': 'i',
 'play_sounds': True,
 'policy': None,
 'policy_sync_parallel': True,
 'policy_sync_to_teleop': False,
 'require_episode_success_label': False,
 'resume': True,
 'robot': {'calibration_dir': None,
           'calibration_scale': 1000,
           'cameras': {'top': {'backend': <Cv2Backends.ANY: 0>,
                               'color_mode': <ColorMode.RGB: 'rgb'>,
                               'fourcc': None,
                               'fps': 30,
                               'height': 480,
                               'index_or_path': 4,
                               'rotation': <Cv2Rotation.NO_ROTATION: 0>,
                               'warmup_s': 1,
                               'width': 640},
                       'wrist': {'backend': <Cv2Backends.ANY: 0>,
                                 'color_mode': <ColorMode.RGB: 'rgb'>,
                                 'fourcc': None,
                                 'fps': 30,
                                 'height': 480,
                                 'index_or_path': 10,
                                 'rotation': <Cv2Rotation.NO_ROTATION: 0>,
                                 'warmup_s': 1,
                                 'width': 640}},
           'can_auto_init': True,
           'disable_on_disconnect': False,
           'enable_on_connect': True,
           'enable_timeout_s': 3.0,
           'gripper_effort_default': 1000,
           'gripper_status_code': 1,
           'high_follow': True,
           'id': 'my_piper_follower',
           'judge_flag': False,
           'log_level': 'WARNING',
           'mode_refresh_interval_s': 1.0,
           'port': 'can1',
           'require_calibration': True,
           'speed_ratio': 50,
           'startup_sleep_s': 0.1,
           'sync_gripper': True},
 'teleop': {'calibration_dir': None,
            'calibration_scale': 1000,
            'can_auto_init': True,
            'command_high_follow': True,
            'command_speed_ratio': 50,
            'disable_on_disconnect': False,
            'enable_timeout_s': 3.0,
            'fallback_to_feedback': True,
            'gravity_comp_base_rpy_deg': (0.0, 0.0, 0.0),
            'gravity_comp_control_hz': 200.0,
            'gravity_comp_mit_kd': 0.0,
            'gravity_comp_mit_kp': 0.0,
            'gravity_comp_torque_limit': 8.0,
            'gravity_comp_tx_ratio': (0.2, 0.2, 0.2, 0.2, 0.2, 0.2),
            'gripper_effort_default': 1000,
            'gripper_status_code': 1,
            'id': 'my_piper_leader',
            'judge_flag': False,
            'log_level': 'WARNING',
            'manual_control': True,
            'mode_refresh_interval_s': 1.0,
            'port': 'can0',
            'prefer_ctrl_messages': True,
            'require_calibration': True,
            'startup_sleep_s': 0.1,
            'sync_gripper': True}}
INFO 2026-06-01 15:24:50.324 t_record.py:371 dataset_features: {'action': {'dtype': 'float32', 'names': ['joint_1.pos', 'joint_2.pos', 'joint_3.pos', 'joint_4.pos', 'joint_5.pos', 'joint_6.pos', 'gripper.pos'], 'shape': (7,)}, 'observation.state': {'dtype': 'float32', 'names': ['joint_1.pos', 'joint_2.pos', 'joint_3.pos', 'joint_4.pos', 'joint_5.pos', 'joint_6.pos', 'gripper.pos'], 'shape': (7,)}, 'observation.images.wrist': {'dtype': 'video', 'shape': (480, 640, 3), 'names': ['height', 'width', 'channels']}, 'observation.images.top': {'dtype': 'video', 'shape': (480, 640, 3), 'names': ['height', 'width', 'channels']}}
INFO 2026-06-01 15:24:50.324 t_record.py:382 dataset_features: {'action': {'dtype': 'float32', 'names': ['joint_1.pos', 'joint_2.pos', 'joint_3.pos', 'joint_4.pos', 'joint_5.pos', 'joint_6.pos', 'gripper.pos'], 'shape': (7,)}, 'observation.state': {'dtype': 'float32', 'names': ['joint_1.pos', 'joint_2.pos', 'joint_3.pos', 'joint_4.pos', 'joint_5.pos', 'joint_6.pos', 'gripper.pos'], 'shape': (7,)}, 'observation.images.wrist': {'dtype': 'video', 'shape': (480, 640, 3), 'names': ['height', 'width', 'channels']}, 'observation.images.top': {'dtype': 'video', 'shape': (480, 640, 3), 'names': ['height', 'width', 'channels']}, 'complementary_info.policy_action': {'dtype': 'float32', 'shape': (7,), 'names': ['joint_1.pos', 'joint_2.pos', 'joint_3.pos', 'joint_4.pos', 'joint_5.pos', 'joint_6.pos', 'gripper.pos']}, 'complementary_info.is_intervention': {'dtype': 'float32', 'shape': (1,), 'names': ['is_intervention']}, 'complementary_info.state': {'dtype': 'float32', 'shape': (1,), 'names': ['state']}, 'complementary_info.collector_policy_id': {'dtype': 'string', 'shape': (1,), 'names': ['collector_policy_id']}}
INFO 2026-06-01 15:24:51.775 a_opencv.py:179 OpenCVCamera(10) connected.
INFO 2026-06-01 15:24:52.990 a_opencv.py:179 OpenCVCamera(4) connected.
INFO 2026-06-01 15:24:52.990 follower.py:139 my_piper_follower PiperFollower connected.
INFO 2026-06-01 15:24:53.826 r_leader.py:130 my_piper_leader PiperLeader connected.
INFO 2026-06-01 15:24:53.827 t_record.py:446 robot and teleop all conected
INFO 2026-06-01 15:24:53.828 ls/utils.py:227 Recording episode 30
WARNING 2026-06-01 15:24:55.032 t_record.py:512 Episode 30 has no explicit success/failure label, defaulting to 'success'.
INFO 2026-06-01 15:24:55.032 ls/utils.py:227 Reset the environment
INFO 2026-06-01 15:24:58.841 ls/utils.py:227 Re-record episode
INFO 2026-06-01 15:24:58.842 ls/utils.py:227 Recording episode 30
WARNING 2026-06-01 15:25:05.858 t_record.py:512 Episode 30 has no explicit success/failure label, defaulting to 'success'.
INFO 2026-06-01 15:25:05.858 ls/utils.py:227 Reset the environment
INFO 2026-06-01 15:25:16.499 ls/utils.py:227 Recording episode 31
WARNING 2026-06-01 15:25:17.970 t_record.py:512 Episode 31 has no explicit success/failure label, defaulting to 'success'.
INFO 2026-06-01 15:25:17.970 ls/utils.py:227 Reset the environment
INFO 2026-06-01 15:25:19.875 ls/utils.py:227 Re-record episode
INFO 2026-06-01 15:25:19.875 ls/utils.py:227 Recording episode 31
WARNING 2026-06-01 15:25:27.828 t_record.py:512 Episode 31 has no explicit success/failure label, defaulting to 'success'.
INFO 2026-06-01 15:25:27.828 ls/utils.py:227 Reset the environment
INFO 2026-06-01 15:25:38.609 ls/utils.py:227 Recording episode 32
WARNING 2026-06-01 15:25:45.560 t_record.py:512 Episode 32 has no explicit success/failure label, defaulting to 'success'.
INFO 2026-06-01 15:25:45.560 ls/utils.py:227 Reset the environment
INFO 2026-06-01 15:25:49.302 ls/utils.py:227 Recording episode 33
WARNING 2026-06-01 15:25:50.438 t_record.py:512 Episode 33 has no explicit success/failure label, defaulting to 'success'.
INFO 2026-06-01 15:25:50.438 ls/utils.py:227 Reset the environment
INFO 2026-06-01 15:25:51.675 ls/utils.py:227 Re-record episode
INFO 2026-06-01 15:25:51.675 ls/utils.py:227 Recording episode 33
WARNING 2026-06-01 15:25:58.408 t_record.py:512 Episode 33 has no explicit success/failure label, defaulting to 'success'.
INFO 2026-06-01 15:25:58.408 ls/utils.py:227 Reset the environment
INFO 2026-06-01 15:26:07.762 ls/utils.py:227 Recording episode 34
WARNING 2026-06-01 15:26:08.498 t_record.py:512 Episode 34 has no explicit success/failure label, defaulting to 'success'.
INFO 2026-06-01 15:26:08.498 ls/utils.py:227 Reset the environment
INFO 2026-06-01 15:26:11.841 ls/utils.py:227 Re-record episode
INFO 2026-06-01 15:26:11.842 ls/utils.py:227 Recording episode 34
WARNING 2026-06-01 15:26:19.102 t_record.py:512 Episode 34 has no explicit success/failure label, defaulting to 'success'.
INFO 2026-06-01 15:26:19.102 ls/utils.py:227 Reset the environment
INFO 2026-06-01 15:26:29.973 ls/utils.py:227 Recording episode 35
WARNING 2026-06-01 15:26:37.525 t_record.py:512 Episode 35 has no explicit success/failure label, defaulting to 'success'.
INFO 2026-06-01 15:26:37.526 ls/utils.py:227 Reset the environment
INFO 2026-06-01 15:26:42.508 ls/utils.py:227 Recording episode 36
WARNING 2026-06-01 15:26:43.678 t_record.py:512 Episode 36 has no explicit success/failure label, defaulting to 'success'.
INFO 2026-06-01 15:26:43.678 ls/utils.py:227 Reset the environment
INFO 2026-06-01 15:26:44.715 ls/utils.py:227 Re-record episode
INFO 2026-06-01 15:26:44.716 ls/utils.py:227 Recording episode 36
WARNING 2026-06-01 15:26:51.966 t_record.py:512 Episode 36 has no explicit success/failure label, defaulting to 'success'.
INFO 2026-06-01 15:26:51.966 ls/utils.py:227 Reset the environment
INFO 2026-06-01 15:27:09.801 ls/utils.py:227 Recording episode 37
WARNING 2026-06-01 15:27:16.250 t_record.py:512 Episode 37 has no explicit success/failure label, defaulting to 'success'.
INFO 2026-06-01 15:27:16.250 ls/utils.py:227 Reset the environment
INFO 2026-06-01 15:27:20.236 ls/utils.py:227 Recording episode 38
WARNING 2026-06-01 15:27:22.676 t_record.py:512 Episode 38 has no explicit success/failure label, defaulting to 'success'.
INFO 2026-06-01 15:27:22.676 ls/utils.py:227 Reset the environment
INFO 2026-06-01 15:27:24.146 ls/utils.py:227 Re-record episode
INFO 2026-06-01 15:27:24.147 ls/utils.py:227 Recording episode 38
WARNING 2026-06-01 15:27:31.230 t_record.py:512 Episode 38 has no explicit success/failure label, defaulting to 'success'.
INFO 2026-06-01 15:27:31.230 ls/utils.py:227 Reset the environment
INFO 2026-06-01 15:27:35.437 ls/utils.py:227 Recording episode 39
WARNING 2026-06-01 15:27:36.340 t_record.py:512 Episode 39 has no explicit success/failure label, defaulting to 'success'.
INFO 2026-06-01 15:27:36.340 ls/utils.py:227 Reset the environment
INFO 2026-06-01 15:27:39.648 ls/utils.py:227 Re-record episode
INFO 2026-06-01 15:27:39.649 ls/utils.py:227 Recording episode 39
WARNING 2026-06-01 15:27:46.599 t_record.py:512 Episode 39 has no explicit success/failure label, defaulting to 'success'.
INFO 2026-06-01 15:27:46.599 ls/utils.py:227 Reset the environment
INFO 2026-06-01 15:27:50.297 ls/utils.py:227 Recording episode 40
WARNING 2026-06-01 15:27:51.267 t_record.py:512 Episode 40 has no explicit success/failure label, defaulting to 'success'.
INFO 2026-06-01 15:27:51.267 ls/utils.py:227 Reset the environment
INFO 2026-06-01 15:27:52.604 ls/utils.py:227 Re-record episode
INFO 2026-06-01 15:27:52.605 ls/utils.py:227 Recording episode 40
WARNING 2026-06-01 15:28:00.223 t_record.py:512 Episode 40 has no explicit success/failure label, defaulting to 'success'.
INFO 2026-06-01 15:28:00.223 ls/utils.py:227 Reset the environment
INFO 2026-06-01 15:28:04.465 ls/utils.py:227 Recording episode 41
WARNING 2026-06-01 15:28:05.303 t_record.py:512 Episode 41 has no explicit success/failure label, defaulting to 'success'.
INFO 2026-06-01 15:28:05.303 ls/utils.py:227 Reset the environment
INFO 2026-06-01 15:28:07.174 ls/utils.py:227 Re-record episode
INFO 2026-06-01 15:28:07.175 ls/utils.py:227 Recording episode 41
WARNING 2026-06-01 15:28:14.825 t_record.py:512 Episode 41 has no explicit success/failure label, defaulting to 'success'.
INFO 2026-06-01 15:28:14.825 ls/utils.py:227 Reset the environment
INFO 2026-06-01 15:28:18.785 ls/utils.py:227 Recording episode 42
WARNING 2026-06-01 15:28:19.588 t_record.py:512 Episode 42 has no explicit success/failure label, defaulting to 'success'.
INFO 2026-06-01 15:28:19.588 ls/utils.py:227 Reset the environment
INFO 2026-06-01 15:28:21.994 ls/utils.py:227 Re-record episode
INFO 2026-06-01 15:28:21.995 ls/utils.py:227 Recording episode 42
WARNING 2026-06-01 15:28:30.616 t_record.py:512 Episode 42 has no explicit success/failure label, defaulting to 'success'.
INFO 2026-06-01 15:28:30.616 ls/utils.py:227 Reset the environment
INFO 2026-06-01 15:28:34.831 ls/utils.py:227 Recording episode 43
WARNING 2026-06-01 15:28:39.843 t_record.py:512 Episode 43 has no explicit success/failure label, defaulting to 'success'.
INFO 2026-06-01 15:28:39.844 ls/utils.py:227 Reset the environment
INFO 2026-06-01 15:28:40.446 ls/utils.py:227 Re-record episode
INFO 2026-06-01 15:28:40.447 ls/utils.py:227 Recording episode 43
WARNING 2026-06-01 15:28:48.038 t_record.py:512 Episode 43 has no explicit success/failure label, defaulting to 'success'.
INFO 2026-06-01 15:28:48.038 ls/utils.py:227 Reset the environment
INFO 2026-06-01 15:28:51.874 ls/utils.py:227 Recording episode 44
WARNING 2026-06-01 15:29:00.662 t_record.py:512 Episode 44 has no explicit success/failure label, defaulting to 'success'.
INFO 2026-06-01 15:29:00.662 ls/utils.py:227 Reset the environment
INFO 2026-06-01 15:29:12.810 ls/utils.py:227 Re-record episode
INFO 2026-06-01 15:29:12.812 ls/utils.py:227 Recording episode 44
WARNING 2026-06-01 15:29:20.530 t_record.py:512 Episode 44 has no explicit success/failure label, defaulting to 'success'.
INFO 2026-06-01 15:29:20.530 ls/utils.py:227 Reset the environment
INFO 2026-06-01 15:29:33.058 ls/utils.py:227 Recording episode 45
WARNING 2026-06-01 15:29:40.778 t_record.py:512 Episode 45 has no explicit success/failure label, defaulting to 'success'.
INFO 2026-06-01 15:29:40.779 ls/utils.py:227 Reset the environment
INFO 2026-06-01 15:29:53.219 ls/utils.py:227 Recording episode 46
WARNING 2026-06-01 15:29:53.690 t_record.py:512 Episode 46 has no explicit success/failure label, defaulting to 'success'.
INFO 2026-06-01 15:29:53.690 ls/utils.py:227 Reset the environment
INFO 2026-06-01 15:29:55.026 ls/utils.py:227 Re-record episode
INFO 2026-06-01 15:29:55.027 ls/utils.py:227 Recording episode 46
WARNING 2026-06-01 15:30:02.284 t_record.py:512 Episode 46 has no explicit success/failure label, defaulting to 'success'.
INFO 2026-06-01 15:30:02.284 ls/utils.py:227 Reset the environment
INFO 2026-06-01 15:30:07.042 ls/utils.py:227 Recording episode 47
WARNING 2026-06-01 15:30:15.395 t_record.py:512 Episode 47 has no explicit success/failure label, defaulting to 'success'.
INFO 2026-06-01 15:30:15.395 ls/utils.py:227 Reset the environment
INFO 2026-06-01 15:30:20.085 ls/utils.py:227 Recording episode 48
WARNING 2026-06-01 15:30:20.923 t_record.py:512 Episode 48 has no explicit success/failure label, defaulting to 'success'.
INFO 2026-06-01 15:30:20.923 ls/utils.py:227 Reset the environment
INFO 2026-06-01 15:30:21.391 ls/utils.py:227 Re-record episode
INFO 2026-06-01 15:30:21.392 ls/utils.py:227 Recording episode 48
WARNING 2026-06-01 15:30:30.913 t_record.py:512 Episode 48 has no explicit success/failure label, defaulting to 'success'.
INFO 2026-06-01 15:30:30.913 ls/utils.py:227 Reset the environment
INFO 2026-06-01 15:30:39.425 ls/utils.py:227 Recording episode 49
WARNING 2026-06-01 15:30:46.877 t_record.py:512 Episode 49 has no explicit success/failure label, defaulting to 'success'.
INFO 2026-06-01 15:30:50.804 ls/utils.py:227 Stop recording
INFO 2026-06-01 15:30:52.065 t_record.py:570 To inspect the recorded dataset, run:
  lerobot-dataset-report --dataset local_data
INFO 2026-06-01 15:30:52.097 a_opencv.py:592 OpenCVCamera(10) disconnected.
INFO 2026-06-01 15:30:52.109 a_opencv.py:592 OpenCVCamera(4) disconnected.
INFO 2026-06-01 15:30:52.109 follower.py:339 my_piper_follower PiperFollower disconnected.
INFO 2026-06-01 15:30:52.113 r_leader.py:468 my_piper_leader PiperLeader disconnected.
INFO 2026-06-01 15:30:52.113 ls/utils.py:227 Exiting
INFO 2026-06-01 16:35:39.391 t_record.py:325 Human-in-loop recording is enabled. Press 'i' to toggle takeover. Press 's' to mark success and end, 'f' to mark failure and end. Recorded `action` is the executed action. Policy output (when policy is enabled) is stored in `complementary_info.policy_action`. Collector source is stored in `complementary_info.collector_policy_id`. ACP inference: enable=False use_cfg=False cfg_beta=1.000.
INFO 2026-06-01 16:35:39.392 t_record.py:343 {'acp_inference': {'cfg_beta': 1.0, 'enable': False, 'use_cfg': False},
 'collector_policy_id_human': 'human',
 'collector_policy_id_policy': 'human',
 'communication_retry_interval_s': 0.1,
 'communication_retry_timeout_s': 2.0,
 'dataset': {'episode_time_s': 120,
             'fps': 30,
             'num_episodes': 50,
             'num_image_writer_processes': 0,
             'num_image_writer_threads_per_camera': 4,
             'private': False,
             'push_to_hub': False,
             'rename_map': {},
             'repo_id': 'local_data',
             'reset_time_s': 1,
             'root': '/home/ghr/VLA/package_data/single/evo-rl/mutipackage_subtask2_4',
             'single_task': 'Flip the package if the barcode is not facing up.',
             'tags': None,
             'vcodec': 'libsvtav1',
             'video': True,
             'video_encoding_batch_size': 1},
 'default_episode_success': 'failure',
 'display_compressed_images': False,
 'display_data': True,
 'display_ip': None,
 'display_port': None,
 'enable_collector_policy_id': True,
 'enable_episode_outcome_labeling': True,
 'episode_failure_key': 'f',
 'episode_success_key': 's',
 'intervention_state_machine_enabled': False,
 'intervention_toggle_key': 'i',
 'play_sounds': True,
 'policy': None,
 'policy_sync_parallel': True,
 'policy_sync_to_teleop': False,
 'require_episode_success_label': False,
 'resume': False,
 'robot': {'calibration_dir': None,
           'calibration_scale': 1000,
           'cameras': {'top': {'backend': <Cv2Backends.ANY: 0>,
                               'color_mode': <ColorMode.RGB: 'rgb'>,
                               'fourcc': None,
                               'fps': 30,
                               'height': 480,
                               'index_or_path': 4,
                               'rotation': <Cv2Rotation.NO_ROTATION: 0>,
                               'warmup_s': 1,
                               'width': 640},
                       'wrist': {'backend': <Cv2Backends.ANY: 0>,
                                 'color_mode': <ColorMode.RGB: 'rgb'>,
                                 'fourcc': None,
                                 'fps': 30,
                                 'height': 480,
                                 'index_or_path': 10,
                                 'rotation': <Cv2Rotation.NO_ROTATION: 0>,
                                 'warmup_s': 1,
                                 'width': 640}},
           'can_auto_init': True,
           'disable_on_disconnect': False,
           'enable_on_connect': True,
           'enable_timeout_s': 3.0,
           'gripper_effort_default': 1000,
           'gripper_status_code': 1,
           'high_follow': True,
           'id': 'my_piper_follower',
           'judge_flag': False,
           'log_level': 'WARNING',
           'mode_refresh_interval_s': 1.0,
           'port': 'can1',
           'require_calibration': True,
           'speed_ratio': 50,
           'startup_sleep_s': 0.1,
           'sync_gripper': True},
 'teleop': {'calibration_dir': None,
            'calibration_scale': 1000,
            'can_auto_init': True,
            'command_high_follow': True,
            'command_speed_ratio': 50,
            'disable_on_disconnect': False,
            'enable_timeout_s': 3.0,
            'fallback_to_feedback': True,
            'gravity_comp_base_rpy_deg': (0.0, 0.0, 0.0),
            'gravity_comp_control_hz': 200.0,
            'gravity_comp_mit_kd': 0.0,
            'gravity_comp_mit_kp': 0.0,
            'gravity_comp_torque_limit': 8.0,
            'gravity_comp_tx_ratio': (0.2, 0.2, 0.2, 0.2, 0.2, 0.2),
            'gripper_effort_default': 1000,
            'gripper_status_code': 1,
            'id': 'my_piper_leader',
            'judge_flag': False,
            'log_level': 'WARNING',
            'manual_control': True,
            'mode_refresh_interval_s': 1.0,
            'port': 'can0',
            'prefer_ctrl_messages': True,
            'require_calibration': True,
            'startup_sleep_s': 0.1,
            'sync_gripper': True}}
INFO 2026-06-01 16:35:39.635 t_record.py:371 dataset_features: {'action': {'dtype': 'float32', 'names': ['joint_1.pos', 'joint_2.pos', 'joint_3.pos', 'joint_4.pos', 'joint_5.pos', 'joint_6.pos', 'gripper.pos'], 'shape': (7,)}, 'observation.state': {'dtype': 'float32', 'names': ['joint_1.pos', 'joint_2.pos', 'joint_3.pos', 'joint_4.pos', 'joint_5.pos', 'joint_6.pos', 'gripper.pos'], 'shape': (7,)}, 'observation.images.wrist': {'dtype': 'video', 'shape': (480, 640, 3), 'names': ['height', 'width', 'channels']}, 'observation.images.top': {'dtype': 'video', 'shape': (480, 640, 3), 'names': ['height', 'width', 'channels']}}
INFO 2026-06-01 16:35:39.635 t_record.py:382 dataset_features: {'action': {'dtype': 'float32', 'names': ['joint_1.pos', 'joint_2.pos', 'joint_3.pos', 'joint_4.pos', 'joint_5.pos', 'joint_6.pos', 'gripper.pos'], 'shape': (7,)}, 'observation.state': {'dtype': 'float32', 'names': ['joint_1.pos', 'joint_2.pos', 'joint_3.pos', 'joint_4.pos', 'joint_5.pos', 'joint_6.pos', 'gripper.pos'], 'shape': (7,)}, 'observation.images.wrist': {'dtype': 'video', 'shape': (480, 640, 3), 'names': ['height', 'width', 'channels']}, 'observation.images.top': {'dtype': 'video', 'shape': (480, 640, 3), 'names': ['height', 'width', 'channels']}, 'complementary_info.policy_action': {'dtype': 'float32', 'shape': (7,), 'names': ['joint_1.pos', 'joint_2.pos', 'joint_3.pos', 'joint_4.pos', 'joint_5.pos', 'joint_6.pos', 'gripper.pos']}, 'complementary_info.is_intervention': {'dtype': 'float32', 'shape': (1,), 'names': ['is_intervention']}, 'complementary_info.state': {'dtype': 'float32', 'shape': (1,), 'names': ['state']}, 'complementary_info.collector_policy_id': {'dtype': 'string', 'shape': (1,), 'names': ['collector_policy_id']}}
INFO 2026-06-01 16:35:40.997 a_opencv.py:179 OpenCVCamera(10) connected.
INFO 2026-06-01 16:35:42.211 a_opencv.py:179 OpenCVCamera(4) connected.
INFO 2026-06-01 16:35:42.212 follower.py:139 my_piper_follower PiperFollower connected.
INFO 2026-06-01 16:35:43.448 r_leader.py:130 my_piper_leader PiperLeader connected.
INFO 2026-06-01 16:35:43.448 t_record.py:446 robot and teleop all conected
INFO 2026-06-01 16:35:43.449 ls/utils.py:227 Recording episode 0
WARNING 2026-06-01 16:35:56.471 t_record.py:512 Episode 0 has no explicit success/failure label, defaulting to 'success'.
INFO 2026-06-01 16:35:56.472 ls/utils.py:227 Reset the environment
INFO 2026-06-01 16:37:56.655 ls/utils.py:227 Re-record episode
INFO 2026-06-01 16:37:56.656 ls/utils.py:227 Recording episode 0
WARNING 2026-06-01 16:38:20.339 t_record.py:512 Episode 0 has no explicit success/failure label, defaulting to 'success'.
INFO 2026-06-01 16:38:20.339 ls/utils.py:227 Reset the environment
INFO 2026-06-01 16:38:21.245 ls/utils.py:227 Re-record episode
INFO 2026-06-01 16:38:21.247 ls/utils.py:227 Recording episode 0
WARNING 2026-06-01 16:38:31.591 t_record.py:512 Episode 0 has no explicit success/failure label, defaulting to 'success'.
INFO 2026-06-01 16:38:31.591 ls/utils.py:227 Reset the environment
INFO 2026-06-01 16:38:46.447 ls/utils.py:227 Recording episode 1
WARNING 2026-06-01 16:38:56.950 t_record.py:512 Episode 1 has no explicit success/failure label, defaulting to 'success'.
INFO 2026-06-01 16:38:56.950 ls/utils.py:227 Reset the environment
INFO 2026-06-01 16:39:06.772 ls/utils.py:227 Recording episode 2
WARNING 2026-06-01 16:39:16.569 t_record.py:512 Episode 2 has no explicit success/failure label, defaulting to 'success'.
INFO 2026-06-01 16:39:16.569 ls/utils.py:227 Reset the environment
INFO 2026-06-01 16:39:21.052 ls/utils.py:227 Recording episode 3
WARNING 2026-06-01 16:39:21.988 t_record.py:512 Episode 3 has no explicit success/failure label, defaulting to 'success'.
INFO 2026-06-01 16:39:21.988 ls/utils.py:227 Reset the environment
INFO 2026-06-01 16:39:22.289 ls/utils.py:227 Re-record episode
INFO 2026-06-01 16:39:22.290 ls/utils.py:227 Recording episode 3
WARNING 2026-06-01 16:39:27.138 t_record.py:512 Episode 3 has no explicit success/failure label, defaulting to 'success'.
INFO 2026-06-01 16:39:27.138 ls/utils.py:227 Reset the environment
INFO 2026-06-01 16:39:31.753 ls/utils.py:227 Re-record episode
INFO 2026-06-01 16:39:31.754 ls/utils.py:227 Recording episode 3
WARNING 2026-06-01 16:39:40.960 t_record.py:512 Episode 3 has no explicit success/failure label, defaulting to 'success'.
INFO 2026-06-01 16:39:40.960 ls/utils.py:227 Reset the environment
INFO 2026-06-01 16:39:45.631 ls/utils.py:227 Recording episode 4
WARNING 2026-06-01 16:39:55.205 t_record.py:512 Episode 4 has no explicit success/failure label, defaulting to 'success'.
INFO 2026-06-01 16:39:55.205 ls/utils.py:227 Reset the environment
INFO 2026-06-01 16:40:08.090 ls/utils.py:227 Recording episode 5
WARNING 2026-06-01 16:40:20.083 t_record.py:512 Episode 5 has no explicit success/failure label, defaulting to 'success'.
INFO 2026-06-01 16:40:20.083 ls/utils.py:227 Reset the environment
INFO 2026-06-01 16:40:26.668 ls/utils.py:227 Recording episode 6
WARNING 2026-06-01 16:40:28.908 t_record.py:512 Episode 6 has no explicit success/failure label, defaulting to 'success'.
INFO 2026-06-01 16:40:28.908 ls/utils.py:227 Reset the environment
INFO 2026-06-01 16:40:29.343 ls/utils.py:227 Re-record episode
INFO 2026-06-01 16:40:29.343 ls/utils.py:227 Recording episode 6
WARNING 2026-06-01 16:40:39.366 t_record.py:512 Episode 6 has no explicit success/failure label, defaulting to 'success'.
INFO 2026-06-01 16:40:39.366 ls/utils.py:227 Reset the environment
INFO 2026-06-01 16:40:43.990 ls/utils.py:227 Recording episode 7
WARNING 2026-06-01 16:40:45.962 t_record.py:512 Episode 7 has no explicit success/failure label, defaulting to 'success'.
INFO 2026-06-01 16:40:45.962 ls/utils.py:227 Reset the environment
INFO 2026-06-01 16:40:46.363 ls/utils.py:227 Re-record episode
INFO 2026-06-01 16:40:46.364 ls/utils.py:227 Recording episode 7
WARNING 2026-06-01 16:40:56.179 t_record.py:512 Episode 7 has no explicit success/failure label, defaulting to 'success'.
INFO 2026-06-01 16:40:56.179 ls/utils.py:227 Reset the environment
INFO 2026-06-01 16:41:00.785 ls/utils.py:227 Recording episode 8
WARNING 2026-06-01 16:41:10.875 t_record.py:512 Episode 8 has no explicit success/failure label, defaulting to 'success'.
INFO 2026-06-01 16:41:10.875 ls/utils.py:227 Reset the environment
INFO 2026-06-01 16:41:15.617 ls/utils.py:227 Recording episode 9
WARNING 2026-06-01 16:41:25.575 t_record.py:512 Episode 9 has no explicit success/failure label, defaulting to 'success'.
INFO 2026-06-01 16:41:25.575 ls/utils.py:227 Reset the environment
INFO 2026-06-01 16:43:17.219 ls/utils.py:227 Recording episode 10
WARNING 2026-06-01 16:43:19.124 t_record.py:512 Episode 10 has no explicit success/failure label, defaulting to 'success'.
INFO 2026-06-01 16:43:19.124 ls/utils.py:227 Reset the environment
INFO 2026-06-01 16:43:19.326 ls/utils.py:227 Re-record episode
INFO 2026-06-01 16:43:19.326 ls/utils.py:227 Recording episode 10
WARNING 2026-06-01 16:43:29.447 t_record.py:512 Episode 10 has no explicit success/failure label, defaulting to 'success'.
INFO 2026-06-01 16:43:29.447 ls/utils.py:227 Reset the environment
INFO 2026-06-01 16:43:36.998 ls/utils.py:227 Recording episode 11
WARNING 2026-06-01 16:43:47.322 t_record.py:512 Episode 11 has no explicit success/failure label, defaulting to 'success'.
INFO 2026-06-01 16:43:47.322 ls/utils.py:227 Reset the environment
INFO 2026-06-01 16:43:47.589 ls/utils.py:227 Re-record episode
INFO 2026-06-01 16:43:47.591 ls/utils.py:227 Recording episode 11
WARNING 2026-06-01 16:43:50.668 t_record.py:512 Episode 11 has no explicit success/failure label, defaulting to 'success'.
INFO 2026-06-01 16:43:50.668 ls/utils.py:227 Reset the environment
INFO 2026-06-01 16:43:54.512 ls/utils.py:227 Re-record episode
INFO 2026-06-01 16:43:54.513 ls/utils.py:227 Recording episode 11
WARNING 2026-06-01 16:44:05.687 t_record.py:512 Episode 11 has no explicit success/failure label, defaulting to 'success'.
INFO 2026-06-01 16:44:05.687 ls/utils.py:227 Reset the environment
INFO 2026-06-01 16:44:16.251 ls/utils.py:227 Recording episode 12
WARNING 2026-06-01 16:44:27.689 t_record.py:512 Episode 12 has no explicit success/failure label, defaulting to 'success'.
INFO 2026-06-01 16:44:27.689 ls/utils.py:227 Reset the environment
INFO 2026-06-01 16:44:41.788 ls/utils.py:227 Recording episode 13
WARNING 2026-06-01 16:44:49.466 t_record.py:512 Episode 13 has no explicit success/failure label, defaulting to 'success'.
INFO 2026-06-01 16:44:49.466 ls/utils.py:227 Reset the environment
INFO 2026-06-01 16:44:53.960 ls/utils.py:227 Re-record episode
INFO 2026-06-01 16:44:53.960 ls/utils.py:227 Recording episode 13
WARNING 2026-06-01 16:45:04.207 t_record.py:512 Episode 13 has no explicit success/failure label, defaulting to 'success'.
INFO 2026-06-01 16:45:04.207 ls/utils.py:227 Reset the environment
INFO 2026-06-01 16:45:14.157 ls/utils.py:227 Recording episode 14
WARNING 2026-06-01 16:45:24.249 t_record.py:512 Episode 14 has no explicit success/failure label, defaulting to 'success'.
INFO 2026-06-01 16:45:24.249 ls/utils.py:227 Reset the environment
INFO 2026-06-01 16:45:29.894 ls/utils.py:227 Recording episode 15
WARNING 2026-06-01 16:45:39.507 t_record.py:512 Episode 15 has no explicit success/failure label, defaulting to 'success'.
INFO 2026-06-01 16:45:39.507 ls/utils.py:227 Reset the environment
INFO 2026-06-01 16:45:44.510 ls/utils.py:227 Recording episode 16
WARNING 2026-06-01 16:45:53.587 t_record.py:512 Episode 16 has no explicit success/failure label, defaulting to 'success'.
INFO 2026-06-01 16:45:53.587 ls/utils.py:227 Reset the environment
INFO 2026-06-01 16:45:58.968 ls/utils.py:227 Recording episode 17
WARNING 2026-06-01 16:46:08.200 t_record.py:512 Episode 17 has no explicit success/failure label, defaulting to 'success'.
INFO 2026-06-01 16:46:08.200 ls/utils.py:227 Reset the environment
INFO 2026-06-01 16:46:20.228 ls/utils.py:227 Recording episode 18
WARNING 2026-06-01 16:46:30.098 t_record.py:512 Episode 18 has no explicit success/failure label, defaulting to 'success'.
INFO 2026-06-01 16:46:30.098 ls/utils.py:227 Reset the environment
INFO 2026-06-01 16:46:37.550 ls/utils.py:227 Recording episode 19
WARNING 2026-06-01 16:46:47.349 t_record.py:512 Episode 19 has no explicit success/failure label, defaulting to 'success'.
INFO 2026-06-01 16:46:47.349 ls/utils.py:227 Reset the environment
INFO 2026-06-01 16:46:56.592 ls/utils.py:227 Recording episode 20
WARNING 2026-06-01 16:46:57.095 t_record.py:512 Episode 20 has no explicit success/failure label, defaulting to 'success'.
INFO 2026-06-01 16:46:57.095 ls/utils.py:227 Reset the environment
INFO 2026-06-01 16:47:07.487 ls/utils.py:227 Re-record episode
INFO 2026-06-01 16:47:07.488 ls/utils.py:227 Recording episode 20
WARNING 2026-06-01 16:47:17.745 t_record.py:512 Episode 20 has no explicit success/failure label, defaulting to 'success'.
INFO 2026-06-01 16:47:17.745 ls/utils.py:227 Reset the environment
INFO 2026-06-01 16:47:23.111 ls/utils.py:227 Recording episode 21
WARNING 2026-06-01 16:47:23.547 t_record.py:512 Episode 21 has no explicit success/failure label, defaulting to 'success'.
INFO 2026-06-01 16:47:23.547 ls/utils.py:227 Reset the environment
INFO 2026-06-01 16:47:24.016 ls/utils.py:227 Re-record episode
INFO 2026-06-01 16:47:24.018 ls/utils.py:227 Recording episode 21
WARNING 2026-06-01 16:47:33.910 t_record.py:512 Episode 21 has no explicit success/failure label, defaulting to 'success'.
INFO 2026-06-01 16:47:33.910 ls/utils.py:227 Reset the environment
INFO 2026-06-01 16:47:39.324 ls/utils.py:227 Recording episode 22
WARNING 2026-06-01 16:47:47.948 t_record.py:512 Episode 22 has no explicit success/failure label, defaulting to 'success'.
INFO 2026-06-01 16:47:47.948 ls/utils.py:227 Reset the environment
INFO 2026-06-01 16:47:53.149 ls/utils.py:227 Recording episode 23
WARNING 2026-06-01 16:47:54.788 t_record.py:512 Episode 23 has no explicit success/failure label, defaulting to 'success'.
INFO 2026-06-01 16:47:54.788 ls/utils.py:227 Reset the environment
INFO 2026-06-01 16:47:55.190 ls/utils.py:227 Re-record episode
INFO 2026-06-01 16:47:55.190 ls/utils.py:227 Recording episode 23
WARNING 2026-06-01 16:48:05.118 t_record.py:512 Episode 23 has no explicit success/failure label, defaulting to 'success'.
INFO 2026-06-01 16:48:05.118 ls/utils.py:227 Reset the environment
INFO 2026-06-01 16:48:14.961 ls/utils.py:227 Recording episode 24
WARNING 2026-06-01 16:48:24.254 t_record.py:512 Episode 24 has no explicit success/failure label, defaulting to 'success'.
INFO 2026-06-01 16:48:24.254 ls/utils.py:227 Reset the environment
INFO 2026-06-01 16:48:30.420 ls/utils.py:227 Recording episode 25
WARNING 2026-06-01 16:48:32.058 t_record.py:512 Episode 25 has no explicit success/failure label, defaulting to 'success'.
INFO 2026-06-01 16:48:32.058 ls/utils.py:227 Reset the environment
INFO 2026-06-01 16:48:32.226 ls/utils.py:227 Re-record episode
INFO 2026-06-01 16:48:32.227 ls/utils.py:227 Recording episode 25
WARNING 2026-06-01 16:48:41.486 t_record.py:512 Episode 25 has no explicit success/failure label, defaulting to 'success'.
INFO 2026-06-01 16:48:41.486 ls/utils.py:227 Reset the environment
INFO 2026-06-01 16:48:47.113 ls/utils.py:227 Recording episode 26
WARNING 2026-06-01 16:48:57.415 t_record.py:512 Episode 26 has no explicit success/failure label, defaulting to 'success'.
INFO 2026-06-01 16:48:57.415 ls/utils.py:227 Reset the environment
INFO 2026-06-01 16:49:09.939 ls/utils.py:227 Recording episode 27
WARNING 2026-06-01 16:49:19.932 t_record.py:512 Episode 27 has no explicit success/failure label, defaulting to 'success'.
INFO 2026-06-01 16:49:19.932 ls/utils.py:227 Reset the environment
INFO 2026-06-01 16:49:30.385 ls/utils.py:227 Recording episode 28
WARNING 2026-06-01 16:49:41.457 t_record.py:512 Episode 28 has no explicit success/failure label, defaulting to 'success'.
INFO 2026-06-01 16:49:41.457 ls/utils.py:227 Reset the environment
INFO 2026-06-01 16:50:36.656 ls/utils.py:227 Recording episode 29
WARNING 2026-06-01 16:50:46.301 t_record.py:512 Episode 29 has no explicit success/failure label, defaulting to 'success'.
INFO 2026-06-01 16:50:46.301 ls/utils.py:227 Reset the environment
INFO 2026-06-01 16:50:56.445 ls/utils.py:227 Recording episode 30
WARNING 2026-06-01 16:51:05.407 t_record.py:512 Episode 30 has no explicit success/failure label, defaulting to 'success'.
INFO 2026-06-01 16:51:05.407 ls/utils.py:227 Reset the environment
INFO 2026-06-01 16:51:13.744 ls/utils.py:227 Recording episode 31
WARNING 2026-06-01 16:51:22.966 t_record.py:512 Episode 31 has no explicit success/failure label, defaulting to 'success'.
INFO 2026-06-01 16:51:22.966 ls/utils.py:227 Reset the environment
INFO 2026-06-01 16:51:34.074 ls/utils.py:227 Recording episode 32
WARNING 2026-06-01 16:51:35.882 t_record.py:512 Episode 32 has no explicit success/failure label, defaulting to 'success'.
INFO 2026-06-01 16:51:35.883 ls/utils.py:227 Reset the environment
INFO 2026-06-01 16:51:36.217 ls/utils.py:227 Re-record episode
INFO 2026-06-01 16:51:36.218 ls/utils.py:227 Recording episode 32
WARNING 2026-06-01 16:51:45.874 t_record.py:512 Episode 32 has no explicit success/failure label, defaulting to 'success'.
INFO 2026-06-01 16:51:45.874 ls/utils.py:227 Reset the environment
INFO 2026-06-01 16:51:48.048 ls/utils.py:227 Re-record episode
INFO 2026-06-01 16:51:48.049 ls/utils.py:227 Recording episode 32
WARNING 2026-06-01 16:51:58.105 t_record.py:512 Episode 32 has no explicit success/failure label, defaulting to 'success'.
INFO 2026-06-01 16:51:58.105 ls/utils.py:227 Reset the environment
INFO 2026-06-01 16:52:03.788 ls/utils.py:227 Recording episode 33
WARNING 2026-06-01 16:52:05.092 t_record.py:512 Episode 33 has no explicit success/failure label, defaulting to 'success'.
INFO 2026-06-01 16:52:05.092 ls/utils.py:227 Reset the environment
INFO 2026-06-01 16:52:05.327 ls/utils.py:227 Re-record episode
INFO 2026-06-01 16:52:05.328 ls/utils.py:227 Recording episode 33
WARNING 2026-06-01 16:52:14.374 t_record.py:512 Episode 33 has no explicit success/failure label, defaulting to 'success'.
INFO 2026-06-01 16:52:14.374 ls/utils.py:227 Reset the environment
INFO 2026-06-01 16:52:21.219 ls/utils.py:227 Recording episode 34
WARNING 2026-06-01 16:52:30.782 t_record.py:512 Episode 34 has no explicit success/failure label, defaulting to 'success'.
INFO 2026-06-01 16:52:30.782 ls/utils.py:227 Reset the environment
INFO 2026-06-01 16:52:35.999 ls/utils.py:227 Recording episode 35
WARNING 2026-06-01 16:52:46.431 t_record.py:512 Episode 35 has no explicit success/failure label, defaulting to 'success'.
INFO 2026-06-01 16:52:46.431 ls/utils.py:227 Reset the environment
INFO 2026-06-01 16:52:53.866 ls/utils.py:227 Recording episode 36
WARNING 2026-06-01 16:53:02.218 t_record.py:512 Episode 36 has no explicit success/failure label, defaulting to 'success'.
INFO 2026-06-01 16:53:02.218 ls/utils.py:227 Reset the environment
INFO 2026-06-01 16:53:14.339 ls/utils.py:227 Recording episode 37
WARNING 2026-06-01 16:53:23.163 t_record.py:512 Episode 37 has no explicit success/failure label, defaulting to 'success'.
INFO 2026-06-01 16:53:23.163 ls/utils.py:227 Reset the environment
INFO 2026-06-01 16:53:30.029 ls/utils.py:227 Recording episode 38
WARNING 2026-06-01 16:53:39.553 t_record.py:512 Episode 38 has no explicit success/failure label, defaulting to 'success'.
INFO 2026-06-01 16:53:39.554 ls/utils.py:227 Reset the environment
INFO 2026-06-01 16:53:49.177 ls/utils.py:227 Recording episode 39
WARNING 2026-06-01 16:53:58.199 t_record.py:512 Episode 39 has no explicit success/failure label, defaulting to 'success'.
INFO 2026-06-01 16:53:58.199 ls/utils.py:227 Reset the environment
INFO 2026-06-01 16:54:07.951 ls/utils.py:227 Recording episode 40
WARNING 2026-06-01 16:54:17.139 t_record.py:512 Episode 40 has no explicit success/failure label, defaulting to 'success'.
INFO 2026-06-01 16:54:17.139 ls/utils.py:227 Reset the environment
INFO 2026-06-01 16:54:30.326 ls/utils.py:227 Recording episode 41
WARNING 2026-06-01 16:54:38.716 t_record.py:512 Episode 41 has no explicit success/failure label, defaulting to 'success'.
INFO 2026-06-01 16:54:38.716 ls/utils.py:227 Reset the environment
INFO 2026-06-01 16:54:49.984 ls/utils.py:227 Recording episode 42
WARNING 2026-06-01 16:54:58.447 t_record.py:512 Episode 42 has no explicit success/failure label, defaulting to 'success'.
INFO 2026-06-01 16:54:58.447 ls/utils.py:227 Reset the environment
INFO 2026-06-01 16:55:06.435 ls/utils.py:227 Recording episode 43
WARNING 2026-06-01 16:55:15.330 t_record.py:512 Episode 43 has no explicit success/failure label, defaulting to 'success'.
INFO 2026-06-01 16:55:15.330 ls/utils.py:227 Reset the environment
INFO 2026-06-01 16:55:26.147 ls/utils.py:227 Recording episode 44
WARNING 2026-06-01 16:55:34.952 t_record.py:512 Episode 44 has no explicit success/failure label, defaulting to 'success'.
INFO 2026-06-01 16:55:34.952 ls/utils.py:227 Reset the environment
INFO 2026-06-01 16:55:43.007 ls/utils.py:227 Recording episode 45
WARNING 2026-06-01 16:55:52.098 t_record.py:512 Episode 45 has no explicit success/failure label, defaulting to 'success'.
INFO 2026-06-01 16:55:52.098 ls/utils.py:227 Reset the environment
INFO 2026-06-01 16:56:01.526 ls/utils.py:227 Recording episode 46
WARNING 2026-06-01 16:56:10.115 t_record.py:512 Episode 46 has no explicit success/failure label, defaulting to 'success'.
INFO 2026-06-01 16:56:10.115 ls/utils.py:227 Reset the environment
INFO 2026-06-01 16:56:19.617 ls/utils.py:227 Recording episode 47
WARNING 2026-06-01 16:56:28.842 t_record.py:512 Episode 47 has no explicit success/failure label, defaulting to 'success'.
INFO 2026-06-01 16:56:28.842 ls/utils.py:227 Reset the environment
INFO 2026-06-01 16:56:36.530 ls/utils.py:227 Recording episode 48
WARNING 2026-06-01 16:56:44.985 t_record.py:512 Episode 48 has no explicit success/failure label, defaulting to 'success'.
INFO 2026-06-01 16:56:44.985 ls/utils.py:227 Reset the environment
INFO 2026-06-01 16:56:51.084 ls/utils.py:227 Recording episode 49
WARNING 2026-06-01 16:56:59.979 t_record.py:512 Episode 49 has no explicit success/failure label, defaulting to 'success'.
INFO 2026-06-01 16:57:05.373 ls/utils.py:227 Stop recording
INFO 2026-06-01 16:57:06.800 t_record.py:570 To inspect the recorded dataset, run:
  lerobot-dataset-report --dataset local_data
INFO 2026-06-01 16:57:06.820 a_opencv.py:592 OpenCVCamera(10) disconnected.
INFO 2026-06-01 16:57:06.835 a_opencv.py:592 OpenCVCamera(4) disconnected.
INFO 2026-06-01 16:57:06.835 follower.py:339 my_piper_follower PiperFollower disconnected.
INFO 2026-06-01 16:57:06.837 r_leader.py:468 my_piper_leader PiperLeader disconnected.
INFO 2026-06-01 16:57:06.837 ls/utils.py:227 Exiting
INFO 2026-06-02 14:07:13.619 t_record.py:325 Human-in-loop recording is enabled. Press 'i' to toggle takeover. Press 's' to mark success and end, 'f' to mark failure and end. Recorded `action` is the executed action. Policy output (when policy is enabled) is stored in `complementary_info.policy_action`. Collector source is stored in `complementary_info.collector_policy_id`. ACP inference: enable=False use_cfg=False cfg_beta=1.000.
INFO 2026-06-02 14:07:13.620 t_record.py:343 {'acp_inference': {'cfg_beta': 1.0, 'enable': False, 'use_cfg': False},
 'collector_policy_id_human': 'human',
 'collector_policy_id_policy': 'human',
 'communication_retry_interval_s': 0.1,
 'communication_retry_timeout_s': 2.0,
 'dataset': {'episode_time_s': 120,
             'fps': 30,
             'num_episodes': 50,
             'num_image_writer_processes': 0,
             'num_image_writer_threads_per_camera': 4,
             'private': False,
             'push_to_hub': False,
             'rename_map': {},
             'repo_id': 'local_data',
             'reset_time_s': 1,
             'root': '/home/ghr/VLA/package_data/single/evo-rl/test2',
             'single_task': 'Flip the package if the barcode is not facing up.',
             'tags': None,
             'vcodec': 'libsvtav1',
             'video': True,
             'video_encoding_batch_size': 1},
 'default_episode_success': 'failure',
 'display_compressed_images': False,
 'display_data': True,
 'display_ip': None,
 'display_port': None,
 'enable_collector_policy_id': True,
 'enable_episode_outcome_labeling': True,
 'episode_failure_key': 'f',
 'episode_success_key': 's',
 'intervention_state_machine_enabled': False,
 'intervention_toggle_key': 'i',
 'play_sounds': True,
 'policy': None,
 'policy_sync_parallel': True,
 'policy_sync_to_teleop': False,
 'require_episode_success_label': False,
 'resume': False,
 'robot': {'calibration_dir': None,
           'calibration_scale': 1000,
           'cameras': {'top': {'backend': <Cv2Backends.ANY: 0>,
                               'color_mode': <ColorMode.RGB: 'rgb'>,
                               'fourcc': None,
                               'fps': 30,
                               'height': 480,
                               'index_or_path': 4,
                               'rotation': <Cv2Rotation.NO_ROTATION: 0>,
                               'warmup_s': 1,
                               'width': 640},
                       'wrist': {'backend': <Cv2Backends.ANY: 0>,
                                 'color_mode': <ColorMode.RGB: 'rgb'>,
                                 'fourcc': None,
                                 'fps': 30,
                                 'height': 480,
                                 'index_or_path': 10,
                                 'rotation': <Cv2Rotation.NO_ROTATION: 0>,
                                 'warmup_s': 1,
                                 'width': 640}},
           'can_auto_init': True,
           'disable_on_disconnect': False,
           'enable_on_connect': True,
           'enable_timeout_s': 3.0,
           'gripper_effort_default': 1000,
           'gripper_status_code': 1,
           'high_follow': True,
           'id': 'my_piper_follower',
           'judge_flag': False,
           'log_level': 'WARNING',
           'mode_refresh_interval_s': 1.0,
           'port': 'can1',
           'require_calibration': True,
           'speed_ratio': 50,
           'startup_sleep_s': 0.1,
           'sync_gripper': True},
 'teleop': {'calibration_dir': None,
            'calibration_scale': 1000,
            'can_auto_init': True,
            'command_high_follow': True,
            'command_speed_ratio': 50,
            'disable_on_disconnect': False,
            'enable_timeout_s': 3.0,
            'fallback_to_feedback': True,
            'gravity_comp_base_rpy_deg': (0.0, 0.0, 0.0),
            'gravity_comp_control_hz': 200.0,
            'gravity_comp_mit_kd': 0.0,
            'gravity_comp_mit_kp': 0.0,
            'gravity_comp_torque_limit': 8.0,
            'gravity_comp_tx_ratio': (0.2, 0.2, 0.2, 0.2, 0.2, 0.2),
            'gripper_effort_default': 1000,
            'gripper_status_code': 1,
            'id': 'my_piper_leader',
            'judge_flag': False,
            'log_level': 'WARNING',
            'manual_control': True,
            'mode_refresh_interval_s': 1.0,
            'port': 'can0',
            'prefer_ctrl_messages': True,
            'require_calibration': True,
            'startup_sleep_s': 0.1,
            'sync_gripper': True}}
INFO 2026-06-02 14:07:13.853 t_record.py:371 dataset_features: {'action': {'dtype': 'float32', 'names': ['joint_1.pos', 'joint_2.pos', 'joint_3.pos', 'joint_4.pos', 'joint_5.pos', 'joint_6.pos', 'gripper.pos'], 'shape': (7,)}, 'observation.state': {'dtype': 'float32', 'names': ['joint_1.pos', 'joint_2.pos', 'joint_3.pos', 'joint_4.pos', 'joint_5.pos', 'joint_6.pos', 'gripper.pos'], 'shape': (7,)}, 'observation.images.wrist': {'dtype': 'video', 'shape': (480, 640, 3), 'names': ['height', 'width', 'channels']}, 'observation.images.top': {'dtype': 'video', 'shape': (480, 640, 3), 'names': ['height', 'width', 'channels']}}
INFO 2026-06-02 14:07:13.853 t_record.py:382 dataset_features: {'action': {'dtype': 'float32', 'names': ['joint_1.pos', 'joint_2.pos', 'joint_3.pos', 'joint_4.pos', 'joint_5.pos', 'joint_6.pos', 'gripper.pos'], 'shape': (7,)}, 'observation.state': {'dtype': 'float32', 'names': ['joint_1.pos', 'joint_2.pos', 'joint_3.pos', 'joint_4.pos', 'joint_5.pos', 'joint_6.pos', 'gripper.pos'], 'shape': (7,)}, 'observation.images.wrist': {'dtype': 'video', 'shape': (480, 640, 3), 'names': ['height', 'width', 'channels']}, 'observation.images.top': {'dtype': 'video', 'shape': (480, 640, 3), 'names': ['height', 'width', 'channels']}, 'complementary_info.policy_action': {'dtype': 'float32', 'shape': (7,), 'names': ['joint_1.pos', 'joint_2.pos', 'joint_3.pos', 'joint_4.pos', 'joint_5.pos', 'joint_6.pos', 'gripper.pos']}, 'complementary_info.is_intervention': {'dtype': 'float32', 'shape': (1,), 'names': ['is_intervention']}, 'complementary_info.state': {'dtype': 'float32', 'shape': (1,), 'names': ['state']}, 'complementary_info.collector_policy_id': {'dtype': 'string', 'shape': (1,), 'names': ['collector_policy_id']}}
INFO 2026-06-02 14:07:15.208 a_opencv.py:179 OpenCVCamera(10) connected.
INFO 2026-06-02 14:07:16.421 a_opencv.py:179 OpenCVCamera(4) connected.
INFO 2026-06-02 14:07:16.422 follower.py:139 my_piper_follower PiperFollower connected.
INFO 2026-06-02 14:07:17.433 r_leader.py:130 my_piper_leader PiperLeader connected.
INFO 2026-06-02 14:07:17.435 t_record.py:446 robot and teleop all conected
INFO 2026-06-02 14:07:17.436 ls/utils.py:227 Recording episode 0
WARNING 2026-06-02 14:07:26.927 t_record.py:512 Episode 0 has no explicit success/failure label, defaulting to 'success'.
INFO 2026-06-02 14:07:26.927 ls/utils.py:227 Reset the environment
INFO 2026-06-02 14:07:43.512 ls/utils.py:227 Recording episode 1
WARNING 2026-06-02 14:07:54.471 t_record.py:512 Episode 1 has no explicit success/failure label, defaulting to 'success'.
INFO 2026-06-02 14:07:54.471 ls/utils.py:227 Reset the environment
INFO 2026-06-02 14:08:03.157 ls/utils.py:227 Re-record episode
INFO 2026-06-02 14:08:03.159 ls/utils.py:227 Recording episode 1
WARNING 2026-06-02 14:08:14.285 t_record.py:512 Episode 1 has no explicit success/failure label, defaulting to 'success'.
INFO 2026-06-02 14:08:14.286 ls/utils.py:227 Reset the environment
INFO 2026-06-02 14:08:27.078 ls/utils.py:227 Recording episode 2
INFO 2026-06-02 14:10:14.952 ls/utils.py:227 Reset the environment
INFO 2026-06-02 14:10:57.574 ls/utils.py:227 Recording episode 3
INFO 2026-06-02 14:11:07.935 ls/utils.py:227 Reset the environment
INFO 2026-06-02 14:11:28.038 ls/utils.py:227 Recording episode 4
WARNING 2026-06-02 14:11:32.283 t_record.py:512 Episode 4 has no explicit success/failure label, defaulting to 'success'.
INFO 2026-06-02 14:11:32.283 ls/utils.py:227 Reset the environment
INFO 2026-06-02 14:11:45.003 ls/utils.py:227 Recording episode 5
WARNING 2026-06-02 14:15:10.155 t_record.py:512 Episode 5 has no explicit success/failure label, defaulting to 'success'.
INFO 2026-06-02 14:16:09.620 ls/utils.py:227 Stop recording
INFO 2026-06-02 14:16:11.059 t_record.py:570 To inspect the recorded dataset, run:
  lerobot-dataset-report --dataset local_data
INFO 2026-06-02 14:16:11.085 a_opencv.py:592 OpenCVCamera(10) disconnected.
INFO 2026-06-02 14:16:11.093 a_opencv.py:592 OpenCVCamera(4) disconnected.
INFO 2026-06-02 14:16:11.093 follower.py:339 my_piper_follower PiperFollower disconnected.
INFO 2026-06-02 14:16:11.094 r_leader.py:468 my_piper_leader PiperLeader disconnected.
INFO 2026-06-02 14:16:11.094 ls/utils.py:227 Exiting
INFO 2026-08-06 17:25:12.198 t_record.py:513 Human-in-loop recording is enabled. Press 'i' to toggle takeover. Press 's' to mark success and end, 'f' to mark failure and end. Recorded `action` is the executed action. Policy output (when policy is enabled) is stored in `complementary_info.policy_action`. Collector source is stored in `complementary_info.collector_policy_id`. ACP inference: enable=False use_cfg=False cfg_beta=1.000.
INFO 2026-08-06 17:25:12.200 t_record.py:549 Quality-event labeling enabled (source=/home/hpc/yuzhang/Evo-RL-loop-0707/scripts/event_config.json): events=['bad_depth', 'bad_edge'], key_bindings={'d': ['bad_depth'], 'e': ['bad_edge'], 'a': ['bad_depth', 'bad_edge']}
INFO 2026-08-06 17:25:12.201 t_record.py:556 {'acp_inference': {'cfg_beta': 1.0, 'enable': False, 'use_cfg': False},
 'collector_policy_id_human': 'human',
 'collector_policy_id_policy': 'smovla_v3_0720_40k',
 'communication_retry_interval_s': 0.1,
 'communication_retry_timeout_s': 2.0,
 'dataset': {'episode_time_s': 900000,
             'fps': 30,
             'num_episodes': 14,
             'num_image_writer_processes': 0,
             'num_image_writer_threads_per_camera': 4,
             'private': False,
             'push_to_hub': False,
             'rename_map': {},
             'repo_id': 'local_data',
             'reset_time_s': 1,
             'root': '/home/hpc/yuzhang/datasets/smovla_v3_0720_40k_test1',
             'single_task': 'You are a parcel sorter. First, Grab the package '
                            'and place it on the pallet. Then, Flip the '
                            'package if the barcode is not facing up. Finally, '
                            'Grab the scanned package and place it into the '
                            'box.',
             'tags': None,
             'vcodec': 'libsvtav1',
             'video': True,
             'video_encoding_batch_size': 1},
 'default_episode_success': 'failure',
 'display_compressed_images': False,
 'display_data': True,
 'display_ip': None,
 'display_port': None,
 'enable_collector_policy_id': True,
 'enable_episode_outcome_labeling': True,
 'enable_quality_event_labeling': True,
 'episode_failure_key': 'f',
 'episode_success_key': 's',
 'event_config_path': '/home/hpc/yuzhang/Evo-RL-loop-0707/scripts/event_config.json',
 'intervention_state_machine_enabled': True,
 'intervention_toggle_key': 'i',
 'play_sounds': True,
 'policy': {'adapt_to_pi_aloha': False,
            'add_image_special_tokens': False,
            'attention_mode': 'cross_attn',
            'chunk_size': 50,
            'device': 'cuda',
            'empty_cameras': 0,
            'expert_width_multiplier': 0.75,
            'freeze_vision_encoder': True,
            'input_features': {'observation.images.top': {'shape': (3,
                                                                    480,
                                                                    640),
                                                          'type': <FeatureType.VISUAL: 'VISUAL'>},
                               'observation.images.wrist': {'shape': (3,
                                                                      480,
                                                                      640),
                                                            'type': <FeatureType.VISUAL: 'VISUAL'>},
                               'observation.state': {'shape': (7,),
                                                     'type': <FeatureType.STATE: 'STATE'>}},
            'license': None,
            'load_vlm_weights': False,
            'max_action_dim': 32,
            'max_period': 4.0,
            'max_state_dim': 32,
            'min_period': 0.004,
            'n_action_steps': 50,
            'n_obs_steps': 1,
            'normalization_mapping': {'ACTION': <NormalizationMode.MEAN_STD: 'MEAN_STD'>,
                                      'STATE': <NormalizationMode.MEAN_STD: 'MEAN_STD'>,
                                      'VISUAL': <NormalizationMode.IDENTITY: 'IDENTITY'>},
            'num_expert_layers': -1,
            'num_steps': 10,
            'num_vlm_layers': 16,
            'optimizer_betas': (0.9, 0.95),
            'optimizer_eps': 1e-08,
            'optimizer_grad_clip_norm': 10.0,
            'optimizer_lr': 0.0001,
            'optimizer_weight_decay': 1e-10,
            'output_features': {'action': {'shape': (7,),
                                           'type': <FeatureType.ACTION: 'ACTION'>}},
            'pad_language_to': 'longest',
            'prefix_length': -1,
            'pretrained_path': '/home/hpc/yuzhang/outputs/smovla_v3_0720_40k',
            'private': None,
            'push_to_hub': False,
            'repo_id': 'local_policy_model',
            'resize_imgs_with_padding': (512, 512),
            'rtc_config': None,
            'scheduler_decay_lr': 2.5e-06,
            'scheduler_decay_steps': 30000,
            'scheduler_warmup_steps': 1000,
            'self_attn_every_n_layers': 2,
            'tags': None,
            'tokenizer_max_length': 48,
            'train_expert_only': True,
            'train_state_proj': True,
            'use_amp': False,
            'use_cache': True,
            'use_delta_joint_actions_aloha': False,
            'use_peft': False,
            'vlm_model_name': '/home/hpc/models/smolvla/HuggingFaceTB--SmolVLM2-500M-Video-Instruct'},
 'policy_sync_parallel': True,
 'policy_sync_to_teleop': True,
 'require_episode_success_label': False,
 'reset_episode_key': 'r',
 'reset_on_timeout': False,
 'resume': False,
 'robot': {'calibration_dir': None,
           'calibration_scale': 1000,
           'cameras': {'top': {'backend': <Cv2Backends.ANY: 0>,
                               'color_mode': <ColorMode.RGB: 'rgb'>,
                               'fourcc': None,
                               'fps': 30,
                               'height': 480,
                               'index_or_path': 12,
                               'rotation': <Cv2Rotation.NO_ROTATION: 0>,
                               'warmup_s': 1,
                               'width': 640},
                       'wrist': {'backend': <Cv2Backends.ANY: 0>,
                                 'color_mode': <ColorMode.RGB: 'rgb'>,
                                 'fourcc': None,
                                 'fps': 30,
                                 'height': 480,
                                 'index_or_path': 6,
                                 'rotation': <Cv2Rotation.NO_ROTATION: 0>,
                                 'warmup_s': 1,
                                 'width': 640}},
           'can_auto_init': True,
           'disable_on_disconnect': False,
           'enable_on_connect': True,
           'enable_timeout_s': 3.0,
           'gripper_effort_default': 1000,
           'gripper_status_code': 1,
           'high_follow': True,
           'id': 'my_piper_follower',
           'judge_flag': False,
           'log_level': 'WARNING',
           'mode_refresh_interval_s': 1.0,
           'port': 'can1',
           'require_calibration': True,
           'speed_ratio': 50,
           'startup_sleep_s': 0.1,
           'sync_gripper': True},
 'teleop': {'calibration_dir': None,
            'calibration_scale': 1000,
            'can_auto_init': True,
            'command_high_follow': True,
            'command_speed_ratio': 50,
            'disable_on_disconnect': False,
            'enable_timeout_s': 3.0,
            'fallback_to_feedback': True,
            'gravity_comp_base_rpy_deg': (0.0, 0.0, 0.0),
            'gravity_comp_control_hz': 200.0,
            'gravity_comp_mit_kd': 0.0,
            'gravity_comp_mit_kp': 0.0,
            'gravity_comp_torque_limit': 8.0,
            'gravity_comp_tx_ratio': (0.2, 0.2, 0.2, 0.2, 0.2, 0.2),
            'gripper_effort_default': 1000,
            'gripper_status_code': 1,
            'id': 'my_piper_leader',
            'judge_flag': False,
            'log_level': 'WARNING',
            'manual_control': True,
            'mode_refresh_interval_s': 1.0,
            'port': 'can0',
            'prefer_ctrl_messages': True,
            'require_calibration': True,
            'startup_sleep_s': 0.1,
            'sync_gripper': True}}
INFO 2026-08-06 17:25:12.213 t_record.py:584 dataset_features: {'action': {'dtype': 'float32', 'names': ['joint_1.pos', 'joint_2.pos', 'joint_3.pos', 'joint_4.pos', 'joint_5.pos', 'joint_6.pos', 'gripper.pos'], 'shape': (7,)}, 'observation.state': {'dtype': 'float32', 'names': ['joint_1.pos', 'joint_2.pos', 'joint_3.pos', 'joint_4.pos', 'joint_5.pos', 'joint_6.pos', 'gripper.pos'], 'shape': (7,)}, 'observation.images.wrist': {'dtype': 'video', 'shape': (480, 640, 3), 'names': ['height', 'width', 'channels']}, 'observation.images.top': {'dtype': 'video', 'shape': (480, 640, 3), 'names': ['height', 'width', 'channels']}}
INFO 2026-08-06 17:25:12.213 t_record.py:598 dataset_features: {'action': {'dtype': 'float32', 'names': ['joint_1.pos', 'joint_2.pos', 'joint_3.pos', 'joint_4.pos', 'joint_5.pos', 'joint_6.pos', 'gripper.pos'], 'shape': (7,)}, 'observation.state': {'dtype': 'float32', 'names': ['joint_1.pos', 'joint_2.pos', 'joint_3.pos', 'joint_4.pos', 'joint_5.pos', 'joint_6.pos', 'gripper.pos'], 'shape': (7,)}, 'observation.images.wrist': {'dtype': 'video', 'shape': (480, 640, 3), 'names': ['height', 'width', 'channels']}, 'observation.images.top': {'dtype': 'video', 'shape': (480, 640, 3), 'names': ['height', 'width', 'channels']}, 'complementary_info.policy_action': {'dtype': 'float32', 'shape': (7,), 'names': ['joint_1.pos', 'joint_2.pos', 'joint_3.pos', 'joint_4.pos', 'joint_5.pos', 'joint_6.pos', 'gripper.pos']}, 'complementary_info.is_intervention': {'dtype': 'float32', 'shape': (1,), 'names': ['is_intervention']}, 'complementary_info.state': {'dtype': 'float32', 'shape': (1,), 'names': ['state']}, 'complementary_info.collector_policy_id': {'dtype': 'string', 'shape': (1,), 'names': ['collector_policy_id']}, 'complementary_info.bad_depth': {'dtype': 'float32', 'shape': (1,), 'names': ['bad_depth']}, 'complementary_info.bad_edge': {'dtype': 'float32', 'shape': (1,), 'names': ['bad_edge']}}
INFO 2026-08-06 17:25:21.542 a_opencv.py:179 OpenCVCamera(6) connected.
INFO 2026-08-06 17:25:22.768 a_opencv.py:179 OpenCVCamera(12) connected.
INFO 2026-08-06 17:25:22.769 follower.py:139 my_piper_follower PiperFollower connected.
INFO 2026-08-06 17:25:23.574 r_leader.py:130 my_piper_leader PiperLeader connected.
INFO 2026-08-06 17:25:23.574 t_record.py:662 robot and teleop all conected
INFO 2026-08-06 17:25:23.579 op_record.py:83 Loaded failure_reset_pose from /home/hpc/.cache/huggingface/lerobot/failure_reset_pose/piper_follower_my_piper_follower.json
INFO 2026-08-06 17:25:23.614 rol_utils.py:67 pynput unavailable; using headless controls instead: this platform is not supported: ('failed to acquire X connection: Bad display name ""', DisplayNameError(''))

Try one of the following resolutions:

 * Please make sure that you have an X server running, and that the DISPLAY environment variable is set correctly
WARNING 2026-08-06 17:25:23.614 ol_utils.py:379 Headless environment detected. Using terminal keyboard controls over the current TTY; on-screen camera display remains unavailable.
INFO 2026-08-06 17:25:23.614 ls/utils.py:229 Homing arms to default pose
INFO 2026-08-06 17:25:30.895 t_record.py:315 First episode: leader + follower slowly homed to default (all-zero) pose.
INFO 2026-08-06 17:25:30.895 ls/utils.py:229 Recording episode 0
INFO 2026-08-06 17:25:34.675 ls/utils.py:229 Stop recording
INFO 2026-08-06 17:25:35.950 a_opencv.py:592 OpenCVCamera(6) disconnected.
INFO 2026-08-06 17:25:35.978 a_opencv.py:592 OpenCVCamera(12) disconnected.
INFO 2026-08-06 17:25:35.979 follower.py:349 my_piper_follower PiperFollower disconnected.
INFO 2026-08-06 17:25:35.979 r_leader.py:491 my_piper_leader PiperLeader disconnected.
INFO 2026-08-06 17:25:35.982 ls/utils.py:229 Exiting
INFO 2026-08-07 10:20:37.162 t_record.py:513 Human-in-loop recording is enabled. Press 'i' to toggle takeover. Press 's' to mark success and end, 'f' to mark failure and end. Recorded `action` is the executed action. Policy output (when policy is enabled) is stored in `complementary_info.policy_action`. Collector source is stored in `complementary_info.collector_policy_id`. ACP inference: enable=False use_cfg=False cfg_beta=1.000.
INFO 2026-08-07 10:20:37.165 t_record.py:549 Quality-event labeling enabled (source=/home/hpc/yuzhang/Evo-RL-loop-0707/scripts/event_config.json): events=['bad_depth', 'bad_edge'], key_bindings={'d': ['bad_depth'], 'e': ['bad_edge'], 'a': ['bad_depth', 'bad_edge']}
INFO 2026-08-07 10:20:37.166 t_record.py:556 {'acp_inference': {'cfg_beta': 1.0, 'enable': False, 'use_cfg': False},
 'collector_policy_id_human': 'human',
 'collector_policy_id_policy': 'smovla_v3_0720_40k',
 'communication_retry_interval_s': 0.1,
 'communication_retry_timeout_s': 2.0,
 'dataset': {'episode_time_s': 900000,
             'fps': 30,
             'num_episodes': 14,
             'num_image_writer_processes': 0,
             'num_image_writer_threads_per_camera': 4,
             'private': False,
             'push_to_hub': False,
             'rename_map': {},
             'repo_id': 'local_data',
             'reset_time_s': 1,
             'root': '/home/hpc/yuzhang/datasets/smovla_v3_0720_40k_test1',
             'single_task': 'You are a parcel sorter. First, Grab the package '
                            'and place it on the pallet. Then, Flip the '
                            'package if the barcode is not facing up. Finally, '
                            'Grab the scanned package and place it into the '
                            'box.',
             'tags': None,
             'vcodec': 'libsvtav1',
             'video': True,
             'video_encoding_batch_size': 1},
 'default_episode_success': 'failure',
 'display_compressed_images': False,
 'display_data': True,
 'display_ip': None,
 'display_port': None,
 'enable_collector_policy_id': True,
 'enable_episode_outcome_labeling': True,
 'enable_quality_event_labeling': True,
 'episode_failure_key': 'f',
 'episode_success_key': 's',
 'event_config_path': '/home/hpc/yuzhang/Evo-RL-loop-0707/scripts/event_config.json',
 'intervention_state_machine_enabled': True,
 'intervention_toggle_key': 'i',
 'play_sounds': True,
 'policy': {'adapt_to_pi_aloha': False,
            'add_image_special_tokens': False,
            'attention_mode': 'cross_attn',
            'chunk_size': 50,
            'device': 'cuda',
            'empty_cameras': 0,
            'expert_width_multiplier': 0.75,
            'freeze_vision_encoder': True,
            'input_features': {'observation.images.top': {'shape': (3,
                                                                    480,
                                                                    640),
                                                          'type': <FeatureType.VISUAL: 'VISUAL'>},
                               'observation.images.wrist': {'shape': (3,
                                                                      480,
                                                                      640),
                                                            'type': <FeatureType.VISUAL: 'VISUAL'>},
                               'observation.state': {'shape': (7,),
                                                     'type': <FeatureType.STATE: 'STATE'>}},
            'license': None,
            'load_vlm_weights': False,
            'max_action_dim': 32,
            'max_period': 4.0,
            'max_state_dim': 32,
            'min_period': 0.004,
            'n_action_steps': 50,
            'n_obs_steps': 1,
            'normalization_mapping': {'ACTION': <NormalizationMode.MEAN_STD: 'MEAN_STD'>,
                                      'STATE': <NormalizationMode.MEAN_STD: 'MEAN_STD'>,
                                      'VISUAL': <NormalizationMode.IDENTITY: 'IDENTITY'>},
            'num_expert_layers': -1,
            'num_steps': 10,
            'num_vlm_layers': 16,
            'optimizer_betas': (0.9, 0.95),
            'optimizer_eps': 1e-08,
            'optimizer_grad_clip_norm': 10.0,
            'optimizer_lr': 0.0001,
            'optimizer_weight_decay': 1e-10,
            'output_features': {'action': {'shape': (7,),
                                           'type': <FeatureType.ACTION: 'ACTION'>}},
            'pad_language_to': 'longest',
            'prefix_length': -1,
            'pretrained_path': '/home/hpc/yuzhang/outputs/smovla_v3_0720_40k',
            'private': None,
            'push_to_hub': False,
            'repo_id': 'local_policy_model',
            'resize_imgs_with_padding': (512, 512),
            'rtc_config': None,
            'scheduler_decay_lr': 2.5e-06,
            'scheduler_decay_steps': 30000,
            'scheduler_warmup_steps': 1000,
            'self_attn_every_n_layers': 2,
            'tags': None,
            'tokenizer_max_length': 48,
            'train_expert_only': True,
            'train_state_proj': True,
            'use_amp': False,
            'use_cache': True,
            'use_delta_joint_actions_aloha': False,
            'use_peft': False,
            'vlm_model_name': '/home/hpc/models/smolvla/HuggingFaceTB--SmolVLM2-500M-Video-Instruct'},
 'policy_sync_parallel': True,
 'policy_sync_to_teleop': True,
 'require_episode_success_label': False,
 'reset_episode_key': 'r',
 'reset_on_timeout': False,
 'resume': False,
 'robot': {'calibration_dir': None,
           'calibration_scale': 1000,
           'cameras': {'top': {'backend': <Cv2Backends.ANY: 0>,
                               'color_mode': <ColorMode.RGB: 'rgb'>,
                               'fourcc': None,
                               'fps': 30,
                               'height': 480,
                               'index_or_path': 12,
                               'rotation': <Cv2Rotation.NO_ROTATION: 0>,
                               'warmup_s': 1,
                               'width': 640},
                       'wrist': {'backend': <Cv2Backends.ANY: 0>,
                                 'color_mode': <ColorMode.RGB: 'rgb'>,
                                 'fourcc': None,
                                 'fps': 30,
                                 'height': 480,
                                 'index_or_path': 6,
                                 'rotation': <Cv2Rotation.NO_ROTATION: 0>,
                                 'warmup_s': 1,
                                 'width': 640}},
           'can_auto_init': True,
           'disable_on_disconnect': False,
           'enable_on_connect': True,
           'enable_timeout_s': 3.0,
           'gripper_effort_default': 1000,
           'gripper_status_code': 1,
           'high_follow': True,
           'id': 'my_piper_follower',
           'judge_flag': False,
           'log_level': 'WARNING',
           'mode_refresh_interval_s': 1.0,
           'port': 'can1',
           'require_calibration': True,
           'speed_ratio': 50,
           'startup_sleep_s': 0.1,
           'sync_gripper': True},
 'teleop': {'calibration_dir': None,
            'calibration_scale': 1000,
            'can_auto_init': True,
            'command_high_follow': True,
            'command_speed_ratio': 50,
            'disable_on_disconnect': False,
            'enable_timeout_s': 3.0,
            'fallback_to_feedback': True,
            'gravity_comp_base_rpy_deg': (0.0, 0.0, 0.0),
            'gravity_comp_control_hz': 200.0,
            'gravity_comp_mit_kd': 0.0,
            'gravity_comp_mit_kp': 0.0,
            'gravity_comp_torque_limit': 8.0,
            'gravity_comp_tx_ratio': (0.2, 0.2, 0.2, 0.2, 0.2, 0.2),
            'gripper_effort_default': 1000,
            'gripper_status_code': 1,
            'id': 'my_piper_leader',
            'judge_flag': False,
            'log_level': 'WARNING',
            'manual_control': True,
            'mode_refresh_interval_s': 1.0,
            'port': 'can0',
            'prefer_ctrl_messages': True,
            'require_calibration': True,
            'startup_sleep_s': 0.1,
            'sync_gripper': True}}
INFO 2026-08-07 10:20:37.179 t_record.py:584 dataset_features: {'action': {'dtype': 'float32', 'names': ['joint_1.pos', 'joint_2.pos', 'joint_3.pos', 'joint_4.pos', 'joint_5.pos', 'joint_6.pos', 'gripper.pos'], 'shape': (7,)}, 'observation.state': {'dtype': 'float32', 'names': ['joint_1.pos', 'joint_2.pos', 'joint_3.pos', 'joint_4.pos', 'joint_5.pos', 'joint_6.pos', 'gripper.pos'], 'shape': (7,)}, 'observation.images.wrist': {'dtype': 'video', 'shape': (480, 640, 3), 'names': ['height', 'width', 'channels']}, 'observation.images.top': {'dtype': 'video', 'shape': (480, 640, 3), 'names': ['height', 'width', 'channels']}}
INFO 2026-08-07 10:20:37.179 t_record.py:598 dataset_features: {'action': {'dtype': 'float32', 'names': ['joint_1.pos', 'joint_2.pos', 'joint_3.pos', 'joint_4.pos', 'joint_5.pos', 'joint_6.pos', 'gripper.pos'], 'shape': (7,)}, 'observation.state': {'dtype': 'float32', 'names': ['joint_1.pos', 'joint_2.pos', 'joint_3.pos', 'joint_4.pos', 'joint_5.pos', 'joint_6.pos', 'gripper.pos'], 'shape': (7,)}, 'observation.images.wrist': {'dtype': 'video', 'shape': (480, 640, 3), 'names': ['height', 'width', 'channels']}, 'observation.images.top': {'dtype': 'video', 'shape': (480, 640, 3), 'names': ['height', 'width', 'channels']}, 'complementary_info.policy_action': {'dtype': 'float32', 'shape': (7,), 'names': ['joint_1.pos', 'joint_2.pos', 'joint_3.pos', 'joint_4.pos', 'joint_5.pos', 'joint_6.pos', 'gripper.pos']}, 'complementary_info.is_intervention': {'dtype': 'float32', 'shape': (1,), 'names': ['is_intervention']}, 'complementary_info.state': {'dtype': 'float32', 'shape': (1,), 'names': ['state']}, 'complementary_info.collector_policy_id': {'dtype': 'string', 'shape': (1,), 'names': ['collector_policy_id']}, 'complementary_info.bad_depth': {'dtype': 'float32', 'shape': (1,), 'names': ['bad_depth']}, 'complementary_info.bad_edge': {'dtype': 'float32', 'shape': (1,), 'names': ['bad_edge']}}
INFO 2026-08-07 10:20:47.191 a_opencv.py:179 OpenCVCamera(6) connected.
INFO 2026-08-07 10:20:48.419 a_opencv.py:179 OpenCVCamera(12) connected.
INFO 2026-08-07 10:20:48.420 follower.py:139 my_piper_follower PiperFollower connected.
INFO 2026-08-07 10:20:49.376 r_leader.py:130 my_piper_leader PiperLeader connected.
INFO 2026-08-07 10:20:49.377 t_record.py:662 robot and teleop all conected
INFO 2026-08-07 10:20:49.386 op_record.py:83 Loaded failure_reset_pose from /home/hpc/.cache/huggingface/lerobot/failure_reset_pose/piper_follower_my_piper_follower.json
INFO 2026-08-07 10:20:49.392 ls/utils.py:229 Homing arms to default pose
INFO 2026-08-07 10:20:56.612 t_record.py:315 First episode: leader + follower slowly homed to default (all-zero) pose.
INFO 2026-08-07 10:20:56.613 ls/utils.py:229 Recording episode 0
INFO 2026-08-07 10:21:44.925 ls/utils.py:229 Stop recording
INFO 2026-08-07 10:21:46.265 a_opencv.py:592 OpenCVCamera(6) disconnected.
INFO 2026-08-07 10:21:46.293 a_opencv.py:592 OpenCVCamera(12) disconnected.
INFO 2026-08-07 10:21:46.293 follower.py:349 my_piper_follower PiperFollower disconnected.
INFO 2026-08-07 10:21:46.293 r_leader.py:491 my_piper_leader PiperLeader disconnected.
INFO 2026-08-07 10:21:46.293 ls/utils.py:229 Exiting
INFO 2026-08-07 10:47:58.701 t_record.py:513 Human-in-loop recording is enabled. Press 'i' to toggle takeover. Press 's' to mark success and end, 'f' to mark failure and end. Recorded `action` is the executed action. Policy output (when policy is enabled) is stored in `complementary_info.policy_action`. Collector source is stored in `complementary_info.collector_policy_id`. ACP inference: enable=False use_cfg=False cfg_beta=1.000.
INFO 2026-08-07 10:47:58.707 t_record.py:549 Quality-event labeling enabled (source=/home/hpc/yuzhang/Evo-RL-loop-0707/scripts/event_config.json): events=['bad_depth', 'bad_edge'], key_bindings={'d': ['bad_depth'], 'e': ['bad_edge'], 'a': ['bad_depth', 'bad_edge']}
INFO 2026-08-07 10:47:58.708 t_record.py:556 {'acp_inference': {'cfg_beta': 1.0, 'enable': False, 'use_cfg': False},
 'collector_policy_id_human': 'human',
 'collector_policy_id_policy': 'pi05_packageSorting_rlt_6k_0805_evoRL',
 'communication_retry_interval_s': 0.1,
 'communication_retry_timeout_s': 2.0,
 'dataset': {'episode_time_s': 900000,
             'fps': 30,
             'num_episodes': 14,
             'num_image_writer_processes': 0,
             'num_image_writer_threads_per_camera': 4,
             'private': False,
             'push_to_hub': False,
             'rename_map': {},
             'repo_id': 'local_data',
             'reset_time_s': 1,
             'root': '/home/hpc/yuzhang/datasets/spi05_packageSorting_rlt_6k_0805_evoRL_test1',
             'single_task': 'You are a parcel sorter. First, Grab the package '
                            'and place it on the pallet. Then, Flip the '
                            'package if the barcode is not facing up. Finally, '
                            'Grab the scanned package and place it into the '
                            'box.',
             'tags': None,
             'vcodec': 'libsvtav1',
             'video': True,
             'video_encoding_batch_size': 1},
 'default_episode_success': 'failure',
 'display_compressed_images': False,
 'display_data': True,
 'display_ip': None,
 'display_port': None,
 'enable_collector_policy_id': True,
 'enable_episode_outcome_labeling': True,
 'enable_quality_event_labeling': True,
 'episode_failure_key': 'f',
 'episode_success_key': 's',
 'event_config_path': '/home/hpc/yuzhang/Evo-RL-loop-0707/scripts/event_config.json',
 'intervention_state_machine_enabled': True,
 'intervention_toggle_key': 'i',
 'play_sounds': True,
 'policy': {'action_expert_variant': 'gemma_300m',
            'chunk_size': 50,
            'compile_mode': 'max-autotune',
            'compile_model': False,
            'device': 'cuda',
            'dtype': 'bfloat16',
            'empty_cameras': 0,
            'freeze_vision_encoder': False,
            'gradient_checkpointing': False,
            'image_resolution': (224, 224),
            'input_features': {'observation.images.top': {'shape': (3,
                                                                    480,
                                                                    640),
                                                          'type': <FeatureType.VISUAL: 'VISUAL'>},
                               'observation.images.wrist': {'shape': (3,
                                                                      480,
                                                                      640),
                                                            'type': <FeatureType.VISUAL: 'VISUAL'>},
                               'observation.state': {'shape': (7,),
                                                     'type': <FeatureType.STATE: 'STATE'>}},
            'license': None,
            'max_action_dim': 32,
            'max_period': 4.0,
            'max_state_dim': 32,
            'min_period': 0.004,
            'n_action_steps': 50,
            'n_obs_steps': 1,
            'normalization_mapping': {'ACTION': <NormalizationMode.QUANTILES: 'QUANTILES'>,
                                      'STATE': <NormalizationMode.QUANTILES: 'QUANTILES'>,
                                      'VISUAL': <NormalizationMode.IDENTITY: 'IDENTITY'>},
            'num_inference_steps': 10,
            'optimizer_betas': (0.9, 0.95),
            'optimizer_eps': 1e-08,
            'optimizer_grad_clip_norm': 1.0,
            'optimizer_lr': 2.5e-05,
            'optimizer_weight_decay': 0.01,
            'output_features': {'action': {'shape': (7,),
                                           'type': <FeatureType.ACTION: 'ACTION'>}},
            'paligemma_variant': 'gemma_2b',
            'pretrained_path': '/home/hpc/yuzhang/outputs/pi05_packageSorting_rlt_6k_0805_evoRL',
            'private': None,
            'push_to_hub': False,
            'repo_id': 'local_policy_model',
            'rtc_config': None,
            'scheduler_decay_lr': 2.5e-06,
            'scheduler_decay_steps': 30000,
            'scheduler_warmup_steps': 1000,
            'tags': None,
            'time_sampling_beta_alpha': 1.5,
            'time_sampling_beta_beta': 1.0,
            'time_sampling_offset': 0.001,
            'time_sampling_scale': 0.999,
            'tokenizer_max_length': 200,
            'tokenizer_name': 'google/paligemma-3b-pt-224',
            'train_expert_only': True,
            'use_amp': False,
            'use_peft': False},
 'policy_sync_parallel': True,
 'policy_sync_to_teleop': True,
 'require_episode_success_label': False,
 'reset_episode_key': 'r',
 'reset_on_timeout': False,
 'resume': False,
 'robot': {'calibration_dir': None,
           'calibration_scale': 1000,
           'cameras': {'top': {'backend': <Cv2Backends.ANY: 0>,
                               'color_mode': <ColorMode.RGB: 'rgb'>,
                               'fourcc': None,
                               'fps': 30,
                               'height': 480,
                               'index_or_path': 12,
                               'rotation': <Cv2Rotation.NO_ROTATION: 0>,
                               'warmup_s': 1,
                               'width': 640},
                       'wrist': {'backend': <Cv2Backends.ANY: 0>,
                                 'color_mode': <ColorMode.RGB: 'rgb'>,
                                 'fourcc': None,
                                 'fps': 30,
                                 'height': 480,
                                 'index_or_path': 6,
                                 'rotation': <Cv2Rotation.NO_ROTATION: 0>,
                                 'warmup_s': 1,
                                 'width': 640}},
           'can_auto_init': True,
           'disable_on_disconnect': False,
           'enable_on_connect': True,
           'enable_timeout_s': 3.0,
           'gripper_effort_default': 1000,
           'gripper_status_code': 1,
           'high_follow': True,
           'id': 'my_piper_follower',
           'judge_flag': False,
           'log_level': 'WARNING',
           'mode_refresh_interval_s': 1.0,
           'port': 'can1',
           'require_calibration': True,
           'speed_ratio': 50,
           'startup_sleep_s': 0.1,
           'sync_gripper': True},
 'teleop': {'calibration_dir': None,
            'calibration_scale': 1000,
            'can_auto_init': True,
            'command_high_follow': True,
            'command_speed_ratio': 50,
            'disable_on_disconnect': False,
            'enable_timeout_s': 3.0,
            'fallback_to_feedback': True,
            'gravity_comp_base_rpy_deg': (0.0, 0.0, 0.0),
            'gravity_comp_control_hz': 200.0,
            'gravity_comp_mit_kd': 0.0,
            'gravity_comp_mit_kp': 0.0,
            'gravity_comp_torque_limit': 8.0,
            'gravity_comp_tx_ratio': (0.2, 0.2, 0.2, 0.2, 0.2, 0.2),
            'gripper_effort_default': 1000,
            'gripper_status_code': 1,
            'id': 'my_piper_leader',
            'judge_flag': False,
            'log_level': 'WARNING',
            'manual_control': True,
            'mode_refresh_interval_s': 1.0,
            'port': 'can0',
            'prefer_ctrl_messages': True,
            'require_calibration': True,
            'startup_sleep_s': 0.1,
            'sync_gripper': True}}
INFO 2026-08-07 10:47:58.738 t_record.py:584 dataset_features: {'action': {'dtype': 'float32', 'names': ['joint_1.pos', 'joint_2.pos', 'joint_3.pos', 'joint_4.pos', 'joint_5.pos', 'joint_6.pos', 'gripper.pos'], 'shape': (7,)}, 'observation.state': {'dtype': 'float32', 'names': ['joint_1.pos', 'joint_2.pos', 'joint_3.pos', 'joint_4.pos', 'joint_5.pos', 'joint_6.pos', 'gripper.pos'], 'shape': (7,)}, 'observation.images.wrist': {'dtype': 'video', 'shape': (480, 640, 3), 'names': ['height', 'width', 'channels']}, 'observation.images.top': {'dtype': 'video', 'shape': (480, 640, 3), 'names': ['height', 'width', 'channels']}}
INFO 2026-08-07 10:47:58.738 t_record.py:598 dataset_features: {'action': {'dtype': 'float32', 'names': ['joint_1.pos', 'joint_2.pos', 'joint_3.pos', 'joint_4.pos', 'joint_5.pos', 'joint_6.pos', 'gripper.pos'], 'shape': (7,)}, 'observation.state': {'dtype': 'float32', 'names': ['joint_1.pos', 'joint_2.pos', 'joint_3.pos', 'joint_4.pos', 'joint_5.pos', 'joint_6.pos', 'gripper.pos'], 'shape': (7,)}, 'observation.images.wrist': {'dtype': 'video', 'shape': (480, 640, 3), 'names': ['height', 'width', 'channels']}, 'observation.images.top': {'dtype': 'video', 'shape': (480, 640, 3), 'names': ['height', 'width', 'channels']}, 'complementary_info.policy_action': {'dtype': 'float32', 'shape': (7,), 'names': ['joint_1.pos', 'joint_2.pos', 'joint_3.pos', 'joint_4.pos', 'joint_5.pos', 'joint_6.pos', 'gripper.pos']}, 'complementary_info.is_intervention': {'dtype': 'float32', 'shape': (1,), 'names': ['is_intervention']}, 'complementary_info.state': {'dtype': 'float32', 'shape': (1,), 'names': ['state']}, 'complementary_info.collector_policy_id': {'dtype': 'string', 'shape': (1,), 'names': ['collector_policy_id']}, 'complementary_info.bad_depth': {'dtype': 'float32', 'shape': (1,), 'names': ['bad_depth']}, 'complementary_info.bad_edge': {'dtype': 'float32', 'shape': (1,), 'names': ['bad_edge']}}
WARNING 2026-08-07 10:48:25.054 ng_pi05.py:1118 Vision embedding key might need handling: model.paligemma_with_expert.paligemma.model.vision_tower.vision_model.embeddings.patch_embedding.bias
WARNING 2026-08-07 10:48:25.054 ng_pi05.py:1118 Vision embedding key might need handling: model.paligemma_with_expert.paligemma.model.vision_tower.vision_model.embeddings.patch_embedding.weight
INFO 2026-08-07 10:48:29.046 a_opencv.py:179 OpenCVCamera(6) connected.
INFO 2026-08-07 10:48:30.270 a_opencv.py:179 OpenCVCamera(12) connected.
INFO 2026-08-07 10:48:30.270 follower.py:139 my_piper_follower PiperFollower connected.
INFO 2026-08-07 10:48:31.443 r_leader.py:130 my_piper_leader PiperLeader connected.
INFO 2026-08-07 10:48:31.443 t_record.py:662 robot and teleop all conected
INFO 2026-08-07 10:48:31.448 op_record.py:83 Loaded failure_reset_pose from /home/hpc/.cache/huggingface/lerobot/failure_reset_pose/piper_follower_my_piper_follower.json
INFO 2026-08-07 10:48:31.450 ls/utils.py:229 Homing arms to default pose
INFO 2026-08-07 10:48:38.635 t_record.py:315 First episode: leader + follower slowly homed to default (all-zero) pose.
INFO 2026-08-07 10:48:38.637 ls/utils.py:229 Recording episode 0
INFO 2026-08-07 10:49:09.894 ls/utils.py:229 Stop recording
INFO 2026-08-07 10:49:11.242 a_opencv.py:592 OpenCVCamera(6) disconnected.
INFO 2026-08-07 10:49:11.265 a_opencv.py:592 OpenCVCamera(12) disconnected.
INFO 2026-08-07 10:49:11.266 follower.py:349 my_piper_follower PiperFollower disconnected.
INFO 2026-08-07 10:49:11.266 r_leader.py:491 my_piper_leader PiperLeader disconnected.
INFO 2026-08-07 10:49:11.266 ls/utils.py:229 Exiting
INFO 2026-08-07 10:58:19.147 t_record.py:513 Human-in-loop recording is enabled. Press 'i' to toggle takeover. Press 's' to mark success and end, 'f' to mark failure and end. Recorded `action` is the executed action. Policy output (when policy is enabled) is stored in `complementary_info.policy_action`. Collector source is stored in `complementary_info.collector_policy_id`. ACP inference: enable=False use_cfg=False cfg_beta=1.000.
INFO 2026-08-07 10:58:19.150 t_record.py:549 Quality-event labeling enabled (source=/home/hpc/yuzhang/Evo-RL-loop-0707/scripts/event_config.json): events=['bad_depth', 'bad_edge'], key_bindings={'d': ['bad_depth'], 'e': ['bad_edge'], 'a': ['bad_depth', 'bad_edge']}
INFO 2026-08-07 10:58:19.151 t_record.py:556 {'acp_inference': {'cfg_beta': 1.0, 'enable': False, 'use_cfg': False},
 'collector_policy_id_human': 'human',
 'collector_policy_id_policy': 'pi05_packageSorting_rlt_6k_0805_evoRL',
 'communication_retry_interval_s': 0.1,
 'communication_retry_timeout_s': 2.0,
 'dataset': {'episode_time_s': 900000,
             'fps': 30,
             'num_episodes': 14,
             'num_image_writer_processes': 0,
             'num_image_writer_threads_per_camera': 4,
             'private': False,
             'push_to_hub': False,
             'rename_map': {},
             'repo_id': 'local_data',
             'reset_time_s': 1,
             'root': '/home/hpc/yuzhang/datasets/spi05_packageSorting_rlt_6k_0805_evoRL_test1',
             'single_task': 'You are a parcel sorter. First, Grab the package '
                            'and place it on the pallet. Then, Flip the '
                            'package if the barcode is not facing up. Finally, '
                            'Grab the scanned package and place it into the '
                            'box.',
             'tags': None,
             'vcodec': 'libsvtav1',
             'video': True,
             'video_encoding_batch_size': 1},
 'default_episode_success': 'failure',
 'display_compressed_images': False,
 'display_data': True,
 'display_ip': None,
 'display_port': None,
 'enable_collector_policy_id': True,
 'enable_episode_outcome_labeling': True,
 'enable_quality_event_labeling': True,
 'episode_failure_key': 'f',
 'episode_success_key': 's',
 'event_config_path': '/home/hpc/yuzhang/Evo-RL-loop-0707/scripts/event_config.json',
 'intervention_state_machine_enabled': True,
 'intervention_toggle_key': 'i',
 'play_sounds': True,
 'policy': {'action_expert_variant': 'gemma_300m',
            'chunk_size': 50,
            'compile_mode': 'max-autotune',
            'compile_model': False,
            'device': 'cuda',
            'dtype': 'bfloat16',
            'empty_cameras': 0,
            'freeze_vision_encoder': False,
            'gradient_checkpointing': False,
            'image_resolution': (224, 224),
            'input_features': {'observation.images.top': {'shape': (3,
                                                                    480,
                                                                    640),
                                                          'type': <FeatureType.VISUAL: 'VISUAL'>},
                               'observation.images.wrist': {'shape': (3,
                                                                      480,
                                                                      640),
                                                            'type': <FeatureType.VISUAL: 'VISUAL'>},
                               'observation.state': {'shape': (7,),
                                                     'type': <FeatureType.STATE: 'STATE'>}},
            'license': None,
            'max_action_dim': 32,
            'max_period': 4.0,
            'max_state_dim': 32,
            'min_period': 0.004,
            'n_action_steps': 50,
            'n_obs_steps': 1,
            'normalization_mapping': {'ACTION': <NormalizationMode.QUANTILES: 'QUANTILES'>,
                                      'STATE': <NormalizationMode.QUANTILES: 'QUANTILES'>,
                                      'VISUAL': <NormalizationMode.IDENTITY: 'IDENTITY'>},
            'num_inference_steps': 10,
            'optimizer_betas': (0.9, 0.95),
            'optimizer_eps': 1e-08,
            'optimizer_grad_clip_norm': 1.0,
            'optimizer_lr': 2.5e-05,
            'optimizer_weight_decay': 0.01,
            'output_features': {'action': {'shape': (7,),
                                           'type': <FeatureType.ACTION: 'ACTION'>}},
            'paligemma_variant': 'gemma_2b',
            'pretrained_path': '/home/hpc/yuzhang/outputs/pi05_packageSorting_rlt_6k_0805_evoRL',
            'private': None,
            'push_to_hub': False,
            'repo_id': 'local_policy_model',
            'rtc_config': None,
            'scheduler_decay_lr': 2.5e-06,
            'scheduler_decay_steps': 30000,
            'scheduler_warmup_steps': 1000,
            'tags': None,
            'time_sampling_beta_alpha': 1.5,
            'time_sampling_beta_beta': 1.0,
            'time_sampling_offset': 0.001,
            'time_sampling_scale': 0.999,
            'tokenizer_max_length': 200,
            'tokenizer_name': 'google/paligemma-3b-pt-224',
            'train_expert_only': True,
            'use_amp': False,
            'use_peft': False},
 'policy_sync_parallel': True,
 'policy_sync_to_teleop': True,
 'require_episode_success_label': False,
 'reset_episode_key': 'r',
 'reset_on_timeout': False,
 'resume': False,
 'robot': {'calibration_dir': None,
           'calibration_scale': 1000,
           'cameras': {'top': {'backend': <Cv2Backends.ANY: 0>,
                               'color_mode': <ColorMode.RGB: 'rgb'>,
                               'fourcc': None,
                               'fps': 30,
                               'height': 480,
                               'index_or_path': 12,
                               'rotation': <Cv2Rotation.NO_ROTATION: 0>,
                               'warmup_s': 1,
                               'width': 640},
                       'wrist': {'backend': <Cv2Backends.ANY: 0>,
                                 'color_mode': <ColorMode.RGB: 'rgb'>,
                                 'fourcc': None,
                                 'fps': 30,
                                 'height': 480,
                                 'index_or_path': 6,
                                 'rotation': <Cv2Rotation.NO_ROTATION: 0>,
                                 'warmup_s': 1,
                                 'width': 640}},
           'can_auto_init': True,
           'disable_on_disconnect': False,
           'enable_on_connect': True,
           'enable_timeout_s': 3.0,
           'gripper_effort_default': 1000,
           'gripper_status_code': 1,
           'high_follow': True,
           'id': 'my_piper_follower',
           'judge_flag': False,
           'log_level': 'WARNING',
           'mode_refresh_interval_s': 1.0,
           'port': 'can1',
           'require_calibration': True,
           'speed_ratio': 50,
           'startup_sleep_s': 0.1,
           'sync_gripper': True},
 'teleop': {'calibration_dir': None,
            'calibration_scale': 1000,
            'can_auto_init': True,
            'command_high_follow': True,
            'command_speed_ratio': 50,
            'disable_on_disconnect': False,
            'enable_timeout_s': 3.0,
            'fallback_to_feedback': True,
            'gravity_comp_base_rpy_deg': (0.0, 0.0, 0.0),
            'gravity_comp_control_hz': 200.0,
            'gravity_comp_mit_kd': 0.0,
            'gravity_comp_mit_kp': 0.0,
            'gravity_comp_torque_limit': 8.0,
            'gravity_comp_tx_ratio': (0.2, 0.2, 0.2, 0.2, 0.2, 0.2),
            'gripper_effort_default': 1000,
            'gripper_status_code': 1,
            'id': 'my_piper_leader',
            'judge_flag': False,
            'log_level': 'WARNING',
            'manual_control': True,
            'mode_refresh_interval_s': 1.0,
            'port': 'can0',
            'prefer_ctrl_messages': True,
            'require_calibration': True,
            'startup_sleep_s': 0.1,
            'sync_gripper': True}}
INFO 2026-08-07 10:58:19.167 t_record.py:584 dataset_features: {'action': {'dtype': 'float32', 'names': ['joint_1.pos', 'joint_2.pos', 'joint_3.pos', 'joint_4.pos', 'joint_5.pos', 'joint_6.pos', 'gripper.pos'], 'shape': (7,)}, 'observation.state': {'dtype': 'float32', 'names': ['joint_1.pos', 'joint_2.pos', 'joint_3.pos', 'joint_4.pos', 'joint_5.pos', 'joint_6.pos', 'gripper.pos'], 'shape': (7,)}, 'observation.images.wrist': {'dtype': 'video', 'shape': (480, 640, 3), 'names': ['height', 'width', 'channels']}, 'observation.images.top': {'dtype': 'video', 'shape': (480, 640, 3), 'names': ['height', 'width', 'channels']}}
INFO 2026-08-07 10:58:19.167 t_record.py:598 dataset_features: {'action': {'dtype': 'float32', 'names': ['joint_1.pos', 'joint_2.pos', 'joint_3.pos', 'joint_4.pos', 'joint_5.pos', 'joint_6.pos', 'gripper.pos'], 'shape': (7,)}, 'observation.state': {'dtype': 'float32', 'names': ['joint_1.pos', 'joint_2.pos', 'joint_3.pos', 'joint_4.pos', 'joint_5.pos', 'joint_6.pos', 'gripper.pos'], 'shape': (7,)}, 'observation.images.wrist': {'dtype': 'video', 'shape': (480, 640, 3), 'names': ['height', 'width', 'channels']}, 'observation.images.top': {'dtype': 'video', 'shape': (480, 640, 3), 'names': ['height', 'width', 'channels']}, 'complementary_info.policy_action': {'dtype': 'float32', 'shape': (7,), 'names': ['joint_1.pos', 'joint_2.pos', 'joint_3.pos', 'joint_4.pos', 'joint_5.pos', 'joint_6.pos', 'gripper.pos']}, 'complementary_info.is_intervention': {'dtype': 'float32', 'shape': (1,), 'names': ['is_intervention']}, 'complementary_info.state': {'dtype': 'float32', 'shape': (1,), 'names': ['state']}, 'complementary_info.collector_policy_id': {'dtype': 'string', 'shape': (1,), 'names': ['collector_policy_id']}, 'complementary_info.bad_depth': {'dtype': 'float32', 'shape': (1,), 'names': ['bad_depth']}, 'complementary_info.bad_edge': {'dtype': 'float32', 'shape': (1,), 'names': ['bad_edge']}}
WARNING 2026-08-07 10:58:47.089 ng_pi05.py:1118 Vision embedding key might need handling: model.paligemma_with_expert.paligemma.model.vision_tower.vision_model.embeddings.patch_embedding.bias
WARNING 2026-08-07 10:58:47.089 ng_pi05.py:1118 Vision embedding key might need handling: model.paligemma_with_expert.paligemma.model.vision_tower.vision_model.embeddings.patch_embedding.weight
INFO 2026-08-07 10:58:54.432 a_opencv.py:179 OpenCVCamera(6) connected.
INFO 2026-08-07 10:58:55.655 a_opencv.py:179 OpenCVCamera(12) connected.
INFO 2026-08-07 10:58:55.656 follower.py:139 my_piper_follower PiperFollower connected.
INFO 2026-08-07 10:58:57.139 r_leader.py:130 my_piper_leader PiperLeader connected.
INFO 2026-08-07 10:58:57.140 t_record.py:662 robot and teleop all conected
INFO 2026-08-07 10:58:57.149 op_record.py:83 Loaded failure_reset_pose from /home/hpc/.cache/huggingface/lerobot/failure_reset_pose/piper_follower_my_piper_follower.json
INFO 2026-08-07 10:58:57.169 ls/utils.py:229 Homing arms to default pose
INFO 2026-08-07 10:59:04.300 t_record.py:315 First episode: leader + follower slowly homed to default (all-zero) pose.
INFO 2026-08-07 10:59:04.310 ls/utils.py:229 Recording episode 0
INFO 2026-08-07 10:59:28.300 ls/utils.py:229 Stop recording
INFO 2026-08-07 10:59:29.626 a_opencv.py:592 OpenCVCamera(6) disconnected.
INFO 2026-08-07 10:59:29.646 a_opencv.py:592 OpenCVCamera(12) disconnected.
INFO 2026-08-07 10:59:29.647 follower.py:349 my_piper_follower PiperFollower disconnected.
INFO 2026-08-07 10:59:29.647 r_leader.py:491 my_piper_leader PiperLeader disconnected.
INFO 2026-08-07 10:59:29.647 ls/utils.py:229 Exiting
INFO 2026-08-07 11:10:17.098 t_record.py:513 Human-in-loop recording is enabled. Press 'i' to toggle takeover. Press 's' to mark success and end, 'f' to mark failure and end. Recorded `action` is the executed action. Policy output (when policy is enabled) is stored in `complementary_info.policy_action`. Collector source is stored in `complementary_info.collector_policy_id`. ACP inference: enable=False use_cfg=False cfg_beta=1.000.
INFO 2026-08-07 11:10:17.127 t_record.py:549 Quality-event labeling enabled (source=/home/hpc/yuzhang/Evo-RL-loop-0707/scripts/event_config.json): events=['bad_depth', 'bad_edge'], key_bindings={'d': ['bad_depth'], 'e': ['bad_edge'], 'a': ['bad_depth', 'bad_edge']}
INFO 2026-08-07 11:10:17.128 t_record.py:556 {'acp_inference': {'cfg_beta': 1.0, 'enable': False, 'use_cfg': False},
 'collector_policy_id_human': 'human',
 'collector_policy_id_policy': 'pi05_packageSorting_rlt_6k_0805_evoRL',
 'communication_retry_interval_s': 0.1,
 'communication_retry_timeout_s': 2.0,
 'dataset': {'episode_time_s': 900000,
             'fps': 30,
             'num_episodes': 14,
             'num_image_writer_processes': 0,
             'num_image_writer_threads_per_camera': 4,
             'private': False,
             'push_to_hub': False,
             'rename_map': {},
             'repo_id': 'local_data',
             'reset_time_s': 1,
             'root': '/home/hpc/yuzhang/datasets/spi05_packageSorting_rlt_6k_0805_evoRL_test1',
             'single_task': 'You are a parcel sorter. First, Grab the package '
                            'and place it on the pallet. Then, Flip the '
                            'package if the barcode is not facing up. Finally, '
                            'Grab the scanned package and place it into the '
                            'box.',
             'tags': None,
             'vcodec': 'libsvtav1',
             'video': True,
             'video_encoding_batch_size': 1},
 'default_episode_success': 'failure',
 'display_compressed_images': False,
 'display_data': True,
 'display_ip': None,
 'display_port': None,
 'enable_collector_policy_id': True,
 'enable_episode_outcome_labeling': True,
 'enable_quality_event_labeling': True,
 'episode_failure_key': 'f',
 'episode_success_key': 's',
 'event_config_path': '/home/hpc/yuzhang/Evo-RL-loop-0707/scripts/event_config.json',
 'intervention_state_machine_enabled': True,
 'intervention_toggle_key': 'i',
 'play_sounds': True,
 'policy': {'action_expert_variant': 'gemma_300m',
            'chunk_size': 50,
            'compile_mode': 'max-autotune',
            'compile_model': False,
            'device': 'cuda',
            'dtype': 'bfloat16',
            'empty_cameras': 0,
            'freeze_vision_encoder': False,
            'gradient_checkpointing': False,
            'image_resolution': (224, 224),
            'input_features': {'observation.images.top': {'shape': (3,
                                                                    480,
                                                                    640),
                                                          'type': <FeatureType.VISUAL: 'VISUAL'>},
                               'observation.images.wrist': {'shape': (3,
                                                                      480,
                                                                      640),
                                                            'type': <FeatureType.VISUAL: 'VISUAL'>},
                               'observation.state': {'shape': (7,),
                                                     'type': <FeatureType.STATE: 'STATE'>}},
            'license': None,
            'max_action_dim': 32,
            'max_period': 4.0,
            'max_state_dim': 32,
            'min_period': 0.004,
            'n_action_steps': 50,
            'n_obs_steps': 1,
            'normalization_mapping': {'ACTION': <NormalizationMode.QUANTILES: 'QUANTILES'>,
                                      'STATE': <NormalizationMode.QUANTILES: 'QUANTILES'>,
                                      'VISUAL': <NormalizationMode.IDENTITY: 'IDENTITY'>},
            'num_inference_steps': 10,
            'optimizer_betas': (0.9, 0.95),
            'optimizer_eps': 1e-08,
            'optimizer_grad_clip_norm': 1.0,
            'optimizer_lr': 2.5e-05,
            'optimizer_weight_decay': 0.01,
            'output_features': {'action': {'shape': (7,),
                                           'type': <FeatureType.ACTION: 'ACTION'>}},
            'paligemma_variant': 'gemma_2b',
            'pretrained_path': '/home/hpc/yuzhang/outputs/pi05_packageSorting_rlt_6k_0805_evoRL',
            'private': None,
            'push_to_hub': False,
            'repo_id': 'local_policy_model',
            'rtc_config': None,
            'scheduler_decay_lr': 2.5e-06,
            'scheduler_decay_steps': 30000,
            'scheduler_warmup_steps': 1000,
            'tags': None,
            'time_sampling_beta_alpha': 1.5,
            'time_sampling_beta_beta': 1.0,
            'time_sampling_offset': 0.001,
            'time_sampling_scale': 0.999,
            'tokenizer_max_length': 200,
            'tokenizer_name': 'google/paligemma-3b-pt-224',
            'train_expert_only': True,
            'use_amp': False,
            'use_peft': False},
 'policy_sync_parallel': True,
 'policy_sync_to_teleop': True,
 'require_episode_success_label': False,
 'reset_episode_key': 'r',
 'reset_on_timeout': False,
 'resume': False,
 'robot': {'calibration_dir': None,
           'calibration_scale': 1000,
           'cameras': {'top': {'backend': <Cv2Backends.ANY: 0>,
                               'color_mode': <ColorMode.RGB: 'rgb'>,
                               'fourcc': None,
                               'fps': 30,
                               'height': 480,
                               'index_or_path': 12,
                               'rotation': <Cv2Rotation.NO_ROTATION: 0>,
                               'warmup_s': 1,
                               'width': 640},
                       'wrist': {'backend': <Cv2Backends.ANY: 0>,
                                 'color_mode': <ColorMode.RGB: 'rgb'>,
                                 'fourcc': None,
                                 'fps': 30,
                                 'height': 480,
                                 'index_or_path': 6,
                                 'rotation': <Cv2Rotation.NO_ROTATION: 0>,
                                 'warmup_s': 1,
                                 'width': 640}},
           'can_auto_init': True,
           'disable_on_disconnect': False,
           'enable_on_connect': True,
           'enable_timeout_s': 3.0,
           'gripper_effort_default': 1000,
           'gripper_status_code': 1,
           'high_follow': True,
           'id': 'my_piper_follower',
           'judge_flag': False,
           'log_level': 'WARNING',
           'mode_refresh_interval_s': 1.0,
           'port': 'can1',
           'require_calibration': True,
           'speed_ratio': 50,
           'startup_sleep_s': 0.1,
           'sync_gripper': True},
 'teleop': {'calibration_dir': None,
            'calibration_scale': 1000,
            'can_auto_init': True,
            'command_high_follow': True,
            'command_speed_ratio': 50,
            'disable_on_disconnect': False,
            'enable_timeout_s': 3.0,
            'fallback_to_feedback': True,
            'gravity_comp_base_rpy_deg': (0.0, 0.0, 0.0),
            'gravity_comp_control_hz': 200.0,
            'gravity_comp_mit_kd': 0.0,
            'gravity_comp_mit_kp': 0.0,
            'gravity_comp_torque_limit': 8.0,
            'gravity_comp_tx_ratio': (0.2, 0.2, 0.2, 0.2, 0.2, 0.2),
            'gripper_effort_default': 1000,
            'gripper_status_code': 1,
            'id': 'my_piper_leader',
            'judge_flag': False,
            'log_level': 'WARNING',
            'manual_control': True,
            'mode_refresh_interval_s': 1.0,
            'port': 'can0',
            'prefer_ctrl_messages': True,
            'require_calibration': True,
            'startup_sleep_s': 0.1,
            'sync_gripper': True}}
INFO 2026-08-07 11:10:17.141 t_record.py:584 dataset_features: {'action': {'dtype': 'float32', 'names': ['joint_1.pos', 'joint_2.pos', 'joint_3.pos', 'joint_4.pos', 'joint_5.pos', 'joint_6.pos', 'gripper.pos'], 'shape': (7,)}, 'observation.state': {'dtype': 'float32', 'names': ['joint_1.pos', 'joint_2.pos', 'joint_3.pos', 'joint_4.pos', 'joint_5.pos', 'joint_6.pos', 'gripper.pos'], 'shape': (7,)}, 'observation.images.wrist': {'dtype': 'video', 'shape': (480, 640, 3), 'names': ['height', 'width', 'channels']}, 'observation.images.top': {'dtype': 'video', 'shape': (480, 640, 3), 'names': ['height', 'width', 'channels']}}
INFO 2026-08-07 11:10:17.141 t_record.py:598 dataset_features: {'action': {'dtype': 'float32', 'names': ['joint_1.pos', 'joint_2.pos', 'joint_3.pos', 'joint_4.pos', 'joint_5.pos', 'joint_6.pos', 'gripper.pos'], 'shape': (7,)}, 'observation.state': {'dtype': 'float32', 'names': ['joint_1.pos', 'joint_2.pos', 'joint_3.pos', 'joint_4.pos', 'joint_5.pos', 'joint_6.pos', 'gripper.pos'], 'shape': (7,)}, 'observation.images.wrist': {'dtype': 'video', 'shape': (480, 640, 3), 'names': ['height', 'width', 'channels']}, 'observation.images.top': {'dtype': 'video', 'shape': (480, 640, 3), 'names': ['height', 'width', 'channels']}, 'complementary_info.policy_action': {'dtype': 'float32', 'shape': (7,), 'names': ['joint_1.pos', 'joint_2.pos', 'joint_3.pos', 'joint_4.pos', 'joint_5.pos', 'joint_6.pos', 'gripper.pos']}, 'complementary_info.is_intervention': {'dtype': 'float32', 'shape': (1,), 'names': ['is_intervention']}, 'complementary_info.state': {'dtype': 'float32', 'shape': (1,), 'names': ['state']}, 'complementary_info.collector_policy_id': {'dtype': 'string', 'shape': (1,), 'names': ['collector_policy_id']}, 'complementary_info.bad_depth': {'dtype': 'float32', 'shape': (1,), 'names': ['bad_depth']}, 'complementary_info.bad_edge': {'dtype': 'float32', 'shape': (1,), 'names': ['bad_edge']}}
WARNING 2026-08-07 11:10:44.828 ng_pi05.py:1118 Vision embedding key might need handling: model.paligemma_with_expert.paligemma.model.vision_tower.vision_model.embeddings.patch_embedding.bias
WARNING 2026-08-07 11:10:44.828 ng_pi05.py:1118 Vision embedding key might need handling: model.paligemma_with_expert.paligemma.model.vision_tower.vision_model.embeddings.patch_embedding.weight
INFO 2026-08-07 11:10:49.522 a_opencv.py:179 OpenCVCamera(6) connected.
INFO 2026-08-07 11:10:50.746 a_opencv.py:179 OpenCVCamera(12) connected.
INFO 2026-08-07 11:10:50.746 follower.py:139 my_piper_follower PiperFollower connected.
INFO 2026-08-07 11:10:51.733 r_leader.py:130 my_piper_leader PiperLeader connected.
INFO 2026-08-07 11:10:51.733 t_record.py:662 robot and teleop all conected
INFO 2026-08-07 11:10:51.739 op_record.py:83 Loaded failure_reset_pose from /home/hpc/.cache/huggingface/lerobot/failure_reset_pose/piper_follower_my_piper_follower.json
INFO 2026-08-07 11:10:51.743 ls/utils.py:229 Homing arms to default pose
INFO 2026-08-07 11:10:58.840 t_record.py:315 First episode: leader + follower slowly homed to default (all-zero) pose.
INFO 2026-08-07 11:10:58.840 ls/utils.py:229 Recording episode 0
INFO 2026-08-07 11:11:20.719 ls/utils.py:229 Stop recording
INFO 2026-08-07 11:11:22.045 a_opencv.py:592 OpenCVCamera(6) disconnected.
INFO 2026-08-07 11:11:22.068 a_opencv.py:592 OpenCVCamera(12) disconnected.
INFO 2026-08-07 11:11:22.068 follower.py:349 my_piper_follower PiperFollower disconnected.
INFO 2026-08-07 11:11:22.068 r_leader.py:491 my_piper_leader PiperLeader disconnected.
INFO 2026-08-07 11:11:22.068 ls/utils.py:229 Exiting
